customer_id,name,email,signup_date,city,country,age,gender,age_missing,city_missing,gender_missing
1,allison hill,donaldgarcia@example.net,2019-08-17,Sydney,Australia,63.0,M,False,False,False
2,angie henderson,davisjesse@example.net,2023-02-25,Sydney,Australia,21.0,F,False,False,False
3,cristian santos,lrobinson@example.com,2021-10-31,Toronto,Canada,17.0,M,False,False,False
4,abigail shaffer,jpeterson@example.org,2020-03-27,Manchester,UK,53.0,M,False,False,False
5,gabrielle davis,howardmaurice@example.com,2022-11-30,Chicago,USA,37.0,M,False,False,False
6,monica herrera,smiller@example.net,2019-07-09,Los Angeles,USA,22.0,F,False,False,False
7,shannon ray,williamsjeremy@example.com,2023-02-03,New York,USA,50.0,F,False,False,False
8,dr. sharon james,xreid@example.org,2023-08-26,Vancouver,Canada,55.0,F,False,False,False
9,daniel adams,lynchgeorge@example.net,2019-04-04,Los Angeles,USA,65.0,F,False,False,False
10,joel nelson,gabriellecameron@example.org,2021-02-17,Los Angeles,USA,45.0,F,False,False,False
11,andrew stewart,carl95@example.org,2022-10-04,Toronto,Canada,60.0,M,False,False,False
12,jennifer rocha,ithomas@example.org,2021-12-29,Chicago,USA,26.0,Other,False,False,False
13,kimberly burgess,zhurst@example.com,2022-02-14,Melbourne,Australia,59.0,F,False,False,False
14,zachary hicks,camposmichelle@example.org,2019-03-07,Mumbai,India,41.0,Other,False,False,False
15,rebecca henderson,cruzcaitlin@example.com,2023-01-10,Bangkok,Thailand,29.0,M,False,False,False
16,tricia valencia,frazierdanny@example.net,2019-10-20,Berlin,Germany,24.0,F,False,False,False
17,patricia peterson,ryan70@example.net,2021-05-27,Paris,France,41.0,F,False,False,False
18,deborah mason,williamrodriguez@example.net,2019-07-06,Berlin,Germany,71.0,M,False,False,False
19,mark lynch,nathanielmartin@example.net,2022-05-06,Manchester,UK,40.0,M,False,False,False
20,linda burns,hickmannatasha@example.com,2023-10-29,Munich,Germany,59.0,M,False,False,False
21,david bradley,millertodd@example.org,2023-04-24,Vancouver,Canada,37.0,F,False,False,False
22,kim martinez,karroyo@example.com,2023-11-29,Melbourne,Australia,48.0,F,False,False,False
23,lisa brandt,jenniferross@example.net,2020-09-03,Sydney,Australia,48.0,M,False,False,False
24,jessica holmes,wrightcaleb@example.org,2024-05-06,Munich,Germany,,F,True,False,False
25,crystal robinson,zimmermanbrian@example.org,2021-01-13,Bangkok,Thailand,,Other,True,False,False
26,shannon jones,joshuawashington@example.net,2023-02-07,Los Angeles,USA,68.0,M,False,False,False
27,timothy duncan,esanchez@example.com,2022-09-13,Chicago,USA,51.0,M,False,False,False
28,brent jordan,ujenkins@example.org,2024-03-17,Toronto,Canada,64.0,F,False,False,False
29,victoria garcia,zchandler@example.org,2022-08-23,Sydney,Australia,44.0,F,False,False,False
30,connor west,dwhite@example.org,2020-11-23,Los Angeles,USA,53.0,F,False,False,False
31,angela morton,williamsyvette@example.org,2022-07-16,Melbourne,Australia,30.0,F,False,False,False
32,tammy allison,richardolson@example.com,2020-05-02,Munich,Germany,58.0,M,False,False,False
33,carmen smith,ybaker@example.com,2022-03-15,Bangkok,Thailand,46.0,F,False,False,False
34,michael cross,smoore@example.org,2019-07-18,Los Angeles,USA,43.0,M,False,False,False
35,lauren daniels,brian97@example.net,2022-10-11,New York,USA,57.0,F,False,False,False
36,kim brown,yorkcasey@example.org,2019-08-12,Mumbai,India,28.0,F,False,False,False
37,cynthia wilson,bethwilliams@example.org,2021-08-05,Vancouver,Canada,71.0,M,False,False,False
38,kevin mills,james53@example.com,2019-07-20,Munich,Germany,57.0,,False,False,True
39,michael evans,sarah10@example.com,2023-03-24,Bangkok,Thailand,26.0,M,False,False,False
40,kristine garcia,williamanderson@example.com,2019-05-01,Bangkok,Thailand,,Other,True,False,False
41,sherry wood,samueldaniels@example.com,2021-07-20,Singapore,Singapore,43.0,M,False,False,False
42,victoria valdez,contrerasangela@example.net,2023-01-11,Sydney,Australia,25.0,F,False,False,False
43,shawn baker,newtoneric@example.com,2022-01-15,Melbourne,Australia,63.0,M,False,False,False
44,michelle harris,william40@example.org,2023-10-13,Bangkok,Thailand,,M,True,False,False
45,sandra williams,kellie42@example.net,2022-05-03,Los Angeles,USA,59.0,Other,False,False,False
46,michael hoffman,jonesnicole@example.org,2020-05-19,Paris,France,,M,True,False,False
47,sandra aguilar,russellwilliams@example.com,2021-12-06,Paris,France,75.0,F,False,False,False
48,rebecca valencia,jason31@example.com,2021-03-21,Vancouver,Canada,58.0,Other,False,False,False
49,stacey russell,sarayoung@example.org,2019-05-29,Bangkok,Thailand,45.0,F,False,False,False
50,rita keith,whitesandra@example.com,2020-03-12,Munich,Germany,32.0,F,False,False,False
51,sharon cochran,erik16@example.org,2021-01-26,Toronto,Canada,26.0,F,False,False,False
52,courtney velasquez,ybailey@example.org,2022-09-01,Singapore,Singapore,16.0,Other,False,False,False
53,matthew ross,michelle45@example.net,2024-04-06,Los Angeles,USA,32.0,M,False,False,False
54,meghan anthony,sheila14@example.org,2020-07-31,Vancouver,Canada,29.0,M,False,False,False
55,victoria johnson,yreed@example.com,2021-11-01,Vancouver,Canada,32.0,F,False,False,False
56,william wilson,jonathanfletcher@example.org,2023-08-26,Manchester,UK,,M,True,False,False
57,renee mcdaniel,michaeljones@example.net,2019-11-27,Vancouver,Canada,51.0,F,False,False,False
58,lisa alvarado,cortezkevin@example.com,2022-11-16,Bangkok,Thailand,,M,True,False,False
59,erika terry,jamesortega@example.com,2019-09-19,Manchester,UK,35.0,,False,False,True
60,stephanie gilbert,richard04@example.com,2024-01-15,New York,USA,29.0,F,False,False,False
61,richard lawson,steven73@example.net,2023-12-16,Munich,Germany,55.0,F,False,False,False
62,steven flynn,donnacampbell@example.net,2024-06-22,Chicago,USA,72.0,Other,False,False,False
63,frances cardenas,emilywalker@example.org,2024-03-21,Singapore,Singapore,67.0,F,False,False,False
64,angel riggs,gibsonolivia@example.net,2023-06-01,Chicago,USA,40.0,F,False,False,False
65,michael snyder,dylanwatts@example.org,2024-02-24,Mumbai,India,38.0,F,False,False,False
66,colleen brock,pwilliams@example.org,2022-09-13,New York,USA,41.0,,False,False,True
67,robert contreras,stephanie79@example.net,2020-12-20,Vancouver,Canada,48.0,M,False,False,False
68,jessica meadows,vmerritt@example.com,2019-08-25,New York,USA,27.0,F,False,False,False
69,paul larsen,katie87@example.net,2021-06-08,Paris,France,62.0,,False,False,True
70,jeremiah reeves,josephflores@example.net,2021-02-27,Los Angeles,USA,28.0,F,False,False,False
71,chris reyes,jasminebrown@example.com,2023-07-10,Bangkok,Thailand,59.0,M,False,False,False
72,john brown,xprice@example.net,2021-06-02,London,UK,58.0,M,False,False,False
73,alicia gilmore,wwoods@example.com,2023-01-14,Los Angeles,USA,48.0,F,False,False,False
74,sarah ashley,vmedina@example.net,2022-02-09,Vancouver,Canada,28.0,M,False,False,False
75,stephanie freeman,ryan06@example.com,2019-12-23,Bangkok,Thailand,52.0,F,False,False,False
76,rebecca ramsey,ncalhoun@example.net,2020-03-06,Vancouver,Canada,66.0,M,False,False,False
77,james elliott,millerroy@example.com,2022-10-15,Berlin,Germany,48.0,M,False,False,False
78,david murphy,wmurphy@example.com,2022-09-11,Chicago,USA,34.0,F,False,False,False
79,trevor fisher,ruizkaitlyn@example.org,2024-05-03,Mumbai,India,59.0,F,False,False,False
80,mrs. marie harrington dds,herringjames@example.org,2020-05-16,New York,USA,55.0,F,False,False,False
81,cynthia wells,elliottjeffery@example.net,2022-03-24,Sydney,Australia,61.0,F,False,False,False
82,jacob obrien,stricklandfrank@example.com,2022-11-09,Sydney,Australia,73.0,F,False,False,False
83,alexander collins,tsanders@example.org,2020-03-24,Manchester,UK,67.0,F,False,False,False
84,michael burton,terrykevin@example.net,2024-02-22,Toronto,Canada,45.0,M,False,False,False
85,barbara riggs,reedross@example.com,2022-05-04,Munich,Germany,64.0,M,False,False,False
86,matthew smith,gshort@example.com,2021-05-23,Munich,Germany,44.0,M,False,False,False
87,madison poole,ryangross@example.net,2023-03-20,Vancouver,Canada,69.0,M,False,False,False
88,robert medina,umarshall@example.net,2020-05-04,Sydney,Australia,44.0,F,False,False,False
89,samuel rivas,ramirezshannon@example.com,2024-01-03,London,UK,21.0,M,False,False,False
90,mary rogers,lrosales@example.com,2020-03-14,Melbourne,Australia,42.0,F,False,False,False
91,robert peterson,angela83@example.org,2023-09-02,Toronto,Canada,40.0,M,False,False,False
92,jason peters,hannahbrewer@example.com,2023-12-09,Mumbai,India,40.0,F,False,False,False
93,alan phillips,tholt@example.net,2023-10-14,Manchester,UK,50.0,M,False,False,False
94,kara schmidt,jbarajas@example.com,2021-09-26,,Canada,33.0,F,False,True,False
95,jesse parker,davidlee@example.org,2023-06-23,Sydney,Australia,62.0,F,False,False,False
96,tiffany vaughn,javierwashington@example.net,2021-12-29,Paris,France,74.0,F,False,False,False
97,paige carlson,wallkenneth@example.com,2021-05-27,Sydney,Australia,71.0,F,False,False,False
98,adrian ferguson,brandon08@example.com,2021-07-20,Toronto,Canada,37.0,M,False,False,False
99,beth oneill,agarcia@example.net,2021-05-13,,India,69.0,M,False,True,False
100,john peterson,kingmichelle@example.org,2020-04-04,London,UK,20.0,M,False,False,False
101,jennifer jones,hernandezlisa@example.com,2020-02-13,Toronto,Canada,55.0,M,False,False,False
102,david grant,yobrien@example.net,2024-04-25,Paris,France,45.0,F,False,False,False
103,joseph hayes,levans@example.com,2024-05-27,Paris,France,65.0,F,False,False,False
104,marc lynch,mezajared@example.org,2024-03-17,New York,USA,52.0,F,False,False,False
105,brad allen,moorericky@example.net,2020-02-11,Melbourne,Australia,53.0,F,False,False,False
106,doris hall,jacqueline71@example.net,2020-09-09,Singapore,Singapore,67.0,M,False,False,False
107,dennis moody,ronaldstephens@example.net,2021-12-27,London,UK,58.0,F,False,False,False
108,derek thomas,martinkyle@example.net,2021-05-10,Mumbai,India,22.0,M,False,False,False
109,tammy gonzales,sbarker@example.com,2022-12-19,Berlin,Germany,43.0,M,False,False,False
110,kathryn snyder,georgepamela@example.net,2023-07-14,Paris,France,65.0,M,False,False,False
111,david davis,keyemily@example.com,2020-10-22,Vancouver,Canada,69.0,F,False,False,False
112,pamela thompson,lmoon@example.net,2021-08-09,Singapore,Singapore,55.0,M,False,False,False
113,robert costa,vbailey@example.com,2020-01-08,London,UK,29.0,F,False,False,False
114,shannon rivera,zroberts@example.net,2022-12-07,Paris,France,,F,True,False,False
115,brandon king,cordovarichard@example.net,2021-04-12,Melbourne,Australia,51.0,M,False,False,False
116,april booth,mgutierrez@example.net,2021-07-06,Berlin,Germany,21.0,F,False,False,False
117,peter garrett,harrisandrea@example.com,2022-04-06,Sydney,Australia,46.0,,False,False,True
118,michael martinez,jennifercollins@example.org,2020-11-08,Munich,Germany,60.0,F,False,False,False
119,anna gay,murraydavid@example.org,2020-01-30,Melbourne,Australia,23.0,M,False,False,False
120,dr. jordan hill phd,jsanchez@example.org,2020-03-19,Toronto,Canada,33.0,M,False,False,False
121,thomas romero,michellehill@example.com,2019-07-25,Vancouver,Canada,34.0,F,False,False,False
122,richard adams,campbellkenneth@example.net,2019-09-17,Munich,Germany,18.0,M,False,False,False
123,mary grimes,wryan@example.com,2022-07-30,Chicago,USA,22.0,M,False,False,False
124,kimberly gibson,molly39@example.com,2020-11-28,Berlin,Germany,19.0,F,False,False,False
125,reginald williams,zthornton@example.com,2021-03-31,Los Angeles,USA,20.0,F,False,False,False
126,matthew hoover,tylerjohnson@example.net,2022-02-26,Singapore,Singapore,21.0,M,False,False,False
127,evelyn garcia,dgarcia@example.org,2022-05-05,Paris,France,30.0,M,False,False,False
128,jennifer pena,charlesharrington@example.com,2023-10-28,Vancouver,Canada,43.0,M,False,False,False
129,michael santos,melissa86@example.com,2019-07-23,Melbourne,Australia,56.0,F,False,False,False
130,stacy freeman,williamsonjimmy@example.net,2022-02-04,Chicago,USA,,M,True,False,False
131,yolanda francis,wgood@example.net,2019-03-08,Vancouver,Canada,34.0,F,False,False,False
132,ashlee jackson,rebecca05@example.org,2020-04-23,Sydney,Australia,66.0,M,False,False,False
133,james thomas,yknight@example.org,2021-05-20,Toronto,Canada,50.0,F,False,False,False
134,bob pitts,tyleraguilar@example.org,2019-05-27,Chicago,USA,26.0,M,False,False,False
135,david scott,nolansteven@example.com,2020-08-14,Bangkok,Thailand,23.0,F,False,False,False
136,brooke alexander,vanessa46@example.net,2021-10-21,Vancouver,Canada,47.0,M,False,False,False
137,ryan gonzalez,gcastaneda@example.org,2020-10-22,Melbourne,Australia,,M,True,False,False
138,ian phillips,andrew64@example.org,2022-03-24,Mumbai,India,17.0,F,False,False,False
139,melissa garner,lozanojulie@example.com,2023-04-12,New York,USA,46.0,F,False,False,False
140,crystal pham,danaoliver@example.net,2021-06-11,Paris,France,68.0,F,False,False,False
141,patricia becker,courtneyberger@example.net,2020-10-19,London,UK,70.0,M,False,False,False
142,richard johnson,jessica14@example.com,2024-04-19,Sydney,Australia,68.0,F,False,False,False
143,casey anderson,alyssa42@example.com,2020-10-24,Vancouver,Canada,65.0,,False,False,True
144,terry coffey,julie51@example.com,2023-11-16,Sydney,Australia,45.0,F,False,False,False
145,brenda levy,zcoffey@example.net,2021-10-17,Singapore,Singapore,44.0,M,False,False,False
146,richard smith,gibsonemily@example.net,2020-08-12,Bangkok,Thailand,72.0,,False,False,True
147,james little,daniel37@example.org,2023-06-25,Paris,France,61.0,M,False,False,False
148,terri murphy,deborahreid@example.com,2020-04-05,Los Angeles,USA,45.0,F,False,False,False
149,elizabeth ortiz,brandonjohnson@example.com,2023-01-07,Bangkok,Thailand,48.0,M,False,False,False
150,david medina,qchavez@example.net,2020-05-14,Berlin,Germany,51.0,M,False,False,False
151,kimberly matthews,nicolepena@example.com,2023-12-06,Melbourne,Australia,71.0,M,False,False,False
152,teresa ramirez,jeff73@example.com,2024-03-28,London,UK,33.0,F,False,False,False
153,michael stephens,bruce43@example.org,2022-04-02,Paris,France,71.0,F,False,False,False
154,samantha davis,darleneharper@example.org,2023-04-12,Munich,Germany,40.0,F,False,False,False
155,gavin zhang,caseyhubbard@example.org,2020-05-04,Melbourne,Australia,40.0,F,False,False,False
156,robin hall,kristinacarlson@example.com,2021-08-26,Melbourne,Australia,40.0,M,False,False,False
157,brianna anderson,lauren10@example.org,2021-10-11,Chicago,USA,24.0,M,False,False,False
158,richard young,alfred40@example.org,2023-09-27,Mumbai,India,22.0,M,False,False,False
159,kelly reese,xwest@example.net,2023-11-19,Manchester,UK,25.0,F,False,False,False
160,jodi walker,acostaregina@example.net,2022-11-19,Paris,France,57.0,M,False,False,False
161,judith maynard,lutzmelanie@example.com,2021-02-17,Munich,Germany,56.0,M,False,False,False
162,katherine browning,lammarc@example.org,2022-06-18,New York,USA,31.0,,False,False,True
163,donald schultz,oscar98@example.com,2019-07-05,Melbourne,Australia,22.0,F,False,False,False
164,larry garcia,farrelldebra@example.net,2022-11-22,Chicago,USA,,F,True,False,False
165,cindy hayes,robertwilcox@example.com,2021-02-06,London,UK,25.0,M,False,False,False
166,brandon simmons,nicholas27@example.org,2019-12-15,Chicago,USA,21.0,M,False,False,False
167,bradley reynolds,lisa80@example.net,2024-02-13,Berlin,Germany,25.0,F,False,False,False
168,kristina santiago,qgomez@example.com,2019-01-20,Sydney,Australia,73.0,F,False,False,False
169,michelle schmitt,michael98@example.org,2022-04-18,London,UK,56.0,F,False,False,False
170,john boone,megan51@example.com,2020-02-12,Vancouver,Canada,70.0,M,False,False,False
171,renee bruce,lynchdiane@example.net,2020-08-28,Paris,France,17.0,F,False,False,False
172,christopher park,sandra50@example.org,2023-11-07,Paris,France,74.0,M,False,False,False
173,kylie morales,joycebonilla@example.org,2023-05-08,Vancouver,Canada,54.0,F,False,False,False
174,cindy barnes,eric45@example.net,2022-10-20,Vancouver,Canada,56.0,F,False,False,False
175,sophia moore,craigjoseph@example.net,2021-06-21,Singapore,Singapore,53.0,M,False,False,False
176,lawrence perry,kariwilson@example.com,2023-03-11,London,UK,27.0,M,False,False,False
177,michael watkins,brandon69@example.org,2021-12-23,London,UK,74.0,M,False,False,False
178,eric clark,kathrynroberts@example.org,2024-06-04,Berlin,Germany,63.0,M,False,False,False
179,paul thompson,opatel@example.net,2019-10-16,Los Angeles,USA,71.0,F,False,False,False
180,mary gomez,chensley@example.com,2023-07-06,Mumbai,India,39.0,F,False,False,False
181,thomas atkins,tberry@example.net,2021-07-20,Los Angeles,USA,59.0,F,False,False,False
182,brian smith,george97@example.net,2024-04-09,Sydney,Australia,22.0,M,False,False,False
183,anita richard,ryanmorales@example.org,2020-11-02,Munich,Germany,30.0,M,False,False,False
184,eric morgan,kimberly18@example.net,2020-09-10,Melbourne,Australia,42.0,F,False,False,False
185,jordan bullock,michael23@example.org,2019-08-26,Berlin,Germany,31.0,F,False,False,False
186,craig morrison,thompsonkendra@example.com,2024-04-28,Sydney,Australia,42.0,M,False,False,False
187,justin riley,michelle52@example.com,2019-07-22,Sydney,Australia,55.0,F,False,False,False
188,jeremy turner,brittany58@example.org,2020-03-20,London,UK,44.0,F,False,False,False
189,jesse brown,chase19@example.net,2021-01-22,Sydney,Australia,73.0,F,False,False,False
190,julie spencer,colelisa@example.net,2024-06-05,Toronto,Canada,70.0,F,False,False,False
191,larry mason,hayeslisa@example.com,2022-05-07,Sydney,Australia,19.0,F,False,False,False
192,mrs. maria williams,hritter@example.net,2020-02-25,Paris,France,69.0,F,False,False,False
193,helen hardin,vortiz@example.net,2020-04-22,Mumbai,India,65.0,F,False,False,False
194,rachel holland,riveraangela@example.com,2019-10-24,Mumbai,India,50.0,M,False,False,False
195,nathaniel douglas,mathewaguilar@example.org,2019-09-27,New York,USA,38.0,F,False,False,False
196,emily douglas,tanderson@example.org,2020-06-27,Chicago,USA,24.0,M,False,False,False
197,james conner,elizabethcalderon@example.net,2021-07-07,Berlin,Germany,48.0,F,False,False,False
198,susan davis dds,andrew42@example.org,2019-03-30,Paris,France,49.0,F,False,False,False
199,ralph lee,ericphillips@example.org,2023-10-02,Berlin,Germany,43.0,M,False,False,False
200,kimberly rodgers,stanleynancy@example.net,2024-01-16,Los Angeles,USA,36.0,F,False,False,False
201,james martin,jenniferwilliams@example.com,2022-04-13,Sydney,Australia,61.0,M,False,False,False
202,cynthia wallace,karen73@example.net,2021-11-01,Berlin,Germany,43.0,M,False,False,False
203,vincent mueller,michealvalentine@example.com,2023-12-03,Sydney,Australia,62.0,M,False,False,False
204,douglas reyes,mburch@example.net,2020-11-25,Manchester,UK,41.0,F,False,False,False
205,david davidson,angela18@example.org,2020-06-06,Sydney,Australia,25.0,F,False,False,False
206,phillip nelson,mariahdavis@example.org,2019-07-10,Los Angeles,USA,22.0,F,False,False,False
207,stacey arias,gbrown@example.com,2022-04-16,New York,USA,51.0,F,False,False,False
208,zachary brooks,florescory@example.net,2024-04-11,Sydney,Australia,71.0,F,False,False,False
209,raven taylor,samantha72@example.net,2020-12-21,Vancouver,Canada,52.0,M,False,False,False
210,luis bullock,scottmary@example.net,2019-08-10,Mumbai,India,70.0,F,False,False,False
211,lisa henderson,john10@example.org,2023-07-12,Toronto,Canada,70.0,M,False,False,False
212,riley bryant,copelandvincent@example.net,2022-08-09,Sydney,Australia,17.0,M,False,False,False
213,jose allen,kellysmith@example.com,2020-01-05,New York,USA,60.0,F,False,False,False
214,jason beck,millsmichael@example.net,2023-11-17,Chicago,USA,52.0,M,False,False,False
215,rachel romero,myerstheodore@example.net,2019-07-07,New York,USA,29.0,F,False,False,False
216,james burgess,kristina53@example.net,2023-01-17,Vancouver,Canada,65.0,M,False,False,False
217,ashley perkins,dennis58@example.com,2019-11-19,Chicago,USA,19.0,M,False,False,False
218,carrie maxwell,epollard@example.net,2022-05-28,Berlin,Germany,42.0,F,False,False,False
219,chad baldwin,mjohnson@example.org,2019-08-16,Manchester,UK,59.0,M,False,False,False
220,stacey stewart,zachary87@example.com,2020-03-27,New York,USA,,Other,True,False,False
221,matthew mitchell,glennmartin@example.org,2019-10-09,,Singapore,34.0,M,False,True,False
222,jessica ross,ykline@example.com,2019-09-22,Chicago,USA,50.0,M,False,False,False
223,kathleen jimenez,laurie61@example.com,2020-12-26,Singapore,Singapore,41.0,F,False,False,False
224,samantha gardner,curtis54@example.com,2019-06-09,Bangkok,Thailand,52.0,M,False,False,False
225,mitchell jackson,cbell@example.net,2019-08-24,Vancouver,Canada,17.0,Other,False,False,False
226,heather bolton,danielle01@example.net,2023-08-31,Berlin,Germany,21.0,F,False,False,False
227,heidi owen,stephaniethomas@example.net,2021-12-09,Manchester,UK,41.0,F,False,False,False
228,jessica martinez,kimberlydiaz@example.com,2019-12-11,Singapore,Singapore,48.0,F,False,False,False
229,amanda hernandez,xrush@example.com,2020-12-16,Singapore,Singapore,62.0,F,False,False,False
230,laura moreno,redwards@example.org,2019-10-27,Los Angeles,USA,28.0,M,False,False,False
231,allison lopez,hmcintyre@example.com,2019-12-29,Los Angeles,USA,47.0,M,False,False,False
232,michele lewis,heather73@example.org,2024-03-07,Sydney,Australia,57.0,M,False,False,False
233,benjamin thompson,zosborn@example.net,2020-10-09,Sydney,Australia,44.0,F,False,False,False
234,victoria contreras,piercekelly@example.com,2022-04-26,Vancouver,Canada,38.0,F,False,False,False
235,michelle ho,laurahicks@example.org,2021-01-25,New York,USA,20.0,F,False,False,False
236,dr. cynthia snyder,angela57@example.net,2021-11-04,Paris,France,45.0,M,False,False,False
237,stephen jones,ukey@example.com,2021-07-10,New York,USA,57.0,M,False,False,False
238,patricia morrow,martinezlogan@example.org,2021-07-11,New York,USA,67.0,M,False,False,False
239,michael cooper,katrinaanderson@example.net,2022-08-16,Munich,Germany,18.0,F,False,False,False
240,amy martinez,kevinmartin@example.net,2022-06-02,Munich,Germany,39.0,F,False,False,False
241,travis stone,meghan43@example.net,2022-10-22,London,UK,19.0,F,False,False,False
242,denise weber,shawgary@example.net,2022-02-16,Los Angeles,USA,34.0,,False,False,True
243,matthew le,megan90@example.org,2023-11-24,Paris,France,37.0,M,False,False,False
244,travis wise,debra96@example.net,2024-06-04,Vancouver,Canada,60.0,M,False,False,False
245,kathleen burton,dawn47@example.org,2020-09-26,Los Angeles,USA,40.0,F,False,False,False
246,melinda evans,barkereric@example.com,2023-08-25,Melbourne,Australia,21.0,F,False,False,False
247,mr. lawrence edwards,jessica56@example.org,2020-09-24,London,UK,29.0,F,False,False,False
248,kayla rodriguez,stevenadams@example.org,2019-11-14,Chicago,USA,34.0,M,False,False,False
249,anthony dougherty,kwright@example.com,2023-02-21,Mumbai,India,18.0,M,False,False,False
250,michelle lee,tyronerobertson@example.com,2021-02-10,Paris,France,26.0,M,False,False,False
251,kathleen davis,pwagner@example.org,2019-12-06,Bangkok,Thailand,18.0,F,False,False,False
252,amber campbell,amitchell@example.org,2022-06-04,Berlin,Germany,64.0,M,False,False,False
253,stephen luna,zdiaz@example.org,2024-05-31,Vancouver,Canada,73.0,Other,False,False,False
254,chloe tran,hughesshannon@example.net,2021-08-03,Berlin,Germany,65.0,,False,False,True
255,william becker,andersoncolin@example.com,2020-02-13,Mumbai,India,24.0,M,False,False,False
256,gina mcmillan,jameshicks@example.net,2022-02-09,London,UK,61.0,F,False,False,False
257,andrew reeves,jstone@example.net,2019-11-25,Singapore,Singapore,44.0,F,False,False,False
258,brenda velazquez,francisco94@example.net,2020-03-30,,Thailand,72.0,F,False,True,False
259,ronald patel,thomas05@example.com,2021-02-04,Munich,Germany,40.0,F,False,False,False
260,veronica silva,carlsonjoseph@example.net,2019-07-22,Bangkok,Thailand,37.0,F,False,False,False
261,paula lane,silvageorge@example.net,2021-08-25,Mumbai,India,64.0,F,False,False,False
262,patricia james,anthonyvaughan@example.org,2019-02-08,Los Angeles,USA,29.0,M,False,False,False
263,jeremy barnes,avaughn@example.net,2021-05-16,Munich,Germany,65.0,F,False,False,False
264,tami salas,thorntonapril@example.net,2022-08-01,Manchester,UK,45.0,M,False,False,False
265,matthew fox,sue78@example.com,2019-02-03,Munich,Germany,48.0,F,False,False,False
266,megan dillon,chelsea33@example.com,2022-06-13,New York,USA,31.0,M,False,False,False
267,courtney dudley,kellie37@example.com,2024-06-19,Munich,Germany,20.0,M,False,False,False
268,justin michael,keith98@example.com,2022-02-08,Munich,Germany,40.0,F,False,False,False
269,jennifer reed,kellyroberts@example.net,2020-06-03,London,UK,38.0,M,False,False,False
270,thomas douglas,ilewis@example.com,2019-08-01,Sydney,Australia,63.0,F,False,False,False
271,melissa taylor,johnsantiago@example.net,2023-07-25,London,UK,27.0,,False,False,True
272,david garcia,jennifer12@example.org,2022-07-17,Berlin,Germany,67.0,Other,False,False,False
273,vanessa moore,mwoods@example.com,2020-08-23,New York,USA,18.0,F,False,False,False
274,matthew velez,pearsonjesse@example.net,2021-11-21,Vancouver,Canada,68.0,M,False,False,False
275,taylor gentry,robertmonroe@example.org,2020-08-08,Toronto,Canada,71.0,F,False,False,False
276,jennifer simpson dvm,nancy04@example.net,2023-06-26,Los Angeles,USA,43.0,M,False,False,False
277,tanya rogers,ihays@example.net,2020-11-25,Manchester,UK,47.0,M,False,False,False
278,todd rosales md,lisarivera@example.net,2023-06-29,Vancouver,Canada,62.0,,False,False,True
279,david lopez,krystal93@example.org,2022-01-22,Chicago,USA,36.0,F,False,False,False
280,margaret sullivan,frobertson@example.com,2022-05-19,Berlin,Germany,26.0,F,False,False,False
281,cathy taylor,shari04@example.com,2024-02-10,Mumbai,India,55.0,,False,False,True
282,paul finley,brandi90@example.com,2019-06-03,New York,USA,41.0,M,False,False,False
283,melissa brown,marshallerik@example.net,2019-10-20,New York,USA,59.0,F,False,False,False
284,stephanie padilla,hannah45@example.net,2022-08-14,Singapore,Singapore,39.0,M,False,False,False
285,tyler mendoza,madkins@example.com,2021-07-10,Sydney,Australia,39.0,F,False,False,False
286,joshua ruiz,kathleenbecker@example.net,2021-03-26,London,UK,57.0,F,False,False,False
287,angela griffin,christian91@example.org,2021-10-19,Chicago,USA,40.0,M,False,False,False
288,stephanie harris,franklinbond@example.com,2021-07-02,Melbourne,Australia,55.0,M,False,False,False
289,daniel aguilar,nolansean@example.org,2019-10-05,Los Angeles,USA,44.0,,False,False,True
290,jose bryant,hansenemily@example.com,2022-10-28,Singapore,Singapore,58.0,M,False,False,False
291,jennifer velasquez,bethwilliams@example.com,2020-09-06,Bangkok,Thailand,61.0,F,False,False,False
292,kimberly brown,andersenthomas@example.com,2021-11-07,London,UK,23.0,F,False,False,False
293,randy cannon,ybrooks@example.com,2019-02-23,Berlin,Germany,51.0,,False,False,True
294,susan bennett,desireebailey@example.org,2022-06-07,Chicago,USA,20.0,M,False,False,False
295,jenna anderson dvm,avilatiffany@example.com,2021-04-21,Munich,Germany,68.0,F,False,False,False
296,kimberly patel,johnreed@example.com,2021-07-10,Los Angeles,USA,59.0,M,False,False,False
297,shaun cannon,pachecorobert@example.org,2022-08-03,Munich,Germany,27.0,M,False,False,False
298,austin wheeler,tharper@example.org,2019-04-24,Mumbai,India,49.0,F,False,False,False
299,andrew gonzales,karenparsons@example.org,2020-04-06,Melbourne,Australia,49.0,F,False,False,False
300,donna cabrera,barbara53@example.com,2024-05-12,Sydney,Australia,33.0,M,False,False,False
301,victoria boyd,dturner@example.net,2022-08-05,Munich,Germany,53.0,M,False,False,False
302,sheryl buck,dpeters@example.com,2024-01-22,Melbourne,Australia,37.0,M,False,False,False
303,megan floyd,heather62@example.com,2019-06-16,New York,USA,57.0,F,False,False,False
304,paul wells,kevinzimmerman@example.com,2021-05-03,Paris,France,,M,True,False,False
305,kristina faulkner,paulscott@example.com,2024-05-13,Sydney,Australia,46.0,F,False,False,False
306,tammy boone,nicholsmaria@example.org,2019-05-30,Berlin,Germany,26.0,F,False,False,False
307,michael morrison,lopezkathleen@example.net,2019-10-22,Paris,France,71.0,M,False,False,False
308,claire clark,kevin03@example.org,2019-09-25,Manchester,UK,48.0,M,False,False,False
309,autumn key,srocha@example.net,2021-07-09,Vancouver,Canada,25.0,F,False,False,False
310,jennifer allen,kimberly67@example.net,2021-05-06,Paris,France,71.0,Other,False,False,False
311,elizabeth ward,zowens@example.net,2020-10-02,Melbourne,Australia,64.0,M,False,False,False
312,ryan rocha,lawrence09@example.org,2020-09-23,Bangkok,Thailand,17.0,F,False,False,False
313,alexis tran,mphillips@example.com,2020-03-16,Toronto,Canada,,M,True,False,False
314,kelly sanchez,jonathan77@example.com,2022-09-01,Mumbai,India,34.0,F,False,False,False
315,robert jackson,iwhite@example.net,2020-06-25,Bangkok,Thailand,64.0,F,False,False,False
316,kelly combs,landryelizabeth@example.org,2020-02-03,Munich,Germany,51.0,F,False,False,False
317,ryan hall,albertwagner@example.com,2020-07-26,Munich,Germany,59.0,F,False,False,False
318,mark peck,bhopkins@example.org,2023-06-16,London,UK,51.0,F,False,False,False
319,jennifer smith,amanda40@example.net,2021-04-02,Munich,Germany,,F,True,False,False
320,megan drake,danieldavis@example.org,2021-11-29,Berlin,Germany,25.0,F,False,False,False
321,manuel king,joseph61@example.com,2020-10-14,Paris,France,41.0,F,False,False,False
322,judy sanchez,kevinclayton@example.org,2021-11-04,London,UK,50.0,M,False,False,False
323,shannon malone,sullivannicholas@example.com,2021-01-24,New York,USA,59.0,F,False,False,False
324,adam jackson,pbruce@example.com,2023-01-25,Bangkok,Thailand,17.0,M,False,False,False
325,shannon davis,hallrachel@example.net,2022-03-30,Singapore,Singapore,30.0,F,False,False,False
326,karen williams,cohenjuan@example.net,2023-01-16,Sydney,Australia,65.0,M,False,False,False
327,amanda mcfarland,alexis39@example.org,2022-03-18,New York,USA,,F,True,False,False
328,michelle sanders,evansanne@example.net,2020-02-22,Melbourne,Australia,48.0,M,False,False,False
329,jasmine mosley,patrick21@example.net,2023-01-29,Melbourne,Australia,61.0,F,False,False,False
330,haley davis,marypeterson@example.net,2021-09-06,Sydney,Australia,40.0,M,False,False,False
331,jennifer ayala,walterskristen@example.com,2022-01-23,London,UK,59.0,M,False,False,False
332,henry pugh md,nmiller@example.com,2020-06-25,Melbourne,Australia,46.0,M,False,False,False
333,michelle miller,normanbowers@example.org,2024-04-12,Toronto,Canada,65.0,M,False,False,False
334,emily rodriguez,hahnsean@example.com,2021-09-09,London,UK,51.0,F,False,False,False
335,brandon jordan,fgarcia@example.com,2022-03-20,Los Angeles,USA,40.0,F,False,False,False
336,linda mueller,asmith@example.com,2023-07-06,Singapore,Singapore,,F,True,False,False
337,misty hansen,ashleyjackson@example.com,2021-06-24,Bangkok,Thailand,32.0,M,False,False,False
338,derrick adams,bryanhamilton@example.com,2024-03-25,Vancouver,Canada,60.0,M,False,False,False
339,richard ward,jennifersimpson@example.net,2020-05-11,Toronto,Canada,58.0,F,False,False,False
340,brian torres,ncook@example.com,2021-04-26,Los Angeles,USA,61.0,F,False,False,False
341,erin cook,kevinmorrison@example.net,2024-06-25,Munich,Germany,42.0,M,False,False,False
342,ernest oconnell,kelly79@example.org,2020-02-13,Sydney,Australia,36.0,M,False,False,False
343,douglas hartman,daniel93@example.net,2022-03-21,Sydney,Australia,50.0,F,False,False,False
344,catherine saunders md,nhahn@example.com,2019-12-25,Bangkok,Thailand,72.0,F,False,False,False
345,sandra jones,ichambers@example.net,2021-03-24,Mumbai,India,27.0,Other,False,False,False
346,david moore,emccormick@example.com,2019-03-18,Bangkok,Thailand,35.0,,False,False,True
347,karen morales dds,ystephens@example.com,2021-07-19,Vancouver,Canada,50.0,F,False,False,False
348,robin wheeler,rodriguezjohn@example.net,2021-08-16,Munich,Germany,28.0,M,False,False,False
349,matthew williams,vrasmussen@example.com,2020-06-10,Sydney,Australia,16.0,M,False,False,False
350,brett walker,seanmyers@example.net,2020-01-31,Singapore,Singapore,55.0,M,False,False,False
351,kathryn cooper,webbkenneth@example.org,2020-11-02,Munich,Germany,41.0,F,False,False,False
352,todd thomas,matthew38@example.com,2024-03-31,London,UK,16.0,M,False,False,False
353,brent bowen,tflores@example.org,2020-09-10,London,UK,62.0,F,False,False,False
354,ashley sweeney,byrdfrank@example.net,2019-05-08,Toronto,Canada,45.0,M,False,False,False
355,christopher moore,omullen@example.com,2023-12-24,Bangkok,Thailand,60.0,F,False,False,False
356,charlotte sandoval,njohnson@example.org,2020-03-28,Paris,France,24.0,,False,False,True
357,jeffrey smith,jamiegoodwin@example.org,2021-05-01,London,UK,74.0,M,False,False,False
358,rebecca herrera,mark71@example.com,2023-04-10,Toronto,Canada,59.0,F,False,False,False
359,katherine church,candice96@example.net,2021-12-17,Berlin,Germany,20.0,M,False,False,False
360,harold ellis,lisamccarthy@example.com,2021-11-01,Bangkok,Thailand,52.0,M,False,False,False
361,leslie powers,david41@example.org,2019-08-27,Berlin,Germany,61.0,M,False,False,False
362,charles price,baileyhenderson@example.com,2019-04-24,Singapore,Singapore,24.0,F,False,False,False
363,melissa brewer,angelaburns@example.org,2022-10-09,Berlin,Germany,,F,True,False,False
364,ryan harvey,stephanie72@example.org,2022-03-30,Toronto,Canada,18.0,M,False,False,False
365,tracey wagner,fortiz@example.com,2024-03-29,New York,USA,75.0,F,False,False,False
366,jill jackson,flynnjeffrey@example.org,2023-04-18,Chicago,USA,62.0,,False,False,True
367,joshua jackson,xcunningham@example.com,2021-07-07,Manchester,UK,40.0,M,False,False,False
368,ashley wilson,amber07@example.net,2022-08-31,Chicago,USA,23.0,M,False,False,False
369,jeffery fitzgerald,kennethkidd@example.com,2024-06-27,,Australia,,F,True,True,False
370,scott miller,rowejoel@example.net,2023-01-12,Sydney,Australia,43.0,F,False,False,False
371,heather page,imartin@example.org,2019-11-14,London,UK,28.0,F,False,False,False
372,renee hudson,candice25@example.net,2022-09-14,Singapore,Singapore,55.0,F,False,False,False
373,kenneth farley,taylorkaren@example.com,2019-05-18,Toronto,Canada,,M,True,False,False
374,wendy camacho,jacquelineanderson@example.org,2020-05-16,New York,USA,41.0,M,False,False,False
375,sandra juarez,kburns@example.net,2019-04-26,Singapore,Singapore,48.0,M,False,False,False
376,jason hayes,powellkara@example.net,2020-10-15,Paris,France,54.0,F,False,False,False
377,jackie clements,brandi17@example.net,2019-10-21,Bangkok,Thailand,30.0,M,False,False,False
378,heather brown,brobinson@example.org,2023-12-07,Paris,France,56.0,F,False,False,False
379,frank campbell md,ashleewashington@example.com,2024-04-12,London,UK,58.0,M,False,False,False
380,pamela williams,ksmith@example.com,2019-11-02,Manchester,UK,40.0,F,False,False,False
381,william patterson,nicoleturner@example.com,2020-09-07,Toronto,Canada,67.0,F,False,False,False
382,isaac miller,brettgarrett@example.net,2022-02-15,Manchester,UK,24.0,F,False,False,False
383,cynthia rios,smiththomas@example.org,2024-03-03,Los Angeles,USA,70.0,M,False,False,False
384,kelly wallace,dominguezlisa@example.com,2020-07-03,New York,USA,59.0,F,False,False,False
385,karen perez,crosscurtis@example.com,2023-04-09,Singapore,Singapore,62.0,F,False,False,False
386,edwin reyes,darlenebyrd@example.org,2020-11-12,Bangkok,Thailand,,,True,False,True
387,alejandra santos,nbell@example.net,2023-03-10,Los Angeles,USA,74.0,F,False,False,False
388,tamara jensen,fheath@example.org,2020-05-05,Bangkok,Thailand,36.0,M,False,False,False
389,bryce blair,sylvia52@example.org,2020-09-23,London,UK,39.0,F,False,False,False
390,bradley tran,kimberly04@example.org,2021-08-19,Melbourne,Australia,74.0,F,False,False,False
391,katrina adkins,debbie37@example.com,2020-03-29,Mumbai,India,17.0,M,False,False,False
392,jonathan wheeler,hatfieldsarah@example.org,2020-08-27,Manchester,UK,28.0,M,False,False,False
393,ryan fisher,kathrynbest@example.org,2022-02-01,Berlin,Germany,59.0,M,False,False,False
394,austin baker,livingstonstacy@example.com,2022-08-07,Melbourne,Australia,45.0,F,False,False,False
395,lori mason,zhenderson@example.org,2022-01-24,Melbourne,Australia,27.0,M,False,False,False
396,kimberly hernandez,collinswilliam@example.org,2021-12-09,New York,USA,69.0,M,False,False,False
397,brittney murphy,collinssamuel@example.org,2019-01-14,Singapore,Singapore,24.0,M,False,False,False
398,brandon hamilton,dsalazar@example.com,2020-03-23,New York,USA,45.0,M,False,False,False
399,mary thompson,zimmermanjacqueline@example.org,2024-02-13,,France,58.0,M,False,True,False
400,gregory holmes phd,gary24@example.net,2019-02-04,New York,USA,62.0,F,False,False,False
401,patricia johnson,enelson@example.com,2022-11-30,Mumbai,India,67.0,M,False,False,False
402,laura jones,ddixon@example.com,2019-11-01,Munich,Germany,28.0,F,False,False,False
403,carol moore,shannonemily@example.org,2021-03-23,Singapore,Singapore,39.0,F,False,False,False
404,jordan williams,sanchezthomas@example.com,2020-04-07,Melbourne,Australia,59.0,,False,False,True
405,cassidy horne,tranrobin@example.net,2023-04-05,Sydney,Australia,21.0,M,False,False,False
406,courtney wright,joseph19@example.com,2019-01-20,Sydney,Australia,21.0,M,False,False,False
407,michael williams,lindajarvis@example.com,2024-06-24,Paris,France,73.0,F,False,False,False
408,john campbell,mark87@example.org,2022-11-18,Mumbai,India,46.0,M,False,False,False
409,eddie mueller,stevenvargas@example.com,2024-01-16,Vancouver,Canada,52.0,M,False,False,False
410,dr. morgan payne phd,adamortiz@example.org,2024-05-23,New York,USA,53.0,M,False,False,False
411,makayla steele,tapiaaaron@example.net,2019-06-07,Bangkok,Thailand,26.0,M,False,False,False
412,oscar parker,alyssaallen@example.com,2024-01-11,Sydney,Australia,37.0,M,False,False,False
413,valerie thomas,christopher38@example.com,2023-01-23,Melbourne,Australia,48.0,F,False,False,False
414,jacqueline villegas,carpenterwilliam@example.net,2023-09-14,Toronto,Canada,37.0,M,False,False,False
415,angela bradley,ibates@example.org,2020-10-30,Singapore,Singapore,56.0,M,False,False,False
416,samuel howe,vhaynes@example.com,2022-02-06,London,UK,43.0,F,False,False,False
417,dillon jones,derekcarrillo@example.org,2022-06-20,Singapore,Singapore,67.0,F,False,False,False
418,christopher owens,wmartinez@example.org,2022-12-28,Manchester,UK,25.0,F,False,False,False
419,john phelps,mooregina@example.net,2024-04-15,New York,USA,44.0,F,False,False,False
420,amanda huff,eddie35@example.com,2021-06-01,Chicago,USA,51.0,F,False,False,False
421,megan green,anthonysullivan@example.com,2022-02-09,London,UK,54.0,F,False,False,False
422,krista davis,laradonald@example.org,2021-04-27,Vancouver,Canada,65.0,M,False,False,False
423,richard walker,madisonwatson@example.net,2022-03-17,Toronto,Canada,26.0,F,False,False,False
424,angela willis,johnsoncaleb@example.net,2021-10-06,Vancouver,Canada,20.0,F,False,False,False
425,carl stein,david70@example.org,2019-06-07,Singapore,Singapore,32.0,M,False,False,False
426,jessica ramsey,rjohnson@example.com,2020-02-05,,France,22.0,F,False,True,False
427,daniel lopez,sean20@example.net,2022-06-24,Mumbai,India,67.0,F,False,False,False
428,danielle phillips,eandrade@example.org,2023-10-27,Mumbai,India,54.0,Other,False,False,False
429,james barnes,crystalpham@example.org,2021-09-08,Toronto,Canada,27.0,F,False,False,False
430,rachael howard dds,kcooper@example.net,2022-07-20,Melbourne,Australia,52.0,F,False,False,False
431,devin johnson,anthonycochran@example.com,2021-03-15,Singapore,Singapore,23.0,,False,False,True
432,william moreno,terrigarcia@example.net,2022-10-28,Chicago,USA,17.0,M,False,False,False
433,joseph moody,gallagherstacie@example.net,2023-06-22,Berlin,Germany,69.0,M,False,False,False
434,rebecca kelly,gregorywatkins@example.net,2022-10-10,Manchester,UK,24.0,M,False,False,False
435,suzanne johnson,stacey92@example.net,2021-05-16,Melbourne,Australia,20.0,M,False,False,False
436,sara cochran,lweaver@example.com,2021-11-03,Munich,Germany,,M,True,False,False
437,anthony guzman,foxaaron@example.net,2022-01-04,Singapore,Singapore,56.0,F,False,False,False
438,carlos love,brian29@example.net,2020-12-28,Sydney,Australia,57.0,M,False,False,False
439,patricia mathis,susan56@example.net,2021-03-29,,Australia,66.0,F,False,True,False
440,eric taylor,jessicakim@example.net,2023-03-10,Munich,Germany,51.0,F,False,False,False
441,marie thompson,jeffrey92@example.com,2021-08-06,Manchester,UK,60.0,F,False,False,False
442,michael anderson,rushstacy@example.com,2020-08-28,Los Angeles,USA,74.0,Other,False,False,False
443,patricia bradley,carriemccall@example.net,2020-12-14,Chicago,USA,37.0,M,False,False,False
444,keith zuniga,markmiller@example.com,2019-07-19,Berlin,Germany,62.0,F,False,False,False
445,mrs. stacey davis,sean43@example.org,2022-12-26,Singapore,Singapore,17.0,M,False,False,False
446,hayley buchanan,williamssamuel@example.com,2024-03-19,Chicago,USA,49.0,M,False,False,False
447,stacey snyder,ybell@example.org,2020-04-19,Berlin,Germany,56.0,F,False,False,False
448,rachel lane,franciscojones@example.org,2023-02-19,New York,USA,72.0,F,False,False,False
449,fernando lynn,petersonpamela@example.org,2020-03-15,Melbourne,Australia,33.0,F,False,False,False
450,kimberly villanueva,morgantricia@example.com,2023-06-26,Los Angeles,USA,27.0,F,False,False,False
451,jessica valdez,gmoore@example.com,2023-11-02,Sydney,Australia,49.0,F,False,False,False
452,colton terry,donna43@example.org,2022-04-17,Manchester,UK,38.0,F,False,False,False
453,kenneth larsen,briansmith@example.org,2022-12-16,Sydney,Australia,74.0,F,False,False,False
454,matthew greene,collinclark@example.net,2020-05-03,Los Angeles,USA,23.0,M,False,False,False
455,bradley anthony,kristen77@example.net,2022-05-06,Manchester,UK,52.0,M,False,False,False
456,martin hughes,nicole52@example.com,2024-02-26,Melbourne,Australia,75.0,M,False,False,False
457,jeremiah baker,anne21@example.org,2020-01-19,Chicago,USA,69.0,F,False,False,False
458,rhonda gutierrez,angelarandall@example.net,2021-09-19,New York,USA,28.0,M,False,False,False
459,joseph camacho,parmstrong@example.com,2021-04-17,Berlin,Germany,42.0,F,False,False,False
460,james nash,shawrachel@example.net,2019-03-05,Paris,France,,F,True,False,False
461,lisa martinez,kthompson@example.org,2021-07-25,Singapore,Singapore,63.0,M,False,False,False
462,beth henderson,oharris@example.org,2019-08-22,Paris,France,65.0,M,False,False,False
463,deanna bartlett,millerangela@example.net,2019-03-27,Singapore,Singapore,50.0,M,False,False,False
464,donald ellis,buchanancindy@example.net,2023-03-19,Sydney,Australia,35.0,F,False,False,False
465,ashley hernandez,buckleyanna@example.org,2023-07-31,Mumbai,India,44.0,M,False,False,False
466,sharon beard,pbaker@example.com,2023-07-19,Toronto,Canada,60.0,M,False,False,False
467,kara jackson,mthomas@example.net,2022-06-15,Chicago,USA,66.0,F,False,False,False
468,amanda preston,hannah07@example.com,2021-12-26,London,UK,54.0,M,False,False,False
469,alicia roth,larry71@example.org,2022-03-18,Vancouver,Canada,70.0,M,False,False,False
470,william ramos,joseph69@example.net,2024-05-25,Chicago,USA,,M,True,False,False
471,jeremy mcintyre,wfigueroa@example.net,2023-11-09,Melbourne,Australia,31.0,F,False,False,False
472,samantha robertson,cameronmckinney@example.com,2022-10-16,Mumbai,India,47.0,M,False,False,False
473,samuel suarez,thompsonnancy@example.org,2021-07-14,Manchester,UK,56.0,F,False,False,False
474,danielle bryant,janet45@example.com,2020-07-23,Melbourne,Australia,45.0,F,False,False,False
475,madison martinez,allentracy@example.com,2023-10-01,Singapore,Singapore,62.0,M,False,False,False
476,seth matthews,max41@example.com,2019-05-10,Mumbai,India,41.0,F,False,False,False
477,anthony nash,mercedesholland@example.net,2020-10-23,Vancouver,Canada,37.0,M,False,False,False
478,matthew palmer,wellsdavid@example.org,2020-12-04,Singapore,Singapore,18.0,F,False,False,False
479,alejandra king,jennifer46@example.com,2024-03-18,Los Angeles,USA,44.0,F,False,False,False
480,judy robinson,erica96@example.net,2024-02-06,Melbourne,Australia,72.0,Other,False,False,False
481,jorge bates,anna99@example.com,2019-07-11,Vancouver,Canada,39.0,M,False,False,False
482,brian brown,danielle44@example.net,2019-04-17,Chicago,USA,56.0,F,False,False,False
483,stephanie evans,zacharyallen@example.org,2019-07-06,Sydney,Australia,16.0,M,False,False,False
484,rebekah greene,erin07@example.com,2022-10-24,Munich,Germany,,F,True,False,False
485,jason price,aguilarwanda@example.org,2021-05-14,Mumbai,India,46.0,M,False,False,False
486,micheal parks,qknox@example.com,2019-07-31,Los Angeles,USA,39.0,M,False,False,False
487,sarah pittman,kellyruiz@example.net,2023-11-26,Singapore,Singapore,57.0,M,False,False,False
488,robert hines,staceylam@example.net,2022-06-03,New York,USA,26.0,M,False,False,False
489,henry garner,robert55@example.com,2024-02-27,Chicago,USA,55.0,F,False,False,False
490,julie wilson,delacruzbrandy@example.net,2019-10-14,Los Angeles,USA,53.0,F,False,False,False
491,steve mason,amoreno@example.org,2019-10-14,Singapore,Singapore,33.0,M,False,False,False
492,brittany gay,robert97@example.org,2022-05-29,,Australia,65.0,M,False,True,False
493,mike maxwell,lcook@example.com,2020-09-09,Bangkok,Thailand,49.0,F,False,False,False
494,abigail hill,barbaramoore@example.org,2019-04-22,Sydney,Australia,47.0,M,False,False,False
495,jeffrey jordan,ysanford@example.org,2021-12-17,Los Angeles,USA,39.0,M,False,False,False
496,curtis watson,mcclainkatherine@example.net,2021-05-11,Paris,France,50.0,,False,False,True
497,michael sims,jeremywiley@example.com,2019-05-30,Singapore,Singapore,53.0,F,False,False,False
498,james chapman,cameronwilliams@example.com,2024-04-26,New York,USA,48.0,M,False,False,False
499,joseph warren,ibarron@example.com,2022-12-08,Manchester,UK,21.0,F,False,False,False
500,katherine christensen md,osmith@example.net,2020-09-26,Los Angeles,USA,48.0,F,False,False,False
501,mrs. alison wagner,richardsondebra@example.org,2021-03-11,London,UK,56.0,M,False,False,False
502,martin wise,wheelerbrandon@example.org,2022-12-01,Vancouver,Canada,62.0,F,False,False,False
503,alicia norris,hwallace@example.net,2021-06-08,Bangkok,Thailand,45.0,M,False,False,False
504,michael harris,turnerdorothy@example.net,2023-02-25,Sydney,Australia,,F,True,False,False
505,lisa haynes,grivas@example.net,2024-05-05,Berlin,Germany,49.0,F,False,False,False
506,autumn wilson,jimenezchelsea@example.com,2019-09-17,London,UK,62.0,F,False,False,False
507,valerie howard,cphillips@example.net,2021-05-29,Singapore,Singapore,49.0,M,False,False,False
508,daniel fitzpatrick md,smithchristopher@example.org,2021-10-13,Los Angeles,USA,48.0,M,False,False,False
509,maureen hernandez,chancharles@example.net,2019-11-19,London,UK,65.0,M,False,False,False
510,david hall,joseph01@example.org,2023-02-26,Toronto,Canada,,F,True,False,False
511,sarah ward,ronald11@example.org,2021-01-15,Berlin,Germany,74.0,M,False,False,False
512,charles holland,michael79@example.com,2023-07-03,Munich,Germany,42.0,M,False,False,False
513,anna briggs,danielross@example.com,2020-07-09,London,UK,52.0,M,False,False,False
514,james jefferson,zbanks@example.org,2020-04-02,Chicago,USA,18.0,M,False,False,False
515,michael brown,dalepruitt@example.com,2023-05-04,Vancouver,Canada,36.0,F,False,False,False
516,meghan white,nmaxwell@example.org,2022-02-28,Vancouver,Canada,63.0,M,False,False,False
517,sheryl acosta,timothyfreeman@example.com,2023-05-02,Berlin,Germany,62.0,F,False,False,False
518,arthur pena,busherica@example.net,2024-03-24,New York,USA,17.0,M,False,False,False
519,krystal levine,april91@example.com,2019-01-20,Bangkok,Thailand,16.0,M,False,False,False
520,danielle reed,jhernandez@example.net,2019-08-01,Vancouver,Canada,49.0,,False,False,True
521,mason moore,kchristian@example.org,2022-12-28,Chicago,USA,,M,True,False,False
522,erica rivera,brent38@example.net,2022-12-06,Manchester,UK,45.0,F,False,False,False
523,robert miller,csolis@example.org,2022-07-29,Chicago,USA,20.0,M,False,False,False
524,jillian wilson,bmcgee@example.org,2020-04-29,Chicago,USA,32.0,F,False,False,False
525,andrew dunn,connersylvia@example.net,2023-02-15,Mumbai,India,36.0,Other,False,False,False
526,jordan clark,xclements@example.org,2023-05-17,Chicago,USA,22.0,M,False,False,False
527,sarah rivera,xmoran@example.net,2019-09-05,Manchester,UK,38.0,F,False,False,False
528,brent hopkins,petersonmaria@example.com,2023-10-12,Vancouver,Canada,21.0,M,False,False,False
529,jacqueline rodriguez,travisunderwood@example.net,2022-05-20,Melbourne,Australia,29.0,F,False,False,False
530,ashley carr,davidphelps@example.org,2024-06-06,Toronto,Canada,41.0,F,False,False,False
531,richard love,shermanbrandon@example.net,2019-03-05,Chicago,USA,70.0,F,False,False,False
532,leah barton,lellis@example.net,2019-07-28,Berlin,Germany,,,True,False,True
533,jonathan moreno,tranryan@example.net,2020-02-10,Chicago,USA,39.0,F,False,False,False
534,mr. thomas thompson,jessicaanderson@example.com,2020-06-14,Paris,France,17.0,M,False,False,False
535,lisa morris,mbarnes@example.net,2019-09-21,Singapore,Singapore,73.0,F,False,False,False
536,denise stuart,shawn22@example.com,2019-04-14,Berlin,Germany,75.0,F,False,False,False
537,stacey hunt,jennifer83@example.org,2021-02-22,New York,USA,27.0,F,False,False,False
538,miguel parks,tinasantos@example.org,2023-12-15,Berlin,Germany,18.0,M,False,False,False
539,melissa morris,hodgesanna@example.net,2021-04-23,Berlin,Germany,46.0,F,False,False,False
540,mary butler,natalie60@example.net,2022-08-09,Toronto,Canada,31.0,M,False,False,False
541,james brown,gonzalezkaren@example.org,2023-05-21,Manchester,UK,46.0,M,False,False,False
542,miss brianna brown,james80@example.com,2020-10-20,Munich,Germany,33.0,F,False,False,False
543,ashley parrish,juliahoffman@example.org,2023-07-19,Bangkok,Thailand,19.0,F,False,False,False
544,rebecca horton,housepaul@example.net,2020-04-21,Paris,France,22.0,M,False,False,False
545,juan smith,james73@example.net,2024-02-22,Singapore,Singapore,64.0,M,False,False,False
546,maria fischer,kimberlybrandt@example.com,2021-03-06,Singapore,Singapore,75.0,F,False,False,False
547,william jones,jillwilson@example.org,2020-10-13,Paris,France,74.0,F,False,False,False
548,justin anderson,adam72@example.org,2022-02-28,Paris,France,52.0,M,False,False,False
549,frank williams,tracy98@example.com,2022-01-15,Berlin,Germany,27.0,F,False,False,False
550,michael fox,abigailhartman@example.org,2019-02-10,Toronto,Canada,,F,True,False,False
551,joshua davis,nicolealvarado@example.com,2020-11-28,Chicago,USA,74.0,F,False,False,False
552,daniel goodwin,wbarajas@example.net,2022-04-16,Chicago,USA,65.0,F,False,False,False
553,michael griffin,susanfleming@example.com,2021-02-04,Los Angeles,USA,53.0,F,False,False,False
554,robert wilson,amber40@example.net,2023-02-08,Chicago,USA,66.0,F,False,False,False
555,jaime lang,stucker@example.net,2024-06-06,Melbourne,Australia,60.0,F,False,False,False
556,jose vaughan,teresaayala@example.net,2022-04-21,Sydney,Australia,40.0,F,False,False,False
557,austin santiago,michellecoleman@example.org,2019-01-04,Melbourne,Australia,41.0,M,False,False,False
558,ronald johns,elucas@example.net,2022-05-18,Chicago,USA,74.0,M,False,False,False
559,allison love,millerbrian@example.com,2024-04-02,Los Angeles,USA,25.0,F,False,False,False
560,laura perez,rickey76@example.com,2019-12-10,London,UK,72.0,M,False,False,False
561,james wilson,maychristine@example.net,2023-12-21,Melbourne,Australia,,M,True,False,False
562,mercedes jones,robertsgina@example.net,2020-06-09,London,UK,,M,True,False,False
563,preston kim,bshort@example.com,2023-12-17,Chicago,USA,47.0,F,False,False,False
564,daniel francis,susan24@example.net,2021-09-08,Mumbai,India,57.0,F,False,False,False
565,traci camacho,susan08@example.net,2023-09-29,Singapore,Singapore,,F,True,False,False
566,andrew armstrong,fmedina@example.com,2019-12-15,London,UK,26.0,M,False,False,False
567,patrick swanson,robertbrewer@example.net,2020-11-23,Los Angeles,USA,55.0,F,False,False,False
568,clinton jensen,james29@example.org,2019-12-04,Sydney,Australia,72.0,F,False,False,False
569,tara gamble,enewman@example.com,2021-04-18,Toronto,Canada,62.0,M,False,False,False
570,danielle gonzalez,wlynn@example.org,2020-05-01,Vancouver,Canada,19.0,M,False,False,False
571,cynthia mitchell,mcculloughlouis@example.com,2021-01-08,New York,USA,43.0,M,False,False,False
572,matthew steele,arianadiaz@example.com,2020-02-13,Berlin,Germany,17.0,,False,False,True
573,caroline edwards,jenniferdavidson@example.com,2023-09-25,Berlin,Germany,35.0,M,False,False,False
574,brandy quinn,wford@example.com,2019-07-06,Vancouver,Canada,50.0,F,False,False,False
575,mr. matthew miller,michele28@example.org,2021-07-01,Chicago,USA,32.0,M,False,False,False
576,stephen jones,mcclainmelissa@example.net,2019-05-07,Paris,France,64.0,M,False,False,False
577,kevin sullivan,rebeccaarnold@example.net,2022-01-13,Singapore,Singapore,64.0,M,False,False,False
578,kimberly valdez,michaelwalker@example.net,2021-12-06,Mumbai,India,50.0,M,False,False,False
579,donna marshall,sanderswayne@example.net,2021-09-02,Toronto,Canada,21.0,F,False,False,False
580,victor holden,katherinetaylor@example.org,2024-01-19,Paris,France,67.0,F,False,False,False
581,travis hopkins,jillwebb@example.com,2021-07-08,Singapore,Singapore,26.0,F,False,False,False
582,philip hall,mike03@example.net,2019-06-10,Manchester,UK,28.0,M,False,False,False
583,heather harrison,ckeith@example.net,2020-10-16,Vancouver,Canada,21.0,F,False,False,False
584,michael boyd,mary49@example.net,2021-11-30,Vancouver,Canada,74.0,M,False,False,False
585,jamie gray,blacknicholas@example.org,2023-05-20,Munich,Germany,23.0,M,False,False,False
586,heather parrish,msparks@example.org,2024-05-29,Singapore,Singapore,75.0,M,False,False,False
587,brenda martin,robertsonjuan@example.org,2022-01-01,Mumbai,India,72.0,M,False,False,False
588,jack love,guerrerorobert@example.com,2021-08-26,Paris,France,27.0,M,False,False,False
589,karen mendoza,brittanyholland@example.com,2021-04-02,Melbourne,Australia,41.0,F,False,False,False
590,andrew berry,dennishunt@example.net,2021-08-31,Melbourne,Australia,73.0,M,False,False,False
591,christopher nielsen,kgreene@example.net,2020-07-28,Vancouver,Canada,70.0,M,False,False,False
592,nathan stanley,stacey37@example.net,2020-09-07,Chicago,USA,65.0,F,False,False,False
593,sharon jackson dvm,laurahoover@example.org,2019-07-02,Sydney,Australia,44.0,M,False,False,False
594,kayla jackson,sandra99@example.org,2021-11-23,Singapore,Singapore,,F,True,False,False
595,james rodriguez,alexandrablankenship@example.net,2021-11-03,Melbourne,Australia,24.0,M,False,False,False
596,chase davis,mvalenzuela@example.org,2020-01-30,Chicago,USA,,F,True,False,False
597,kim goodwin,olsondavid@example.net,2022-12-14,London,UK,33.0,F,False,False,False
598,april pace,xboyd@example.org,2019-09-11,Bangkok,Thailand,31.0,F,False,False,False
599,jessica mays,yclarke@example.com,2021-08-29,Mumbai,India,51.0,M,False,False,False
600,natalie juarez,colemanjonathan@example.org,2023-08-29,Melbourne,Australia,,M,True,False,False
601,angela george,ascott@example.net,2024-05-30,Singapore,Singapore,70.0,F,False,False,False
602,adrienne mills,brooksjamie@example.com,2021-04-18,Sydney,Australia,17.0,M,False,False,False
603,brian simmons,jose86@example.net,2024-02-10,Berlin,Germany,57.0,F,False,False,False
604,donald becker,robertbowers@example.com,2023-07-07,Paris,France,61.0,F,False,False,False
605,justin webb,becky62@example.net,2023-10-11,Manchester,UK,45.0,M,False,False,False
606,david logan,craigromero@example.com,2022-07-01,Mumbai,India,53.0,M,False,False,False
607,lisa cohen,martintamara@example.org,2023-09-16,Mumbai,India,51.0,F,False,False,False
608,samantha ruiz,qdavis@example.org,2021-09-13,Los Angeles,USA,37.0,M,False,False,False
609,lee ramsey,hmendez@example.com,2022-09-05,Vancouver,Canada,35.0,F,False,False,False
610,linda bautista,daniellegonzales@example.org,2023-07-08,New York,USA,41.0,M,False,False,False
611,tara holmes,arthurgreene@example.net,2021-10-15,Sydney,Australia,32.0,M,False,False,False
612,lisa craig,john02@example.org,2022-12-21,Paris,France,68.0,F,False,False,False
613,penny gomez md,aprilmclaughlin@example.org,2022-07-31,Munich,Germany,74.0,F,False,False,False
614,krista barber,michael43@example.net,2023-09-18,Chicago,USA,72.0,M,False,False,False
615,jordan powell,greenrichard@example.org,2020-06-13,Melbourne,Australia,64.0,M,False,False,False
616,kathy morgan,prattsue@example.net,2019-07-02,Sydney,Australia,38.0,F,False,False,False
617,laura benson,xhart@example.org,2020-11-09,Bangkok,Thailand,32.0,F,False,False,False
618,tonya ellis,bmosley@example.com,2023-11-10,New York,USA,53.0,M,False,False,False
619,austin schultz,ericahall@example.com,2021-10-21,Toronto,Canada,71.0,F,False,False,False
620,harry nichols,john16@example.net,2023-10-16,Mumbai,India,24.0,,False,False,True
621,gloria spencer,thomasgomez@example.net,2024-01-31,Bangkok,Thailand,25.0,M,False,False,False
622,travis vega,victorgonzalez@example.net,2020-11-12,Berlin,Germany,27.0,F,False,False,False
623,derek perez,marykelly@example.org,2023-04-08,Toronto,Canada,52.0,M,False,False,False
624,blake sosa,waustin@example.net,2019-09-23,Los Angeles,USA,43.0,,False,False,True
625,sarah watson,travis94@example.com,2019-01-10,Manchester,UK,50.0,F,False,False,False
626,phillip dixon,kwalker@example.org,2023-03-31,,UK,,M,True,True,False
627,robert mendoza,shawphillip@example.net,2022-11-21,Toronto,Canada,35.0,M,False,False,False
628,joyce martinez,astewart@example.org,2019-05-14,Chicago,USA,35.0,M,False,False,False
629,jamie garcia,chloe42@example.net,2020-11-22,Munich,Germany,72.0,,False,False,True
630,derrick mullen,michael76@example.org,2021-01-05,Berlin,Germany,26.0,F,False,False,False
631,paul diaz,lramirez@example.net,2020-04-04,Toronto,Canada,29.0,F,False,False,False
632,kenneth perez,lelinda@example.net,2022-12-27,London,UK,,F,True,False,False
633,james thomas,thomassmith@example.com,2022-06-30,Munich,Germany,54.0,M,False,False,False
634,dr. samuel holmes dds,jevans@example.net,2019-04-09,New York,USA,42.0,F,False,False,False
635,brett martin,lisawoods@example.net,2019-11-10,,Australia,60.0,F,False,True,False
636,patrick green,ann45@example.org,2022-09-18,Los Angeles,USA,33.0,F,False,False,False
637,gregory frazier,barbarasantos@example.net,2019-08-03,Bangkok,Thailand,62.0,M,False,False,False
638,richard kelly,champton@example.org,2020-02-11,Berlin,Germany,28.0,,False,False,True
639,dustin welch,mirandadavidson@example.com,2022-12-11,London,UK,34.0,M,False,False,False
640,logan sullivan,millermatthew@example.com,2024-03-26,,Australia,37.0,F,False,True,False
641,eddie adams,cnelson@example.com,2023-09-07,Los Angeles,USA,58.0,M,False,False,False
642,kelly cole,ivanjohnson@example.net,2023-01-21,Los Angeles,USA,73.0,,False,False,True
643,david manning,clarkrandy@example.org,2020-06-24,Vancouver,Canada,19.0,F,False,False,False
644,shawn kelley,wisealexandria@example.org,2021-01-07,Vancouver,Canada,43.0,M,False,False,False
645,luke miller,pparker@example.net,2019-01-20,New York,USA,58.0,M,False,False,False
646,mark anderson,anthonyalvarado@example.com,2020-07-03,Paris,France,39.0,F,False,False,False
647,julie pitts,amy28@example.org,2020-07-10,Berlin,Germany,60.0,M,False,False,False
648,joyce curry,omills@example.net,2019-12-08,Singapore,Singapore,24.0,Other,False,False,False
649,gregory fernandez,ramosmichael@example.com,2019-08-01,Chicago,USA,74.0,M,False,False,False
650,adam mills,mauriceharrison@example.org,2022-06-05,,USA,65.0,M,False,True,False
651,katherine campos,albert64@example.net,2023-01-29,Mumbai,India,46.0,F,False,False,False
652,adam brooks,bkhan@example.com,2019-05-10,New York,USA,57.0,M,False,False,False
653,miguel brewer,fwalker@example.com,2023-03-03,Singapore,Singapore,62.0,M,False,False,False
654,kellie marsh,justin84@example.com,2021-11-29,London,UK,60.0,M,False,False,False
655,barry taylor,walshchristine@example.com,2021-09-13,Toronto,Canada,58.0,M,False,False,False
656,katherine flores,brandonnichols@example.org,2024-01-01,Munich,Germany,,M,True,False,False
657,diane martinez,oacosta@example.org,2023-10-11,Berlin,Germany,71.0,F,False,False,False
658,johnny peterson,kristi75@example.com,2024-06-09,London,UK,19.0,F,False,False,False
659,amanda miller,brianrowe@example.org,2020-04-26,Mumbai,India,45.0,F,False,False,False
660,catherine huang,lisa01@example.net,2021-07-04,Berlin,Germany,23.0,F,False,False,False
661,ray ramos,gonzalezjill@example.org,2021-04-24,Manchester,UK,51.0,M,False,False,False
662,vickie kennedy,sharon20@example.net,2022-07-29,Paris,France,72.0,M,False,False,False
663,kelly king,james03@example.org,2021-01-14,London,UK,68.0,M,False,False,False
664,jeffrey smith,brenda63@example.org,2022-05-13,Paris,France,61.0,F,False,False,False
665,lauren vazquez,nathandavis@example.org,2022-09-11,Singapore,Singapore,16.0,,False,False,True
666,mr. george booker dds,browndeanna@example.net,2022-01-26,Vancouver,Canada,39.0,F,False,False,False
667,ashley freeman,tina57@example.net,2023-08-11,Chicago,USA,22.0,F,False,False,False
668,michael howard,johnwilliams@example.net,2021-03-15,Mumbai,India,45.0,F,False,False,False
669,edward terry,ashleystephens@example.com,2021-04-28,Singapore,Singapore,75.0,F,False,False,False
670,denise guerra,caseymoore@example.com,2021-07-11,Bangkok,Thailand,58.0,,False,False,True
671,kimberly gibson,bgross@example.net,2021-12-22,New York,USA,51.0,M,False,False,False
672,patty allen,barrettamber@example.com,2023-05-19,Munich,Germany,60.0,F,False,False,False
673,michael cannon,chloemorris@example.net,2022-09-08,Manchester,UK,54.0,F,False,False,False
674,brent hopkins,conleydavid@example.org,2024-02-19,Paris,France,33.0,F,False,False,False
675,john garcia,hbarrett@example.net,2019-10-01,Singapore,Singapore,42.0,M,False,False,False
676,dawn diaz,smithsamantha@example.net,2022-12-07,Mumbai,India,71.0,M,False,False,False
677,steve miller phd,wardjulia@example.com,2020-02-16,Toronto,Canada,55.0,Other,False,False,False
678,rebecca brown,allison14@example.org,2022-12-25,Chicago,USA,27.0,F,False,False,False
679,toni davis,amandalopez@example.net,2023-04-08,Los Angeles,USA,51.0,M,False,False,False
680,laura meza,xreese@example.net,2022-10-12,Manchester,UK,34.0,F,False,False,False
681,megan park,kandrade@example.org,2019-02-21,Los Angeles,USA,,F,True,False,False
682,kathy sandoval,umahoney@example.net,2019-11-26,Singapore,Singapore,59.0,M,False,False,False
683,erika watson phd,umckenzie@example.net,2020-02-22,Vancouver,Canada,18.0,M,False,False,False
684,joshua brooks,michael77@example.com,2023-02-23,Sydney,Australia,71.0,F,False,False,False
685,andrew mitchell,holmesvictoria@example.com,2023-05-26,Munich,Germany,60.0,F,False,False,False
686,william lewis,andrew48@example.net,2024-06-21,Singapore,Singapore,,F,True,False,False
687,tammy moore,stevenseric@example.com,2023-05-19,Mumbai,India,69.0,M,False,False,False
688,kevin hall,christopher69@example.org,2023-03-27,London,UK,50.0,M,False,False,False
689,misty mcguire,tracynolan@example.net,2020-08-25,Toronto,Canada,27.0,,False,False,True
690,susan larson,benjamin96@example.org,2021-11-18,Melbourne,Australia,,F,True,False,False
691,tammy cook,hbutler@example.org,2022-04-11,Chicago,USA,16.0,F,False,False,False
692,sarah mcfarland,hbrown@example.org,2024-03-16,Chicago,USA,,M,True,False,False
693,karl murphy,ericnunez@example.com,2020-09-08,Sydney,Australia,66.0,M,False,False,False
694,nicole johnston,walkerkeith@example.com,2021-12-12,London,UK,27.0,F,False,False,False
695,george alvarez,kelleyjose@example.com,2022-01-04,Munich,Germany,21.0,M,False,False,False
696,patricia anderson,timothygonzalez@example.com,2021-01-08,London,UK,29.0,M,False,False,False
697,christina gilbert,johnadams@example.com,2023-08-14,Munich,Germany,16.0,F,False,False,False
698,thomas davis,whenderson@example.org,2022-06-10,Sydney,Australia,31.0,F,False,False,False
699,kirk johnson,gary59@example.com,2023-06-19,Bangkok,Thailand,40.0,F,False,False,False
700,jessica glass,jamesbrooks@example.net,2023-08-11,Munich,Germany,48.0,F,False,False,False
701,ashley brown,mistywilkins@example.org,2022-08-27,Bangkok,Thailand,36.0,F,False,False,False
702,robert torres,njohnson@example.net,2022-01-06,Singapore,Singapore,16.0,M,False,False,False
703,christina mills,ana92@example.net,2023-11-07,Toronto,Canada,69.0,M,False,False,False
704,alicia aguilar,scottbrian@example.org,2023-05-07,Melbourne,Australia,57.0,M,False,False,False
705,lisa brown,jonesdonna@example.net,2021-07-29,New York,USA,18.0,M,False,False,False
706,mary lin,carternicole@example.com,2019-05-25,Munich,Germany,68.0,F,False,False,False
707,james bray,mckeetodd@example.net,2021-04-08,Sydney,Australia,,M,True,False,False
708,charlotte mason,tcastro@example.org,2023-01-15,Sydney,Australia,20.0,M,False,False,False
709,thomas torres,klong@example.org,2021-01-02,Los Angeles,USA,22.0,M,False,False,False
710,harold garrett,wendyirwin@example.com,2023-04-17,Vancouver,Canada,40.0,M,False,False,False
711,lori johns,raymondstacy@example.org,2020-03-26,Munich,Germany,63.0,M,False,False,False
712,steven sandoval,blairabigail@example.net,2019-10-23,Sydney,Australia,59.0,M,False,False,False
713,lori perez,ashleysimmons@example.com,2021-02-03,Sydney,Australia,51.0,F,False,False,False
714,erin daniels,denisecarpenter@example.net,2022-05-06,Paris,France,50.0,F,False,False,False
715,shari parker,russellstout@example.org,2024-01-25,Melbourne,Australia,29.0,M,False,False,False
716,krystal moore,grantstacy@example.org,2020-01-12,Chicago,USA,55.0,F,False,False,False
717,ryan thomas,cannonnicole@example.com,2022-03-07,Singapore,Singapore,70.0,M,False,False,False
718,elizabeth reese,edwin31@example.org,2022-01-30,Sydney,Australia,34.0,F,False,False,False
719,phillip salazar,catherine93@example.net,2021-09-24,Paris,France,38.0,F,False,False,False
720,michael howard,manderson@example.com,2019-05-23,Paris,France,36.0,M,False,False,False
721,jacqueline christian,kwells@example.org,2022-04-11,Melbourne,Australia,52.0,,False,False,True
722,jason novak,stephanie33@example.org,2019-01-10,Chicago,USA,31.0,M,False,False,False
723,timothy duke,dwatts@example.org,2023-09-17,Vancouver,Canada,24.0,M,False,False,False
724,ricardo franklin,zcortez@example.net,2021-01-04,Berlin,Germany,47.0,M,False,False,False
725,laura herrera,meyershannon@example.org,2020-07-28,Mumbai,India,73.0,M,False,False,False
726,danielle medina,grantzachary@example.net,2023-01-29,Los Angeles,USA,,F,True,False,False
727,cheryl gonzales,kim47@example.org,2022-03-31,Paris,France,65.0,M,False,False,False
728,louis brown,stevenlucas@example.org,2024-01-05,Munich,Germany,46.0,F,False,False,False
729,ashley osborne,phillipmorris@example.org,2023-05-01,Bangkok,Thailand,62.0,M,False,False,False
730,kevin marquez,nicoledavis@example.com,2021-03-23,Los Angeles,USA,,,True,False,True
731,susan hogan,davisjasmin@example.net,2022-11-02,Paris,France,64.0,F,False,False,False
732,joseph cruz,nicholasjames@example.org,2022-09-12,Paris,France,63.0,F,False,False,False
733,krystal keller,fernandothomas@example.net,2021-09-25,Singapore,Singapore,20.0,M,False,False,False
734,eric cross,lroberts@example.org,2024-02-03,Munich,Germany,40.0,F,False,False,False
735,toni smith,alexander77@example.net,2020-10-25,Sydney,Australia,61.0,F,False,False,False
736,lisa snyder,briannaalvarez@example.com,2020-06-23,Melbourne,Australia,50.0,F,False,False,False
737,kyle smith,christine83@example.org,2022-08-31,Paris,France,49.0,F,False,False,False
738,anthony bailey,melissaestrada@example.net,2020-12-23,Manchester,UK,47.0,F,False,False,False
739,thomas williams,kchaney@example.net,2019-10-12,Bangkok,Thailand,26.0,F,False,False,False
740,matthew graves,tammycurry@example.com,2020-01-18,Chicago,USA,39.0,M,False,False,False
741,anna evans,priscilla16@example.net,2023-07-20,Manchester,UK,62.0,M,False,False,False
742,john martinez,mark68@example.org,2019-11-27,Paris,France,69.0,F,False,False,False
743,lisa rodriguez,webbhaley@example.net,2019-11-26,Paris,France,56.0,F,False,False,False
744,lee stewart,sara99@example.com,2020-06-12,Chicago,USA,49.0,M,False,False,False
745,lynn vasquez,nicolehall@example.com,2023-12-05,New York,USA,21.0,M,False,False,False
746,april johnson,mclaughlinjared@example.net,2019-12-16,Berlin,Germany,69.0,M,False,False,False
747,mrs. felicia castro dds,davidsonhannah@example.com,2020-01-08,Singapore,Singapore,58.0,M,False,False,False
748,elizabeth hunter,katie15@example.com,2021-07-17,Bangkok,Thailand,53.0,F,False,False,False
749,keith choi,jamesbass@example.net,2020-02-19,New York,USA,71.0,M,False,False,False
750,john johnson,timothyburton@example.net,2019-07-17,Paris,France,46.0,M,False,False,False
751,julia olsen,conleykevin@example.net,2021-10-27,Munich,Germany,21.0,M,False,False,False
752,kristen smith,lauren51@example.org,2019-01-03,Mumbai,India,43.0,F,False,False,False
753,andre terrell,ashleyprice@example.net,2021-05-28,Munich,Germany,67.0,F,False,False,False
754,richard parker,jennifer46@example.org,2023-02-27,Singapore,Singapore,22.0,M,False,False,False
755,david hayes dvm,aliciathompson@example.com,2023-10-26,Bangkok,Thailand,34.0,F,False,False,False
756,paula gentry,zhunter@example.com,2022-12-23,New York,USA,52.0,F,False,False,False
757,brittany peterson,hoconnor@example.com,2022-11-09,Toronto,Canada,42.0,M,False,False,False
758,briana wiggins,jamiejohnson@example.com,2020-06-19,Vancouver,Canada,43.0,,False,False,True
759,kelly smith,mcdanielbrooke@example.org,2023-03-27,Manchester,UK,42.0,F,False,False,False
760,stephen garcia,andrew43@example.com,2022-02-10,Munich,Germany,32.0,M,False,False,False
761,dustin patel,rlambert@example.org,2023-02-15,Manchester,UK,70.0,F,False,False,False
762,brian mullen,clarkmichael@example.com,2022-12-03,Singapore,Singapore,22.0,F,False,False,False
763,tony brock,georgecollins@example.com,2022-06-11,Munich,Germany,26.0,M,False,False,False
764,amber johnson,rodriguezbrian@example.com,2019-10-25,Mumbai,India,75.0,F,False,False,False
765,michael vance,tjensen@example.com,2019-06-13,London,UK,18.0,F,False,False,False
766,michelle lambert,beltrankatelyn@example.com,2021-12-03,Sydney,Australia,61.0,M,False,False,False
767,anna lang,tdavis@example.net,2022-08-04,Chicago,USA,,Other,True,False,False
768,pamela ruiz,douglashuang@example.com,2020-08-08,Munich,Germany,18.0,M,False,False,False
769,jenna lyons,kristina57@example.com,2019-12-14,,France,39.0,F,False,True,False
770,john bell,ssingleton@example.com,2023-05-16,Vancouver,Canada,38.0,F,False,False,False
771,bethany garcia,nguyendebra@example.com,2023-02-18,New York,USA,74.0,M,False,False,False
772,jennifer gutierrez,amydickson@example.com,2022-04-08,Bangkok,Thailand,38.0,M,False,False,False
773,daniel benson,bmueller@example.net,2021-07-20,Toronto,Canada,,M,True,False,False
774,kimberly young,stevensonjennifer@example.com,2019-05-29,Munich,Germany,34.0,M,False,False,False
775,kyle nguyen,shortgregory@example.com,2023-11-30,Vancouver,Canada,68.0,F,False,False,False
776,brian cervantes,pmurphy@example.net,2022-02-27,Manchester,UK,65.0,M,False,False,False
777,daniel taylor,shermandonna@example.com,2021-08-01,Sydney,Australia,,F,True,False,False
778,jean lane,jamierich@example.com,2023-06-04,Sydney,Australia,59.0,F,False,False,False
779,susan torres,wrobbins@example.org,2021-11-23,London,UK,16.0,F,False,False,False
780,lisa dixon,melissabrown@example.net,2022-10-11,Manchester,UK,20.0,F,False,False,False
781,april castro,daniel40@example.org,2024-01-06,Toronto,Canada,33.0,Other,False,False,False
782,kevin garrett,bsullivan@example.net,2021-10-18,Toronto,Canada,31.0,F,False,False,False
783,christopher taylor,xbridges@example.com,2023-09-06,Toronto,Canada,69.0,F,False,False,False
784,zachary santiago,alexanderwong@example.org,2019-06-10,Bangkok,Thailand,,,True,False,True
785,katelyn kim,christophermay@example.com,2021-09-14,Mumbai,India,55.0,M,False,False,False
786,stephanie dominguez,dhanson@example.net,2023-11-15,Paris,France,47.0,M,False,False,False
787,robert cruz,jacobjacobs@example.net,2020-03-30,Manchester,UK,,M,True,False,False
788,dr. michael adams dvm,arthur09@example.com,2019-03-08,Munich,Germany,38.0,F,False,False,False
789,ashley olson,thomasjessica@example.com,2022-12-01,,USA,45.0,M,False,True,False
790,blake wu,sanchezcrystal@example.net,2022-04-04,Manchester,UK,36.0,F,False,False,False
791,angela schultz,chloe58@example.org,2020-04-30,Vancouver,Canada,46.0,F,False,False,False
792,jose harrison,robert44@example.org,2020-03-07,Manchester,UK,60.0,F,False,False,False
793,thomas curry,bryan79@example.org,2020-01-04,Berlin,Germany,24.0,M,False,False,False
794,mary carter,mitchellchristopher@example.net,2020-07-06,Melbourne,Australia,51.0,F,False,False,False
795,richard king,joshua40@example.net,2019-11-03,Melbourne,Australia,,F,True,False,False
796,christopher vargas,donnawood@example.org,2023-10-06,Bangkok,Thailand,49.0,M,False,False,False
797,michael washington,cooperchristopher@example.org,2022-02-25,Vancouver,Canada,19.0,F,False,False,False
798,samantha monroe,ptownsend@example.net,2020-06-04,Mumbai,India,69.0,F,False,False,False
799,mark clark,brian41@example.org,2021-01-07,London,UK,51.0,F,False,False,False
800,james turner,noahthornton@example.com,2020-12-20,Los Angeles,USA,28.0,M,False,False,False
801,joseph graham,sara76@example.net,2020-08-05,Singapore,Singapore,36.0,M,False,False,False
802,joseph blanchard,hardindana@example.com,2019-06-10,Bangkok,Thailand,55.0,F,False,False,False
803,marissa nelson,joseph14@example.net,2022-08-04,Chicago,USA,42.0,M,False,False,False
804,julia leonard,jessicachapman@example.org,2019-06-12,Los Angeles,USA,37.0,F,False,False,False
805,megan kaiser,amy01@example.org,2022-05-24,Vancouver,Canada,41.0,M,False,False,False
806,joseph jennings,jeffrey44@example.org,2023-03-12,London,UK,49.0,F,False,False,False
807,manuel brown,stephanielittle@example.net,2019-09-14,New York,USA,58.0,M,False,False,False
808,angelica jacobs,pdouglas@example.net,2019-12-08,Toronto,Canada,22.0,M,False,False,False
809,cathy rodriguez,jonowens@example.org,2019-02-23,New York,USA,49.0,F,False,False,False
810,tammy hill,qschwartz@example.com,2019-06-22,Chicago,USA,75.0,F,False,False,False
811,richard ramirez,reyesmarvin@example.org,2021-06-26,Vancouver,Canada,24.0,F,False,False,False
812,robert thompson,vasquezsarah@example.net,2020-12-31,Sydney,Australia,71.0,M,False,False,False
813,matthew rodriguez,probinson@example.org,2022-01-28,Vancouver,Canada,24.0,F,False,False,False
814,michelle garcia,jonesjessica@example.com,2021-07-24,Paris,France,63.0,M,False,False,False
815,jonathan delgado,fitzpatrickelizabeth@example.com,2021-12-29,Sydney,Australia,74.0,M,False,False,False
816,gary myers,robertsonshelby@example.com,2020-09-22,Berlin,Germany,42.0,F,False,False,False
817,jared luna,fernandezaaron@example.net,2023-04-02,Mumbai,India,38.0,M,False,False,False
818,karen bradley,mathew46@example.org,2024-04-23,Berlin,Germany,,F,True,False,False
819,tina davis,christopher74@example.net,2023-06-20,Toronto,Canada,51.0,M,False,False,False
820,julian ponce,kentprice@example.org,2020-05-26,Manchester,UK,61.0,F,False,False,False
821,heather miller,imoss@example.org,2019-06-12,Vancouver,Canada,56.0,M,False,False,False
822,nathan watkins,yprice@example.net,2022-11-22,Singapore,Singapore,34.0,F,False,False,False
823,kathryn hanna,blevy@example.org,2023-10-14,Toronto,Canada,27.0,F,False,False,False
824,george le,zwilson@example.net,2020-07-11,,Germany,47.0,F,False,True,False
825,judy gregory,joycehall@example.org,2019-02-15,Munich,Germany,22.0,F,False,False,False
826,charles valdez,nmeadows@example.org,2020-04-21,New York,USA,,F,True,False,False
827,matthew smith,conwaylori@example.org,2023-06-26,Singapore,Singapore,39.0,F,False,False,False
828,christopher garza,wilsonbrooke@example.net,2023-03-18,Mumbai,India,19.0,M,False,False,False
829,robert simmons,rnguyen@example.net,2020-01-29,,USA,68.0,,False,True,True
830,erica oconnell,kathrynwatkins@example.com,2020-05-24,Melbourne,Australia,65.0,,False,False,True
831,donald todd,heathertran@example.com,2021-08-01,Toronto,Canada,49.0,F,False,False,False
832,kevin anderson,bstrickland@example.com,2024-04-01,Vancouver,Canada,26.0,Other,False,False,False
833,adam howe,robert72@example.org,2019-09-08,Munich,Germany,46.0,M,False,False,False
834,devin cole,sharonbishop@example.org,2022-09-27,Mumbai,India,23.0,F,False,False,False
835,michelle salazar,burtonkimberly@example.com,2020-07-19,Singapore,Singapore,23.0,,False,False,True
836,justin lee,montgomerymichelle@example.net,2023-05-24,Paris,France,60.0,F,False,False,False
837,julie sims,joshualee@example.org,2021-10-20,Chicago,USA,59.0,,False,False,True
838,tracy wells,ernestlivingston@example.org,2019-05-03,Sydney,Australia,38.0,M,False,False,False
839,dominique hamilton,christina70@example.org,2021-09-26,Chicago,USA,36.0,M,False,False,False
840,tammy thompson,washingtondarren@example.org,2024-01-01,Singapore,Singapore,62.0,F,False,False,False
841,leslie nguyen,julievillanueva@example.org,2020-05-28,Chicago,USA,47.0,M,False,False,False
842,erika garcia,ykane@example.org,2020-01-24,Berlin,Germany,27.0,M,False,False,False
843,kevin brown,nthomas@example.com,2023-08-30,Mumbai,India,74.0,M,False,False,False
844,james ellis,crystalcantrell@example.org,2020-08-28,,Germany,50.0,M,False,True,False
845,andrew carroll,derek77@example.com,2023-02-11,Manchester,UK,,M,True,False,False
846,greg tanner,kristinelittle@example.net,2020-10-18,Toronto,Canada,58.0,F,False,False,False
847,laura tran,christophervincent@example.com,2021-10-15,Sydney,Australia,25.0,M,False,False,False
848,cindy wells,uramirez@example.com,2019-07-17,Los Angeles,USA,58.0,F,False,False,False
849,danielle murphy,patriciavargas@example.org,2019-03-06,Mumbai,India,22.0,M,False,False,False
850,stephanie butler,williamsthomas@example.net,2021-03-06,Mumbai,India,47.0,F,False,False,False
851,joseph mendoza,chavezjohn@example.net,2020-03-28,London,UK,61.0,F,False,False,False
852,melissa russell,davidphillips@example.net,2024-03-16,Berlin,Germany,45.0,M,False,False,False
853,mrs. maureen martin dds,braysteven@example.org,2021-05-01,Bangkok,Thailand,66.0,F,False,False,False
854,jennifer clarke,courtney01@example.com,2023-02-12,New York,USA,69.0,,False,False,True
855,faith johnson,smullins@example.net,2019-07-27,Los Angeles,USA,50.0,M,False,False,False
856,rebecca french,olivermatthew@example.org,2022-07-04,Paris,France,51.0,F,False,False,False
857,susan cox,rodriguezmichael@example.net,2022-03-26,Sydney,Australia,59.0,M,False,False,False
858,jacob wong,castrokim@example.org,2023-06-11,Chicago,USA,51.0,F,False,False,False
859,mrs. ashley mendoza,karenhodges@example.com,2021-06-26,Paris,France,73.0,F,False,False,False
860,derek frazier,brian55@example.com,2021-04-24,London,UK,43.0,F,False,False,False
861,mr. bryan mckinney,shannon51@example.org,2020-03-14,Munich,Germany,65.0,F,False,False,False
862,judith miller,keithfrye@example.org,2021-07-05,Berlin,Germany,16.0,M,False,False,False
863,brian hernandez,nancymeyer@example.net,2019-10-04,Munich,Germany,16.0,M,False,False,False
864,jason fleming,thomasfisher@example.net,2023-04-30,New York,USA,74.0,Other,False,False,False
865,dorothy brown,marystone@example.com,2019-07-13,Chicago,USA,45.0,F,False,False,False
866,grant lucas,todd88@example.com,2020-05-26,Paris,France,32.0,F,False,False,False
867,keith villanueva,george43@example.com,2020-03-21,Bangkok,Thailand,62.0,M,False,False,False
868,dwayne bruce,michaelbryant@example.org,2022-11-13,Bangkok,Thailand,68.0,F,False,False,False
869,caitlyn nichols,teresafranco@example.net,2023-07-14,Melbourne,Australia,40.0,M,False,False,False
870,rebecca martin,williamsleslie@example.org,2023-12-07,London,UK,42.0,M,False,False,False
871,jacob harris,wadetiffany@example.org,2022-08-29,Melbourne,Australia,,F,True,False,False
872,joshua martin,david06@example.com,2021-12-09,Vancouver,Canada,36.0,M,False,False,False
873,theresa reilly,adamrodgers@example.net,2019-11-10,Toronto,Canada,59.0,F,False,False,False
874,michael wells,tara92@example.net,2022-03-24,Paris,France,21.0,F,False,False,False
875,tammy morgan,dennisrachel@example.org,2020-11-19,Chicago,USA,46.0,F,False,False,False
876,audrey johnson,seandavis@example.org,2021-03-27,Los Angeles,USA,43.0,F,False,False,False
877,christie fox,james18@example.com,2020-02-10,Munich,Germany,41.0,M,False,False,False
878,tina daugherty,ulee@example.net,2021-12-09,Melbourne,Australia,31.0,F,False,False,False
879,terri kerr,raymond65@example.com,2022-03-25,Bangkok,Thailand,23.0,F,False,False,False
880,dustin bell,fsawyer@example.org,2020-12-06,London,UK,,,True,False,True
881,jill riddle,achandler@example.org,2023-08-10,Paris,France,55.0,M,False,False,False
882,linda thomas,thomas85@example.org,2022-11-04,Toronto,Canada,25.0,F,False,False,False
883,leslie bennett,ortizrobin@example.com,2020-05-12,New York,USA,75.0,F,False,False,False
884,joel bradley,jamescollier@example.com,2022-11-21,,UK,35.0,F,False,True,False
885,amanda mckenzie,troy73@example.org,2020-03-09,Munich,Germany,50.0,M,False,False,False
886,brittany evans,qmartinez@example.com,2019-10-17,Melbourne,Australia,40.0,F,False,False,False
887,john watts,anthonyhubbard@example.com,2019-05-04,Chicago,USA,28.0,F,False,False,False
888,andrea reese dds,ooneill@example.net,2024-04-19,Sydney,Australia,20.0,M,False,False,False
889,michael wilson,brucefrancisco@example.org,2021-01-07,Sydney,Australia,17.0,F,False,False,False
890,joel steele,frank45@example.com,2021-11-07,Manchester,UK,73.0,M,False,False,False
891,tina williams,alyssa18@example.org,2020-02-12,Chicago,USA,45.0,F,False,False,False
892,catherine davis,amybrennan@example.net,2021-12-20,Bangkok,Thailand,37.0,F,False,False,False
893,denise wolfe,cody95@example.org,2020-12-21,Sydney,Australia,56.0,,False,False,True
894,joseph watson,kjenkins@example.org,2023-07-21,Vancouver,Canada,56.0,,False,False,True
895,jonathan decker,butlersabrina@example.org,2024-04-17,New York,USA,33.0,F,False,False,False
896,tammy mendoza,hannah27@example.net,2019-06-29,Chicago,USA,49.0,M,False,False,False
897,tracy jackson,anthony13@example.org,2021-05-04,Toronto,Canada,52.0,M,False,False,False
898,brenda perez,jasonzavala@example.com,2021-07-08,London,UK,24.0,M,False,False,False
899,rachel jones,ctodd@example.org,2020-02-19,Singapore,Singapore,35.0,M,False,False,False
900,ricky palmer,harrisonrebekah@example.org,2024-02-05,Manchester,UK,57.0,F,False,False,False
901,michael webster,morajamie@example.org,2021-12-27,Munich,Germany,27.0,M,False,False,False
902,gregory davis,stacy55@example.org,2020-10-14,Singapore,Singapore,42.0,M,False,False,False
903,phyllis austin,garciabelinda@example.org,2024-03-26,Sydney,Australia,25.0,F,False,False,False
904,michelle brandt,rachelmedina@example.net,2022-06-07,Singapore,Singapore,33.0,M,False,False,False
905,daniel gordon,lrichardson@example.org,2022-11-08,Toronto,Canada,38.0,F,False,False,False
906,tyler white,tina63@example.net,2022-05-23,Mumbai,India,61.0,F,False,False,False
907,brian rollins,owensapril@example.com,2019-10-09,Berlin,Germany,28.0,,False,False,True
908,michele hawkins,millertristan@example.com,2020-07-06,Bangkok,Thailand,30.0,M,False,False,False
909,kyle collins,aperez@example.com,2019-12-29,Los Angeles,USA,71.0,M,False,False,False
910,mrs. shannon jacobson,xcrosby@example.org,2020-05-20,Bangkok,Thailand,41.0,M,False,False,False
911,michael powers,qkim@example.net,2020-10-02,Melbourne,Australia,55.0,M,False,False,False
912,charles morales,figueroapatricia@example.org,2023-11-29,Sydney,Australia,49.0,M,False,False,False
913,william morgan,bmartinez@example.net,2020-05-18,Bangkok,Thailand,50.0,M,False,False,False
914,dr. ralph wheeler dds,qkelly@example.net,2023-04-17,Munich,Germany,19.0,M,False,False,False
915,victoria dixon,katrinarodriguez@example.com,2023-08-22,Singapore,Singapore,45.0,M,False,False,False
916,david dunlap jr.,greertyrone@example.org,2021-11-24,Melbourne,Australia,45.0,M,False,False,False
917,janet shelton,kevinhanson@example.org,2020-01-04,Los Angeles,USA,73.0,F,False,False,False
918,kelly vasquez,qharris@example.com,2019-02-21,Berlin,Germany,45.0,F,False,False,False
919,dennis cooper phd,cisnerosanthony@example.com,2019-07-04,Berlin,Germany,36.0,M,False,False,False
920,barbara cole,cramos@example.org,2023-02-10,Melbourne,Australia,21.0,F,False,False,False
921,matthew chan,travistaylor@example.net,2022-12-19,Munich,Germany,62.0,Other,False,False,False
922,phillip carroll,rkeller@example.net,2022-02-01,Manchester,UK,18.0,M,False,False,False
923,karen dickerson,myerstroy@example.com,2023-11-02,Sydney,Australia,26.0,M,False,False,False
924,heather levine,bryan90@example.org,2020-09-22,Manchester,UK,62.0,M,False,False,False
925,hannah harmon,hubbardcolleen@example.com,2024-01-15,Los Angeles,USA,,F,True,False,False
926,gregory howard,brian33@example.org,2023-10-18,Berlin,Germany,50.0,M,False,False,False
927,leslie lozano,meltondanny@example.org,2022-04-20,Toronto,Canada,45.0,M,False,False,False
928,gabriel murray,abradley@example.com,2023-12-12,Toronto,Canada,33.0,M,False,False,False
929,john johnson,nicholas65@example.net,2020-01-14,New York,USA,19.0,M,False,False,False
930,john vazquez,matthewshaw@example.net,2022-03-29,Sydney,Australia,35.0,F,False,False,False
931,lucas cox,karlwilliams@example.net,2019-11-27,Chicago,USA,55.0,M,False,False,False
932,darrell newton,robbinsbelinda@example.net,2019-12-30,Munich,Germany,63.0,F,False,False,False
933,austin solis,wsimmons@example.org,2020-10-23,Vancouver,Canada,73.0,F,False,False,False
934,elizabeth brock,ualvarado@example.org,2019-05-13,Munich,Germany,46.0,F,False,False,False
935,david robertson,nicoleburton@example.net,2021-04-27,Munich,Germany,29.0,F,False,False,False
936,laura lewis,oadams@example.net,2024-06-28,Melbourne,Australia,49.0,M,False,False,False
937,sarah meadows,boydmichael@example.org,2023-06-03,Bangkok,Thailand,43.0,M,False,False,False
938,paul cannon,ejenkins@example.net,2020-12-25,Paris,France,55.0,M,False,False,False
939,jason colon,jonathanburke@example.com,2023-07-13,Berlin,Germany,72.0,,False,False,True
940,chris johnson,steven86@example.com,2019-08-31,New York,USA,45.0,M,False,False,False
941,amanda moore,anthonyclarke@example.com,2022-06-14,Singapore,Singapore,,M,True,False,False
942,casey phelps,dcasey@example.org,2019-01-24,Toronto,Canada,28.0,F,False,False,False
943,edward brown,qmosley@example.net,2021-11-03,Vancouver,Canada,36.0,F,False,False,False
944,jennifer larsen,joelduncan@example.net,2023-01-23,Manchester,UK,55.0,F,False,False,False
945,kelly calderon,tyler13@example.net,2020-11-23,Mumbai,India,74.0,F,False,False,False
946,robert murphy,vshaffer@example.org,2022-07-08,Chicago,USA,73.0,M,False,False,False
947,claudia rodriguez,taragonzales@example.com,2021-04-27,Mumbai,India,69.0,M,False,False,False
948,amy ferguson,stewartrodney@example.net,2022-01-02,Munich,Germany,29.0,M,False,False,False
949,donald mueller,michaelbaldwin@example.com,2020-12-25,Singapore,Singapore,25.0,,False,False,True
950,walter obrien,vazquezkristina@example.org,2021-12-30,Sydney,Australia,52.0,F,False,False,False
951,james fowler,rebecca18@example.org,2023-03-20,Singapore,Singapore,61.0,F,False,False,False
952,jasmine browning,qpennington@example.com,2021-10-14,Los Angeles,USA,39.0,F,False,False,False
953,rodney young,michelemartin@example.com,2019-12-25,Vancouver,Canada,39.0,M,False,False,False
954,sherry wang,rmccormick@example.org,2021-11-02,Berlin,Germany,67.0,F,False,False,False
955,teresa ruiz,vhouse@example.net,2021-09-17,Bangkok,Thailand,35.0,M,False,False,False
956,thomas garcia,hollyhunter@example.com,2024-04-05,Mumbai,India,59.0,F,False,False,False
957,nicholas kelley,shawn00@example.net,2023-01-01,Manchester,UK,,M,True,False,False
958,lorraine gibbs,aarongonzalez@example.com,2023-11-21,Paris,France,37.0,M,False,False,False
959,bradley moore,melaniejennings@example.com,2023-03-07,Sydney,Australia,17.0,M,False,False,False
960,shane anderson,graceserrano@example.com,2020-02-15,London,UK,34.0,F,False,False,False
961,jason white,kduffy@example.org,2020-07-12,,USA,26.0,M,False,True,False
962,alexander hansen,rebeccamccann@example.org,2019-07-29,Munich,Germany,50.0,F,False,False,False
963,samuel williams,jburke@example.org,2023-07-05,Melbourne,Australia,52.0,M,False,False,False
964,carolyn bradley,higginsryan@example.com,2022-01-12,London,UK,19.0,M,False,False,False
965,kathleen walker,jamesatkins@example.com,2021-02-24,Los Angeles,USA,21.0,M,False,False,False
966,johnny anderson,carolcarney@example.com,2022-07-13,Paris,France,55.0,F,False,False,False
967,chelsey white,anthonycherry@example.org,2022-10-05,Singapore,Singapore,21.0,M,False,False,False
968,susan wood,emiller@example.org,2019-07-10,Chicago,USA,22.0,M,False,False,False
969,valerie sanders,jennifererickson@example.net,2021-08-21,Berlin,Germany,30.0,F,False,False,False
970,angel hawkins,cookjimmy@example.com,2021-03-13,London,UK,60.0,M,False,False,False
971,teresa coffey dds,smithwilliam@example.com,2021-07-17,London,UK,17.0,M,False,False,False
972,james wood,carpenterjorge@example.net,2019-12-16,Mumbai,India,65.0,M,False,False,False
973,gerald mcdonald jr.,hthomas@example.com,2023-08-02,Manchester,UK,36.0,F,False,False,False
974,carl savage,julie64@example.com,2021-03-31,Berlin,Germany,42.0,F,False,False,False
975,pam baker,ryan25@example.net,2021-02-25,Berlin,Germany,37.0,F,False,False,False
976,pamela hernandez dvm,jbrown@example.org,2022-03-07,Manchester,UK,50.0,M,False,False,False
977,andrew green,fgraham@example.org,2024-03-21,Melbourne,Australia,69.0,M,False,False,False
978,william hoffman,uvasquez@example.org,2019-07-19,Munich,Germany,27.0,M,False,False,False
979,brandon oneill,marybrady@example.com,2023-07-26,Sydney,Australia,65.0,M,False,False,False
980,mary lewis,foxashley@example.com,2019-07-05,New York,USA,68.0,M,False,False,False
981,danielle jimenez,clayanthony@example.net,2019-01-01,Singapore,Singapore,58.0,F,False,False,False
982,mrs. jacqueline hickman,hooderic@example.org,2021-07-04,Paris,France,29.0,M,False,False,False
983,michael castillo,brooke05@example.org,2022-10-23,Bangkok,Thailand,74.0,,False,False,True
984,tiffany nguyen,jasonwilliams@example.net,2019-07-02,London,UK,16.0,M,False,False,False
985,robert manning,tammyglenn@example.org,2020-08-25,Mumbai,India,39.0,F,False,False,False
986,daniel price,wmitchell@example.net,2023-08-08,Munich,Germany,23.0,F,False,False,False
987,edwin owen,rebecca92@example.com,2022-04-23,Melbourne,Australia,56.0,F,False,False,False
988,sandra hunt,ygriffin@example.com,2020-03-08,Munich,Germany,46.0,M,False,False,False
989,kyle davis,nshepherd@example.org,2023-09-17,London,UK,25.0,F,False,False,False
990,jeffery williams,teresa32@example.com,2019-05-27,New York,USA,17.0,M,False,False,False
991,maria miller,zkim@example.com,2019-06-23,Chicago,USA,57.0,M,False,False,False
992,william sutton,mckenzie86@example.com,2022-05-22,Melbourne,Australia,55.0,M,False,False,False
993,kristen lowery,dixonrobert@example.com,2021-02-26,Berlin,Germany,30.0,M,False,False,False
994,laura king,brenda80@example.org,2023-02-05,Mumbai,India,61.0,M,False,False,False
995,julie hartman,awilliams@example.net,2019-03-10,London,UK,52.0,M,False,False,False
996,kevin gibson,qhanson@example.com,2019-06-13,Melbourne,Australia,62.0,,False,False,True
997,shelby lopez,christianhendrix@example.com,2020-07-26,Singapore,Singapore,49.0,F,False,False,False
998,ashley ferguson,fosteralexander@example.net,2022-07-15,Berlin,Germany,59.0,F,False,False,False
999,michael melton,nturner@example.com,2024-01-25,New York,USA,50.0,M,False,False,False
1000,tracey leonard,christopher20@example.org,2022-03-21,Berlin,Germany,42.0,F,False,False,False
1001,alan waller,clarkdeborah@example.net,2019-03-14,Chicago,USA,63.0,F,False,False,False
1002,ryan garrison,christophercarrillo@example.org,2021-08-27,Sydney,Australia,26.0,F,False,False,False
1003,alex martin,joannewallace@example.com,2022-07-02,Melbourne,Australia,34.0,F,False,False,False
1004,scott richards,kennethgallegos@example.com,2020-07-23,Singapore,Singapore,24.0,F,False,False,False
1005,adam mccoy,fpetty@example.net,2019-08-17,Melbourne,Australia,27.0,M,False,False,False
1006,monique duarte,freemantodd@example.net,2023-07-13,London,UK,32.0,F,False,False,False
1007,taylor stein,dhall@example.net,2023-11-01,Munich,Germany,37.0,M,False,False,False
1008,kenneth tran,patricia67@example.org,2019-11-12,Mumbai,India,64.0,F,False,False,False
1009,todd reed dds,martinjessica@example.com,2023-01-26,Berlin,Germany,26.0,F,False,False,False
1010,david robinson,sandra72@example.com,2020-06-25,Sydney,Australia,19.0,F,False,False,False
1011,jeanette butler,laura29@example.org,2024-04-26,Melbourne,Australia,30.0,M,False,False,False
1012,paul estrada,glenmoore@example.com,2021-12-22,Chicago,USA,16.0,F,False,False,False
1013,jason chaney,jimmy80@example.org,2024-05-23,London,UK,59.0,M,False,False,False
1014,dean rhodes,mariakline@example.org,2024-05-12,London,UK,55.0,F,False,False,False
1015,gail wilson,davidwalker@example.com,2023-07-02,Vancouver,Canada,32.0,M,False,False,False
1016,rachel hammond phd,paula89@example.net,2020-05-10,Melbourne,Australia,65.0,M,False,False,False
1017,anthony shah,westes@example.org,2020-10-03,Chicago,USA,16.0,F,False,False,False
1018,rachael lynch,colonbobby@example.org,2021-12-11,Los Angeles,USA,59.0,F,False,False,False
1019,bruce harris,eric47@example.net,2019-03-11,Toronto,Canada,55.0,M,False,False,False
1020,dr. christian cox phd,allisonscott@example.com,2020-03-20,Mumbai,India,56.0,F,False,False,False
1021,adriana davenport,gpeterson@example.org,2019-09-24,Paris,France,58.0,M,False,False,False
1022,jaime fischer,crystal32@example.net,2024-01-10,Chicago,USA,60.0,M,False,False,False
1023,darren pham,dhardin@example.net,2022-08-01,Los Angeles,USA,75.0,M,False,False,False
1024,heidi johnson,kaylarobbins@example.net,2023-04-26,Sydney,Australia,32.0,M,False,False,False
1025,angela edwards,ryanlong@example.org,2021-03-06,Manchester,UK,19.0,F,False,False,False
1026,margaret orr,levinetina@example.net,2021-10-04,Los Angeles,USA,55.0,F,False,False,False
1027,valerie barnes,jennifer55@example.org,2023-04-24,Munich,Germany,29.0,F,False,False,False
1028,stephanie bishop,isabellagriffin@example.org,2019-07-31,Vancouver,Canada,20.0,M,False,False,False
1029,lori montgomery,zterry@example.net,2024-01-11,,USA,25.0,F,False,True,False
1030,craig turner,medinapeter@example.net,2020-06-29,Manchester,UK,60.0,F,False,False,False
1031,beth braun,jason88@example.com,2024-04-08,Melbourne,Australia,46.0,M,False,False,False
1032,nicole moore,zamoraamber@example.com,2019-05-24,Singapore,Singapore,,M,True,False,False
1033,raymond barber,dennismckenzie@example.com,2019-09-06,Berlin,Germany,50.0,M,False,False,False
1034,heather williams,westashley@example.org,2019-04-24,Manchester,UK,57.0,,False,False,True
1035,william trujillo,michaelmitchell@example.net,2023-09-19,Los Angeles,USA,64.0,F,False,False,False
1036,brenda gray,danielblack@example.org,2024-06-04,New York,USA,58.0,M,False,False,False
1037,heather garcia,fpoole@example.org,2022-11-11,Sydney,Australia,47.0,M,False,False,False
1038,stephen alvarez,rmiller@example.net,2019-03-15,Chicago,USA,17.0,M,False,False,False
1039,justin maxwell,breanna67@example.net,2023-06-12,Los Angeles,USA,57.0,M,False,False,False
1040,katherine mcpherson,drewmartinez@example.net,2024-06-02,Berlin,Germany,18.0,M,False,False,False
1041,walter palmer,bensonstanley@example.org,2019-08-31,Manchester,UK,67.0,Other,False,False,False
1042,terry wood,guzmanricky@example.org,2023-11-26,Mumbai,India,25.0,F,False,False,False
1043,dylan mills,watsonvickie@example.com,2019-10-17,Melbourne,Australia,,M,True,False,False
1044,alfred thomas,twilliams@example.com,2022-12-07,Toronto,Canada,,M,True,False,False
1045,robert burns,kelleycarlos@example.org,2023-06-14,Mumbai,India,45.0,F,False,False,False
1046,kenneth knight,kimberly79@example.org,2019-08-06,Mumbai,India,47.0,F,False,False,False
1047,kathy murray,jcontreras@example.net,2021-05-22,Toronto,Canada,67.0,F,False,False,False
1048,robert beck,zhughes@example.com,2024-06-21,Los Angeles,USA,50.0,M,False,False,False
1049,tina wu,debbie20@example.net,2019-04-04,Singapore,Singapore,27.0,F,False,False,False
1050,patricia parker,schneiderchristopher@example.net,2019-12-11,Manchester,UK,51.0,M,False,False,False
1051,nina bernard,karenshaw@example.org,2019-07-24,Chicago,USA,55.0,M,False,False,False
1052,timothy white,hilljamie@example.net,2019-01-14,Los Angeles,USA,27.0,M,False,False,False
1053,lauren miller,richard07@example.org,2021-05-02,Vancouver,Canada,60.0,F,False,False,False
1054,christopher johnson,patrick11@example.org,2021-04-23,Berlin,Germany,27.0,F,False,False,False
1055,dominique white,moorestephanie@example.net,2022-06-07,Berlin,Germany,56.0,F,False,False,False
1056,lucas nguyen,reeveskenneth@example.org,2020-04-27,Munich,Germany,23.0,M,False,False,False
1057,jason nguyen,hdavid@example.org,2023-04-08,Mumbai,India,48.0,M,False,False,False
1058,paul willis,gromero@example.com,2019-04-19,Vancouver,Canada,23.0,,False,False,True
1059,debra flores,bjones@example.com,2021-10-15,Berlin,Germany,26.0,M,False,False,False
1060,susan smith,sanchezangela@example.org,2020-03-05,Vancouver,Canada,32.0,M,False,False,False
1061,jason miller,kristathomas@example.net,2019-08-02,New York,USA,75.0,F,False,False,False
1062,dr. kimberly henderson,dwilliams@example.net,2019-08-26,Munich,Germany,73.0,M,False,False,False
1063,william smith,qnelson@example.net,2020-02-12,Manchester,UK,30.0,F,False,False,False
1064,gregory chen,brandon89@example.org,2021-04-24,Melbourne,Australia,40.0,M,False,False,False
1065,james martinez,jessicalutz@example.com,2023-12-29,New York,USA,25.0,F,False,False,False
1066,jonathan pham,cynthia74@example.org,2019-10-07,London,UK,62.0,F,False,False,False
1067,erica clark,allen20@example.net,2019-09-18,London,UK,60.0,F,False,False,False
1068,steven chambers,speters@example.net,2021-07-28,Berlin,Germany,26.0,F,False,False,False
1069,james miller phd,ryanpatricia@example.net,2023-06-05,Chicago,USA,55.0,M,False,False,False
1070,caleb stanton,wcarey@example.com,2019-06-27,Toronto,Canada,70.0,F,False,False,False
1071,randy terry,martinezmitchell@example.org,2023-09-11,Berlin,Germany,,M,True,False,False
1072,daniel smith,erin53@example.org,2020-11-01,Toronto,Canada,53.0,Other,False,False,False
1073,lori stokes,jimsnyder@example.com,2022-03-20,Bangkok,Thailand,42.0,M,False,False,False
1074,johnathan padilla,adrianjoyce@example.net,2021-10-29,Singapore,Singapore,43.0,M,False,False,False
1075,sergio carroll,mjackson@example.net,2019-07-20,Mumbai,India,47.0,F,False,False,False
1076,megan morrison,cameronanderson@example.org,2021-04-12,Melbourne,Australia,24.0,,False,False,True
1077,timothy foley,james08@example.net,2021-09-09,New York,USA,26.0,M,False,False,False
1078,justin gibson,pdavidson@example.org,2024-06-22,New York,USA,45.0,F,False,False,False
1079,erica richard,rhill@example.net,2023-11-20,Singapore,Singapore,56.0,M,False,False,False
1080,isaiah blake,brandonhull@example.net,2021-02-27,Los Angeles,USA,,F,True,False,False
1081,aaron lee,beardlindsey@example.net,2022-01-15,Paris,France,66.0,M,False,False,False
1082,michael rosario,jamesmurphy@example.org,2023-02-15,London,UK,48.0,M,False,False,False
1083,anne castillo,watkinsconnie@example.com,2021-02-23,Los Angeles,USA,45.0,F,False,False,False
1084,danielle wells,marissa58@example.org,2022-12-14,Munich,Germany,51.0,,False,False,True
1085,patricia harvey,garrettbeth@example.org,2022-01-10,Toronto,Canada,57.0,M,False,False,False
1086,sydney bennett,pattonbryan@example.com,2020-03-05,Melbourne,Australia,36.0,M,False,False,False
1087,leslie reynolds,byrdanita@example.com,2019-04-22,Vancouver,Canada,39.0,M,False,False,False
1088,jennifer williamson,mhall@example.net,2021-08-20,Los Angeles,USA,59.0,F,False,False,False
1089,jody marshall,nhobbs@example.org,2023-06-27,London,UK,28.0,F,False,False,False
1090,timothy logan,lholmes@example.org,2020-01-02,Bangkok,Thailand,20.0,M,False,False,False
1091,adam reeves,rebeccamartinez@example.net,2019-11-05,,Germany,49.0,F,False,True,False
1092,jason hardy,ilopez@example.org,2022-01-13,Sydney,Australia,46.0,M,False,False,False
1093,eric graham,larry82@example.org,2020-01-23,Vancouver,Canada,17.0,Other,False,False,False
1094,larry carter,holmesdiane@example.org,2020-11-18,Sydney,Australia,53.0,F,False,False,False
1095,jonathon conley,hendersonjames@example.org,2022-09-25,Paris,France,69.0,M,False,False,False
1096,christina jones,elizabethneal@example.com,2023-06-05,Bangkok,Thailand,26.0,F,False,False,False
1097,erin lane,christina65@example.org,2023-04-26,Vancouver,Canada,25.0,F,False,False,False
1098,shawn lozano,arobinson@example.net,2019-11-26,Bangkok,Thailand,34.0,M,False,False,False
1099,david hanson,timothytate@example.com,2022-09-26,Bangkok,Thailand,26.0,F,False,False,False
1100,jamie ross,coxcharles@example.org,2021-06-21,Chicago,USA,39.0,F,False,False,False
1101,brenda alexander,bradley03@example.org,2024-06-25,London,UK,25.0,F,False,False,False
1102,daniel green,matthewspencer@example.org,2019-09-06,Vancouver,Canada,41.0,Other,False,False,False
1103,christopher green,smitherica@example.com,2020-10-17,Bangkok,Thailand,16.0,M,False,False,False
1104,stacey morgan,kevinallen@example.com,2022-12-15,Sydney,Australia,46.0,M,False,False,False
1105,teresa rowland,ejohns@example.org,2022-09-27,Paris,France,67.0,F,False,False,False
1106,thomas norton,amandabenson@example.com,2019-08-19,Melbourne,Australia,,F,True,False,False
1107,vanessa sanchez,hinesbrenda@example.net,2021-04-02,New York,USA,69.0,F,False,False,False
1108,charles wright,monique89@example.com,2022-08-06,Paris,France,53.0,M,False,False,False
1109,brad ruiz,jacksonpaul@example.net,2019-02-16,Toronto,Canada,50.0,,False,False,True
1110,jacqueline stone,marcbrooks@example.net,2021-03-18,Munich,Germany,47.0,Other,False,False,False
1111,dr. john perkins,clarkpatricia@example.com,2022-09-27,Bangkok,Thailand,41.0,F,False,False,False
1112,jennifer torres,xduncan@example.com,2019-01-25,London,UK,38.0,M,False,False,False
1113,brandy miller,ostone@example.net,2020-03-17,Los Angeles,USA,63.0,F,False,False,False
1114,jose rogers,amcdonald@example.com,2023-01-30,Singapore,Singapore,62.0,M,False,False,False
1115,emily reyes,scottbaker@example.org,2019-10-22,Los Angeles,USA,35.0,,False,False,True
1116,bradley kirby,hartmansara@example.org,2024-03-26,,USA,64.0,M,False,True,False
1117,isaac payne,james54@example.com,2021-04-28,Vancouver,Canada,51.0,M,False,False,False
1118,patricia bruce,janicebolton@example.net,2020-01-16,Toronto,Canada,34.0,M,False,False,False
1119,susan smith,juan56@example.com,2022-04-13,Mumbai,India,47.0,F,False,False,False
1120,norma smith,michelleperez@example.net,2019-11-12,New York,USA,35.0,M,False,False,False
1121,kara black,dsharp@example.com,2022-09-25,Sydney,Australia,42.0,M,False,False,False
1122,emily lopez,cclark@example.net,2019-09-02,New York,USA,47.0,M,False,False,False
1123,charles russo,sherry07@example.net,2021-09-11,Paris,France,43.0,M,False,False,False
1124,gina barnes,sfarmer@example.net,2023-08-03,Melbourne,Australia,39.0,M,False,False,False
1125,kevin bradley,weekseric@example.com,2022-04-06,Chicago,USA,25.0,F,False,False,False
1126,rebecca mcintyre,nbaird@example.com,2019-04-19,Chicago,USA,39.0,F,False,False,False
1127,james wells,ashley74@example.org,2020-08-20,Vancouver,Canada,56.0,M,False,False,False
1128,michael thompson,ocampbell@example.com,2023-04-16,Chicago,USA,54.0,M,False,False,False
1129,andrea brown,jacksonmichele@example.com,2023-09-27,Mumbai,India,33.0,F,False,False,False
1130,william anderson,emendoza@example.com,2020-12-21,Paris,France,16.0,M,False,False,False
1131,sharon anderson,kylemeyers@example.net,2020-11-27,Manchester,UK,22.0,M,False,False,False
1132,larry crosby,waynecohen@example.com,2024-01-12,Singapore,Singapore,55.0,M,False,False,False
1133,william griffin,pjacobs@example.net,2022-02-02,Melbourne,Australia,42.0,M,False,False,False
1134,keith henry,vjohnston@example.org,2019-02-05,Bangkok,Thailand,38.0,M,False,False,False
1135,stanley bryant,peter26@example.org,2022-05-08,Bangkok,Thailand,64.0,F,False,False,False
1136,luke reynolds,lbartlett@example.net,2023-07-27,Melbourne,Australia,30.0,M,False,False,False
1137,jennifer bautista,nicolemoore@example.net,2019-09-14,Vancouver,Canada,24.0,M,False,False,False
1138,mary jones,reginajenkins@example.net,2019-06-09,Los Angeles,USA,65.0,F,False,False,False
1139,jacob campos,robert24@example.org,2023-06-13,New York,USA,,F,True,False,False
1140,julia jones,vjames@example.com,2020-09-09,Los Angeles,USA,64.0,M,False,False,False
1141,jennifer smith,fletcherderek@example.net,2024-01-20,,France,27.0,F,False,True,False
1142,kari jones,jenniferkim@example.com,2024-04-12,Melbourne,Australia,53.0,M,False,False,False
1143,sarah jackson,lawsongregory@example.org,2022-06-09,Melbourne,Australia,48.0,M,False,False,False
1144,jeanne jones,byrderic@example.com,2021-12-19,New York,USA,61.0,M,False,False,False
1145,miguel stafford,scottwilliams@example.net,2019-01-09,Munich,Germany,75.0,M,False,False,False
1146,margaret moran,myerskyle@example.org,2022-11-30,London,UK,27.0,F,False,False,False
1147,amber bennett,sarahbrooks@example.org,2021-02-16,London,UK,29.0,M,False,False,False
1148,alan johnson,rogersjames@example.net,2019-09-11,London,UK,23.0,F,False,False,False
1149,tyler davis,jenniferwilliams@example.net,2022-02-15,Vancouver,Canada,21.0,F,False,False,False
1150,gabriel hart,colleenvilla@example.com,2023-02-16,Paris,France,59.0,M,False,False,False
1151,barbara lewis,marcus06@example.net,2023-10-18,Vancouver,Canada,28.0,M,False,False,False
1152,james ellis,barrettjoshua@example.net,2021-01-22,Sydney,Australia,16.0,F,False,False,False
1153,austin robinson,katrina71@example.net,2021-12-06,Berlin,Germany,59.0,F,False,False,False
1154,wanda jefferson,johnathandavis@example.com,2024-06-25,Paris,France,63.0,F,False,False,False
1155,miss megan compton,martinreid@example.net,2020-11-24,Toronto,Canada,54.0,F,False,False,False
1156,samuel olson,andres97@example.com,2023-01-25,Manchester,UK,33.0,M,False,False,False
1157,natalie gordon,hallchristina@example.org,2023-06-05,Singapore,Singapore,41.0,,False,False,True
1158,oscar todd,brownnicholas@example.com,2021-11-13,Berlin,Germany,25.0,F,False,False,False
1159,james may,sandrageorge@example.com,2020-04-17,Berlin,Germany,,M,True,False,False
1160,erin ramirez,meyertiffany@example.net,2022-10-20,Berlin,Germany,27.0,F,False,False,False
1161,nicole perez,matthew38@example.org,2022-06-30,Paris,France,64.0,M,False,False,False
1162,mary wright,cathyjames@example.com,2021-08-12,Singapore,Singapore,34.0,F,False,False,False
1163,mark brown,mjones@example.org,2023-07-16,London,UK,,,True,False,True
1164,brenda harris,thompsonana@example.org,2024-02-17,Bangkok,Thailand,40.0,F,False,False,False
1165,blake hardy,frank33@example.com,2019-03-09,New York,USA,51.0,M,False,False,False
1166,david mitchell,mfaulkner@example.com,2021-10-03,Chicago,USA,24.0,M,False,False,False
1167,karen tapia,raymond27@example.com,2022-10-14,Paris,France,58.0,M,False,False,False
1168,leon hamilton,lorileon@example.org,2023-10-16,Munich,Germany,,M,True,False,False
1169,jessica miller,brooke28@example.net,2022-06-17,Manchester,UK,65.0,F,False,False,False
1170,james torres,nicholas97@example.org,2019-09-20,New York,USA,38.0,M,False,False,False
1171,miguel gonzalez,adamhensley@example.net,2020-11-29,Sydney,Australia,22.0,F,False,False,False
1172,katherine frost,xwaller@example.com,2022-09-16,New York,USA,31.0,F,False,False,False
1173,martin chapman md,riddledavid@example.net,2019-05-15,,Australia,23.0,F,False,True,False
1174,phillip krueger,william75@example.net,2022-09-09,Berlin,Germany,52.0,F,False,False,False
1175,james coleman,johnjohnson@example.com,2022-04-19,Berlin,Germany,36.0,M,False,False,False
1176,megan terry,josegibson@example.net,2021-09-27,Singapore,Singapore,60.0,M,False,False,False
1177,david lane,alexanderwise@example.net,2022-09-28,Singapore,Singapore,26.0,F,False,False,False
1178,janice mccarthy,stonejacob@example.com,2022-07-25,Berlin,Germany,69.0,F,False,False,False
1179,jeffery holt,uwillis@example.com,2022-03-20,Vancouver,Canada,67.0,F,False,False,False
1180,tammy booth,fieldskimberly@example.com,2022-03-30,Mumbai,India,53.0,M,False,False,False
1181,debra clark,ahale@example.org,2021-05-24,Berlin,Germany,38.0,F,False,False,False
1182,april jones,pwarren@example.com,2020-09-06,Singapore,Singapore,58.0,F,False,False,False
1183,carolyn brooks,jameswhite@example.org,2021-11-21,Paris,France,58.0,F,False,False,False
1184,robert lopez,bradylisa@example.org,2021-11-23,Melbourne,Australia,52.0,M,False,False,False
1185,steven ortiz,oneillgabriel@example.com,2020-07-02,Berlin,Germany,50.0,M,False,False,False
1186,caleb brown,richardstimothy@example.net,2022-03-05,Bangkok,Thailand,19.0,F,False,False,False
1187,alexandra adams,ortegakristina@example.org,2023-03-09,Chicago,USA,70.0,M,False,False,False
1188,joseph smith,sarah75@example.net,2022-07-22,Los Angeles,USA,70.0,M,False,False,False
1189,jacob wu,lisa56@example.com,2022-11-07,Vancouver,Canada,31.0,F,False,False,False
1190,vanessa marks,smithmonica@example.com,2023-06-21,Toronto,Canada,45.0,F,False,False,False
1191,stacy taylor,meltonjoshua@example.net,2019-03-17,,Thailand,26.0,M,False,True,False
1192,danielle hayes,qrobertson@example.org,2022-09-10,Vancouver,Canada,27.0,M,False,False,False
1193,mark mcmahon,allen50@example.net,2019-02-10,Singapore,Singapore,71.0,F,False,False,False
1194,jeremy lawson,ystevenson@example.org,2024-01-19,Los Angeles,USA,73.0,F,False,False,False
1195,todd david,shatfield@example.org,2023-01-23,Mumbai,India,31.0,Other,False,False,False
1196,elizabeth lee,mollywalter@example.net,2022-09-22,Munich,Germany,65.0,M,False,False,False
1197,bethany robles,marisa87@example.org,2022-05-13,Toronto,Canada,65.0,M,False,False,False
1198,tina olson,johnjackson@example.net,2023-07-09,Manchester,UK,75.0,F,False,False,False
1199,ashley holder,martinsarah@example.com,2021-06-19,Vancouver,Canada,32.0,M,False,False,False
1200,connie scott,qlynn@example.org,2024-04-26,Melbourne,Australia,36.0,F,False,False,False
1201,tammy schultz,sdavis@example.com,2023-12-07,Vancouver,Canada,39.0,F,False,False,False
1202,tara miranda,schneidernicholas@example.net,2024-06-03,Sydney,Australia,18.0,Other,False,False,False
1203,molly valdez,ostokes@example.com,2024-02-22,Melbourne,Australia,32.0,,False,False,True
1204,brandon davis,juliewilson@example.com,2024-01-24,London,UK,50.0,F,False,False,False
1205,erik james,collinsbrittany@example.org,2024-05-21,Bangkok,Thailand,75.0,F,False,False,False
1206,veronica flores,lauren28@example.net,2023-03-30,Mumbai,India,35.0,M,False,False,False
1207,courtney foster,sstewart@example.org,2020-10-11,Sydney,Australia,42.0,F,False,False,False
1208,mr. kyle thomas dds,georgekyle@example.net,2024-04-10,Singapore,Singapore,46.0,F,False,False,False
1209,zachary mccarthy,nwelch@example.com,2023-12-01,Manchester,UK,68.0,F,False,False,False
1210,vincent brown,eric33@example.net,2022-05-18,Manchester,UK,63.0,M,False,False,False
1211,tammy parsons,tluna@example.net,2022-08-06,Sydney,Australia,56.0,F,False,False,False
1212,caitlin smith,rrogers@example.com,2022-07-10,Toronto,Canada,36.0,F,False,False,False
1213,norma myers dds,justin38@example.com,2024-06-08,Melbourne,Australia,64.0,F,False,False,False
1214,frank moody,hornjenna@example.com,2021-07-13,London,UK,71.0,M,False,False,False
1215,laura ramos,jcarter@example.org,2020-11-01,Mumbai,India,28.0,F,False,False,False
1216,paul moss,coxmelissa@example.org,2024-04-18,,UK,,M,True,True,False
1217,virginia hernandez,kshelton@example.org,2022-07-07,Paris,France,74.0,F,False,False,False
1218,william white,wilsonzachary@example.com,2019-12-12,Mumbai,India,41.0,F,False,False,False
1219,tracy sims,hsanchez@example.org,2019-12-15,London,UK,,M,True,False,False
1220,eric carlson,denisebennett@example.net,2021-07-18,Bangkok,Thailand,23.0,Other,False,False,False
1221,megan davis dds,phill@example.com,2023-05-21,Mumbai,India,34.0,F,False,False,False
1222,bryan miller,gmay@example.org,2022-05-13,Toronto,Canada,68.0,F,False,False,False
1223,kenneth armstrong,heather19@example.org,2023-06-11,Manchester,UK,17.0,M,False,False,False
1224,zachary park,ashley15@example.org,2020-05-23,Bangkok,Thailand,53.0,F,False,False,False
1225,shannon medina,bhess@example.com,2023-11-20,Chicago,USA,60.0,F,False,False,False
1226,kimberly burnett,lbrown@example.net,2023-02-16,Manchester,UK,32.0,F,False,False,False
1227,rachel martinez,tammymerritt@example.org,2020-04-25,Bangkok,Thailand,74.0,M,False,False,False
1228,melissa smith,hmcbride@example.org,2022-05-10,Singapore,Singapore,16.0,F,False,False,False
1229,daniel martin,melissa01@example.org,2022-10-06,Manchester,UK,24.0,M,False,False,False
1230,heidi stephens,qrowland@example.org,2019-12-14,Vancouver,Canada,47.0,F,False,False,False
1231,angel bautista,donna72@example.net,2022-12-25,London,UK,43.0,F,False,False,False
1232,erik bartlett dvm,haileybates@example.org,2021-10-19,Chicago,USA,63.0,M,False,False,False
1233,cole evans,susanguzman@example.org,2022-06-09,Vancouver,Canada,49.0,F,False,False,False
1234,destiny daniel,qjones@example.com,2023-04-14,Berlin,Germany,51.0,M,False,False,False
1235,steven ross,duffyerica@example.net,2020-01-22,New York,USA,19.0,F,False,False,False
1236,dalton soto,wanda35@example.net,2021-08-14,Melbourne,Australia,23.0,F,False,False,False
1237,samantha jacobs,uunderwood@example.com,2022-12-23,London,UK,47.0,M,False,False,False
1238,victor wright,david18@example.com,2019-09-11,Chicago,USA,21.0,M,False,False,False
1239,mark cox,kimberly23@example.com,2021-11-07,Melbourne,Australia,52.0,M,False,False,False
1240,james novak,ylynn@example.org,2021-12-13,New York,USA,27.0,M,False,False,False
1241,nicholas parker,wdavis@example.net,2019-07-13,Sydney,Australia,17.0,F,False,False,False
1242,diane nelson,mosleygeorge@example.com,2022-04-24,,UK,69.0,M,False,True,False
1243,robert byrd,iwoods@example.com,2022-09-12,Melbourne,Australia,45.0,M,False,False,False
1244,jose moore,douglasbradley@example.com,2024-06-09,London,UK,57.0,Other,False,False,False
1245,nicholas villegas,erikabarnes@example.com,2024-02-01,Melbourne,Australia,24.0,M,False,False,False
1246,william lindsey,joshua68@example.net,2023-06-23,London,UK,63.0,F,False,False,False
1247,robin torres,mezarichard@example.com,2020-06-06,Manchester,UK,31.0,F,False,False,False
1248,madison jones,shirleymartin@example.org,2020-03-02,Mumbai,India,40.0,M,False,False,False
1249,dustin noble,haydenroger@example.net,2019-11-12,Sydney,Australia,35.0,M,False,False,False
1250,breanna jimenez,sullivanchristina@example.net,2024-01-25,Vancouver,Canada,24.0,F,False,False,False
1251,jeffery ferguson,john89@example.org,2021-09-29,Toronto,Canada,72.0,M,False,False,False
1252,traci craig,gregoryrichardson@example.org,2023-03-30,Los Angeles,USA,67.0,M,False,False,False
1253,tiffany henderson,hjackson@example.com,2019-03-24,Los Angeles,USA,37.0,M,False,False,False
1254,danielle ryan,robertstimothy@example.com,2019-11-14,Melbourne,Australia,49.0,F,False,False,False
1255,oscar carroll,sandrahickman@example.net,2019-06-12,Manchester,UK,35.0,M,False,False,False
1256,stephanie walls,abrown@example.net,2020-05-24,Mumbai,India,43.0,F,False,False,False
1257,edwin rodriguez,pamela26@example.com,2021-11-17,New York,USA,48.0,M,False,False,False
1258,jeffrey gonzalez,robertgentry@example.org,2023-07-23,Paris,France,38.0,M,False,False,False
1259,matthew perez,xbrooks@example.com,2023-02-25,Los Angeles,USA,27.0,F,False,False,False
1260,kimberly adams,cdouglas@example.org,2023-12-01,Manchester,UK,36.0,M,False,False,False
1261,paul smith,danielmitchell@example.org,2023-07-13,Paris,France,37.0,F,False,False,False
1262,patrick santana,elizabethvaughan@example.net,2019-06-10,Chicago,USA,32.0,M,False,False,False
1263,mrs. katherine simpson,markduran@example.com,2021-03-19,New York,USA,16.0,M,False,False,False
1264,tammy cameron,ganderson@example.org,2022-09-09,Mumbai,India,62.0,,False,False,True
1265,gregory smith,brettgallegos@example.com,2022-11-15,London,UK,67.0,F,False,False,False
1266,nancy hamilton,justin16@example.org,2023-07-30,Los Angeles,USA,60.0,F,False,False,False
1267,monica lopez,katie43@example.net,2019-10-25,Sydney,Australia,31.0,M,False,False,False
1268,christina mccarthy,hayneswayne@example.org,2019-06-26,Toronto,Canada,65.0,F,False,False,False
1269,scott fuller,jeromeanderson@example.org,2024-01-23,Chicago,USA,63.0,M,False,False,False
1270,corey thomas,jensenchristopher@example.org,2021-07-09,Mumbai,India,31.0,M,False,False,False
1271,joseph graves,jeffreysimmons@example.org,2020-11-14,New York,USA,22.0,,False,False,True
1272,maria torres,michael56@example.org,2021-10-12,Mumbai,India,54.0,F,False,False,False
1273,anthony williams,guerreromarc@example.com,2021-09-22,Manchester,UK,53.0,M,False,False,False
1274,terry garcia,johnnyhenry@example.com,2021-09-26,,India,61.0,M,False,True,False
1275,brent smith,markfigueroa@example.com,2019-05-11,Munich,Germany,73.0,F,False,False,False
1276,leah jacobs,debraclark@example.com,2024-04-06,Paris,France,38.0,F,False,False,False
1277,brian soto,williamstanya@example.net,2020-01-29,Melbourne,Australia,38.0,M,False,False,False
1278,cheryl griffin,jonesamy@example.com,2020-11-25,Sydney,Australia,70.0,F,False,False,False
1279,john juarez,bradleylee@example.net,2023-01-20,Vancouver,Canada,42.0,M,False,False,False
1280,stephanie malone,patricia71@example.com,2021-08-25,Singapore,Singapore,55.0,F,False,False,False
1281,jason velazquez,jacksonjoshua@example.org,2019-09-22,Berlin,Germany,28.0,M,False,False,False
1282,tyler brown,joysanders@example.net,2020-09-13,Berlin,Germany,29.0,F,False,False,False
1283,kayla jones,ychristensen@example.net,2021-01-01,Vancouver,Canada,27.0,F,False,False,False
1284,jennifer nelson,adamarmstrong@example.net,2020-11-22,Los Angeles,USA,23.0,F,False,False,False
1285,sherry gibbs,ugordon@example.net,2020-11-27,Vancouver,Canada,,F,True,False,False
1286,samuel phillips,andrea23@example.org,2023-10-14,Chicago,USA,54.0,Other,False,False,False
1287,dorothy bowman,sara40@example.net,2023-06-25,Berlin,Germany,69.0,M,False,False,False
1288,wanda clark,smithmichael@example.net,2023-05-21,Paris,France,68.0,F,False,False,False
1289,erika potts,jennifer69@example.com,2023-11-19,Los Angeles,USA,74.0,M,False,False,False
1290,anthony cabrera,jeffrey42@example.com,2021-11-02,Singapore,Singapore,62.0,F,False,False,False
1291,kimberly irwin,sharphailey@example.net,2019-10-10,Mumbai,India,70.0,M,False,False,False
1292,mark munoz,lisawalker@example.com,2020-05-17,New York,USA,37.0,F,False,False,False
1293,mark garrison,omoore@example.net,2023-03-26,Melbourne,Australia,39.0,M,False,False,False
1294,jackie barrera,crawfordstephen@example.org,2021-05-13,Munich,Germany,24.0,F,False,False,False
1295,john blair,andrew22@example.com,2024-05-03,Berlin,Germany,66.0,F,False,False,False
1296,chelsea thomas,psanchez@example.com,2019-01-21,Singapore,Singapore,20.0,,False,False,True
1297,joseph acosta,morrisonnicholas@example.org,2021-06-07,Chicago,USA,41.0,M,False,False,False
1298,adam rivas,andersonkayla@example.com,2022-03-22,Bangkok,Thailand,56.0,M,False,False,False
1299,mark smith,rosariodaniel@example.net,2021-05-08,Vancouver,Canada,72.0,F,False,False,False
1300,sarah miller,timothyhart@example.com,2020-10-04,Melbourne,Australia,16.0,M,False,False,False
1301,elizabeth mendoza,brianholt@example.net,2022-12-05,Chicago,USA,44.0,M,False,False,False
1302,alisha williams,curtis62@example.org,2022-08-28,Paris,France,60.0,M,False,False,False
1303,allison simmons,tmcdaniel@example.org,2020-02-09,Singapore,Singapore,,M,True,False,False
1304,william walker dvm,michael95@example.org,2023-12-07,Melbourne,Australia,49.0,F,False,False,False
1305,tim miller,munozgregory@example.net,2020-10-01,Munich,Germany,37.0,F,False,False,False
1306,christopher coleman,colleen45@example.org,2022-01-10,Singapore,Singapore,32.0,M,False,False,False
1307,jonathan wood,lisa10@example.org,2019-08-15,Munich,Germany,69.0,F,False,False,False
1308,bridget hernandez,ygriffith@example.com,2023-03-30,New York,USA,23.0,F,False,False,False
1309,ashley simmons,duane52@example.org,2020-04-28,London,UK,52.0,M,False,False,False
1310,heather snyder,asteele@example.net,2022-05-04,Mumbai,India,38.0,M,False,False,False
1311,felicia pham,patrickdunn@example.net,2022-10-09,Paris,France,61.0,F,False,False,False
1312,kim underwood,tmiller@example.com,2022-04-07,Munich,Germany,68.0,F,False,False,False
1313,paula shepherd,jacquelineyoung@example.org,2023-08-24,Manchester,UK,21.0,F,False,False,False
1314,samuel cox,hrosario@example.org,2021-07-02,Toronto,Canada,39.0,M,False,False,False
1315,heather atkinson,kenneththomas@example.net,2021-03-19,Singapore,Singapore,53.0,F,False,False,False
1316,susan sanchez,briantaylor@example.net,2024-04-25,Bangkok,Thailand,62.0,F,False,False,False
1317,jamie johnson,swatson@example.org,2021-09-19,Chicago,USA,24.0,M,False,False,False
1318,angela monroe,anthonydiaz@example.org,2020-03-11,Melbourne,Australia,,M,True,False,False
1319,adam guerra,lhernandez@example.com,2024-05-03,Bangkok,Thailand,54.0,F,False,False,False
1320,nicole hale,theodore57@example.net,2019-03-24,Vancouver,Canada,25.0,F,False,False,False
1321,donna moore,munozglenn@example.org,2021-09-22,Vancouver,Canada,66.0,F,False,False,False
1322,ronnie frazier,qspencer@example.net,2024-01-06,Bangkok,Thailand,72.0,M,False,False,False
1323,michelle henderson,josephdavis@example.com,2019-09-08,New York,USA,38.0,M,False,False,False
1324,beth lewis,robinsonisaiah@example.net,2022-03-04,Vancouver,Canada,73.0,M,False,False,False
1325,lisa jones,pwoods@example.net,2022-05-25,Mumbai,India,64.0,M,False,False,False
1326,james brown,deborah34@example.org,2021-07-08,Sydney,Australia,71.0,M,False,False,False
1327,jack maxwell,anthony42@example.net,2021-04-18,Paris,France,30.0,F,False,False,False
1328,daniel smith,jacob30@example.org,2023-12-28,Sydney,Australia,63.0,F,False,False,False
1329,william cunningham,uwilliams@example.org,2022-03-17,New York,USA,66.0,M,False,False,False
1330,alejandra kelly,susan83@example.com,2022-02-19,Sydney,Australia,28.0,M,False,False,False
1331,molly dickson,riverapeggy@example.net,2021-12-04,Paris,France,64.0,F,False,False,False
1332,robert hernandez,cwoods@example.com,2021-12-25,Bangkok,Thailand,17.0,M,False,False,False
1333,michael miller,cisnerosjesse@example.org,2023-12-23,Mumbai,India,44.0,F,False,False,False
1334,martha mack,victoriamason@example.net,2019-04-03,Paris,France,71.0,F,False,False,False
1335,kelly mack,vfloyd@example.com,2023-10-27,New York,USA,36.0,,False,False,True
1336,scott jordan,nallen@example.net,2019-12-11,Munich,Germany,25.0,F,False,False,False
1337,christian burton,adavis@example.org,2022-10-21,Manchester,UK,19.0,F,False,False,False
1338,emily dillon,portershawn@example.org,2020-09-02,New York,USA,22.0,F,False,False,False
1339,candice ramirez,michael12@example.net,2024-04-12,Manchester,UK,19.0,M,False,False,False
1340,deanna kennedy,kathryn72@example.org,2021-11-07,Berlin,Germany,40.0,F,False,False,False
1341,katherine cox,richard92@example.com,2021-04-13,Munich,Germany,,M,True,False,False
1342,ryan crane,christopher68@example.com,2020-07-05,New York,USA,53.0,M,False,False,False
1343,shawn fleming,figueroajohn@example.net,2019-09-15,Singapore,Singapore,52.0,M,False,False,False
1344,samuel roberts,ashleynash@example.org,2023-05-23,Toronto,Canada,39.0,F,False,False,False
1345,joel davis,imcdonald@example.com,2024-05-22,Manchester,UK,,,True,False,True
1346,christopher rodriguez,mtate@example.com,2020-08-15,Paris,France,,M,True,False,False
1347,evan davies,vlewis@example.com,2020-05-28,Paris,France,38.0,M,False,False,False
1348,jesse gardner,huertakim@example.org,2019-04-04,Vancouver,Canada,63.0,F,False,False,False
1349,heather jordan,nlewis@example.org,2019-09-09,Melbourne,Australia,62.0,F,False,False,False
1350,melinda nelson,christopherjones@example.com,2021-10-30,Paris,France,72.0,F,False,False,False
1351,shane hayes,qwarren@example.com,2022-12-20,Singapore,Singapore,33.0,F,False,False,False
1352,anthony jacobson,wpeterson@example.com,2024-05-18,Berlin,Germany,,M,True,False,False
1353,gregory barnes,ynichols@example.org,2022-05-31,New York,USA,16.0,F,False,False,False
1354,jessica gaines,jmorrow@example.net,2022-11-27,Bangkok,Thailand,64.0,M,False,False,False
1355,nathan lane,mariodowns@example.net,2019-06-08,Sydney,Australia,17.0,F,False,False,False
1356,nancy stewart,peggypeck@example.com,2020-12-23,Los Angeles,USA,68.0,M,False,False,False
1357,ashley cordova,ubaker@example.org,2022-11-28,Singapore,Singapore,23.0,F,False,False,False
1358,terri mathews dds,johnsonjulie@example.org,2023-03-02,Toronto,Canada,64.0,F,False,False,False
1359,joshua martin,nrobinson@example.org,2023-07-30,Los Angeles,USA,56.0,F,False,False,False
1360,laura smith,allen48@example.org,2024-06-04,Berlin,Germany,18.0,M,False,False,False
1361,mariah bryant,ibell@example.com,2019-01-15,Toronto,Canada,68.0,F,False,False,False
1362,pamela wilson,stephenbrooks@example.net,2021-10-08,Munich,Germany,51.0,M,False,False,False
1363,kimberly james,swalters@example.net,2022-03-03,Paris,France,20.0,F,False,False,False
1364,susan garcia,shafferdale@example.net,2022-03-13,Bangkok,Thailand,72.0,F,False,False,False
1365,timothy garcia,schultzwesley@example.org,2019-02-17,Sydney,Australia,55.0,F,False,False,False
1366,sarah lewis,harnold@example.org,2022-08-05,Manchester,UK,19.0,M,False,False,False
1367,tiffany bell,pgutierrez@example.net,2020-07-15,Manchester,UK,59.0,M,False,False,False
1368,jennifer ayers,williamadams@example.net,2023-12-16,New York,USA,19.0,F,False,False,False
1369,ryan pope,anunez@example.com,2021-03-13,New York,USA,37.0,F,False,False,False
1370,alexander gibbs,matthew96@example.org,2020-04-07,Melbourne,Australia,20.0,F,False,False,False
1371,jenna jensen,zpoole@example.net,2022-07-06,Los Angeles,USA,,F,True,False,False
1372,todd myers,richardflores@example.org,2022-07-06,Singapore,Singapore,69.0,F,False,False,False
1373,brett owen,welchkristen@example.net,2023-09-01,London,UK,68.0,Other,False,False,False
1374,sara moore,james10@example.com,2022-05-13,Singapore,Singapore,44.0,M,False,False,False
1375,randy hernandez,armstronganthony@example.net,2024-06-18,Los Angeles,USA,,M,True,False,False
1376,jesse welch,jacob34@example.org,2023-05-22,Los Angeles,USA,19.0,F,False,False,False
1377,danielle deleon,qtownsend@example.org,2021-06-03,Sydney,Australia,22.0,F,False,False,False
1378,timothy burton,rodriguezsara@example.org,2021-04-02,Manchester,UK,55.0,M,False,False,False
1379,douglas kline,jonesmegan@example.org,2022-07-01,Sydney,Australia,45.0,M,False,False,False
1380,john johnson,tuckerconnie@example.org,2019-07-27,Paris,France,57.0,F,False,False,False
1381,jaime edwards,lstokes@example.com,2022-04-18,London,UK,22.0,F,False,False,False
1382,christopher bradley,wilsonmatthew@example.com,2023-09-18,Singapore,Singapore,73.0,F,False,False,False
1383,mr. joshua moore,sara39@example.org,2021-09-12,Manchester,UK,44.0,F,False,False,False
1384,kelly hodges,michellewilson@example.org,2020-09-30,Chicago,USA,43.0,F,False,False,False
1385,charles miller,josepholson@example.org,2023-12-18,Paris,France,65.0,M,False,False,False
1386,juan phillips,zgraham@example.org,2021-01-25,Vancouver,Canada,49.0,F,False,False,False
1387,craig mathis,suzanne19@example.net,2023-08-05,Munich,Germany,,,True,False,True
1388,robert mckay,chamilton@example.com,2024-02-04,Sydney,Australia,66.0,M,False,False,False
1389,denise flores,lawsonruben@example.net,2021-08-15,Melbourne,Australia,60.0,,False,False,True
1390,steven weiss,cjackson@example.net,2020-09-05,Paris,France,37.0,M,False,False,False
1391,jason munoz,raymond12@example.com,2021-10-12,New York,USA,,F,True,False,False
1392,cody sanchez,dianewatson@example.com,2020-03-12,Paris,France,46.0,F,False,False,False
1393,fernando smith,jason95@example.org,2021-02-08,Melbourne,Australia,41.0,F,False,False,False
1394,janice guzman,dakotaramirez@example.net,2021-01-02,Los Angeles,USA,51.0,F,False,False,False
1395,rhonda powers,bfleming@example.com,2024-02-13,Paris,France,18.0,F,False,False,False
1396,christina williams,rjimenez@example.com,2023-12-19,Toronto,Canada,62.0,F,False,False,False
1397,jesse guzman,byoung@example.com,2019-02-14,Toronto,Canada,69.0,M,False,False,False
1398,richard johnston,buckjustin@example.com,2021-02-15,Chicago,USA,66.0,F,False,False,False
1399,joseph rose,deanna17@example.org,2020-05-06,Berlin,Germany,67.0,M,False,False,False
1400,jennifer turner,karen61@example.net,2022-06-30,Singapore,Singapore,72.0,M,False,False,False
1401,katherine williams,heather77@example.net,2023-06-16,Chicago,USA,28.0,F,False,False,False
1402,barbara brooks,johnsonbrandon@example.org,2024-06-23,Manchester,UK,31.0,M,False,False,False
1403,wyatt callahan,fperez@example.org,2022-01-01,Mumbai,India,66.0,M,False,False,False
1404,robin cabrera,villamiranda@example.com,2023-11-23,Vancouver,Canada,70.0,M,False,False,False
1405,amanda williams,charles59@example.com,2019-06-16,Melbourne,Australia,66.0,M,False,False,False
1406,christopher taylor,uwilson@example.org,2023-12-13,Singapore,Singapore,64.0,M,False,False,False
1407,stacy church,qwalsh@example.org,2022-12-30,London,UK,49.0,M,False,False,False
1408,cynthia woods,ubray@example.net,2022-04-05,Vancouver,Canada,56.0,F,False,False,False
1409,mr. ralph dawson,angelica33@example.net,2024-01-07,Toronto,Canada,44.0,F,False,False,False
1410,wesley brown,santiagotaylor@example.com,2021-02-11,Bangkok,Thailand,26.0,M,False,False,False
1411,brian clark,kathleen47@example.net,2023-03-20,Chicago,USA,34.0,M,False,False,False
1412,jonathan sloan,sabrinacruz@example.com,2021-11-15,Berlin,Germany,37.0,F,False,False,False
1413,kayla deleon,caseyhenderson@example.net,2021-10-15,Singapore,Singapore,33.0,F,False,False,False
1414,sergio wong,stevenrodriguez@example.org,2019-06-05,Sydney,Australia,73.0,M,False,False,False
1415,steven lopez,alvarezalyssa@example.com,2019-06-10,Sydney,Australia,75.0,F,False,False,False
1416,timothy miller,zlewis@example.net,2020-02-15,Munich,Germany,28.0,M,False,False,False
1417,gene alexander,corey66@example.org,2022-10-31,Singapore,Singapore,28.0,,False,False,True
1418,james wheeler,gstone@example.net,2023-01-06,Singapore,Singapore,74.0,F,False,False,False
1419,david rodriguez,brownaustin@example.com,2023-05-23,London,UK,41.0,F,False,False,False
1420,joseph hill,gmyers@example.org,2021-11-15,Sydney,Australia,71.0,M,False,False,False
1421,sherry adams,georgeharris@example.net,2020-04-23,Berlin,Germany,53.0,M,False,False,False
1422,kyle gross,lopezrebecca@example.net,2020-11-28,Berlin,Germany,36.0,Other,False,False,False
1423,eric knox,georgemaldonado@example.org,2020-03-05,Manchester,UK,44.0,F,False,False,False
1424,steven thomas,waderonnie@example.org,2019-09-20,Mumbai,India,,M,True,False,False
1425,dennis jones,wheelertara@example.net,2020-04-06,London,UK,43.0,M,False,False,False
1426,shane kennedy,fuentesashley@example.com,2020-09-05,Munich,Germany,,Other,True,False,False
1427,kelly jackson,kimberlygarcia@example.net,2024-06-24,Chicago,USA,52.0,M,False,False,False
1428,john bell,elizabeth45@example.com,2021-03-11,Mumbai,India,29.0,F,False,False,False
1429,harold mckinney,rrodriguez@example.net,2019-08-11,Berlin,Germany,52.0,F,False,False,False
1430,alicia irwin,donnathomas@example.com,2019-08-02,Chicago,USA,,M,True,False,False
1431,kenneth dominguez,vhoward@example.org,2020-02-12,Chicago,USA,74.0,F,False,False,False
1432,troy fowler,natalie87@example.net,2021-12-09,Sydney,Australia,,F,True,False,False
1433,thomas bailey,peter64@example.com,2024-02-07,Mumbai,India,41.0,M,False,False,False
1434,kevin miles,hamiltonspencer@example.com,2023-03-02,Berlin,Germany,40.0,F,False,False,False
1435,wayne porter,stevenhernandez@example.com,2020-09-26,Toronto,Canada,68.0,M,False,False,False
1436,mary torres,calvin40@example.com,2022-04-18,Vancouver,Canada,48.0,F,False,False,False
1437,douglas watkins,freemanadam@example.com,2021-07-01,Chicago,USA,68.0,M,False,False,False
1438,april king,natasha88@example.org,2022-03-11,Bangkok,Thailand,45.0,F,False,False,False
1439,michelle thomas,ryanhull@example.com,2023-12-10,Sydney,Australia,38.0,F,False,False,False
1440,john gomez,ghenderson@example.com,2023-08-14,Paris,France,42.0,M,False,False,False
1441,linda thompson,ushelton@example.net,2021-02-26,Berlin,Germany,27.0,M,False,False,False
1442,randall wright,tspencer@example.com,2020-05-05,New York,USA,33.0,M,False,False,False
1443,keith fuller,nicholasliu@example.com,2022-11-30,Los Angeles,USA,74.0,M,False,False,False
1444,joseph benson,taylor67@example.com,2019-06-06,London,UK,48.0,F,False,False,False
1445,julia gaines,bernardrobert@example.org,2020-02-29,Vancouver,Canada,18.0,M,False,False,False
1446,elizabeth sanchez,david89@example.com,2021-08-03,Melbourne,Australia,37.0,F,False,False,False
1447,ryan martinez,fordkathryn@example.net,2020-05-28,New York,USA,61.0,M,False,False,False
1448,anthony brown,cookconnor@example.com,2021-08-02,Berlin,Germany,21.0,,False,False,True
1449,melissa lin,yangemily@example.net,2021-08-22,Chicago,USA,69.0,M,False,False,False
1450,meredith black,rtaylor@example.net,2020-08-25,Chicago,USA,50.0,M,False,False,False
1451,elizabeth collins,shaffercindy@example.org,2022-10-19,New York,USA,25.0,M,False,False,False
1452,aaron munoz,meyerjohn@example.org,2022-10-14,Bangkok,Thailand,29.0,M,False,False,False
1453,ross wallace,howekevin@example.com,2022-08-05,Munich,Germany,40.0,M,False,False,False
1454,dr. sarah payne,nvillarreal@example.org,2023-05-01,New York,USA,65.0,M,False,False,False
1455,mark lopez,georgeharmon@example.net,2019-07-07,,Canada,,M,True,True,False
1456,john roberts,haleytrevor@example.net,2022-10-02,Sydney,Australia,30.0,M,False,False,False
1457,james marsh,bbutler@example.org,2019-12-10,Sydney,Australia,18.0,F,False,False,False
1458,jim elliott,carpenteraustin@example.net,2022-07-07,Munich,Germany,55.0,Other,False,False,False
1459,lisa williams,sydney77@example.com,2020-04-20,Los Angeles,USA,22.0,F,False,False,False
1460,christopher mason,michaelmccarthy@example.com,2019-01-25,London,UK,29.0,M,False,False,False
1461,carrie hernandez,stephen24@example.net,2022-07-01,Sydney,Australia,18.0,F,False,False,False
1462,james hendricks,ebennett@example.net,2021-10-20,Paris,France,61.0,M,False,False,False
1463,laura pennington,david59@example.net,2020-05-30,Chicago,USA,54.0,F,False,False,False
1464,luis powell,johnsonjessica@example.org,2024-06-14,Bangkok,Thailand,37.0,M,False,False,False
1465,brian villa,omorris@example.net,2022-09-26,Mumbai,India,20.0,M,False,False,False
1466,ashley gilmore,acampos@example.org,2021-11-12,Manchester,UK,63.0,,False,False,True
1467,david johnson,alexandernicholas@example.net,2019-02-13,Toronto,Canada,64.0,M,False,False,False
1468,tammy morris,ogray@example.net,2020-05-13,Singapore,Singapore,,F,True,False,False
1469,christina henry,jeremiah26@example.net,2021-02-08,Chicago,USA,,M,True,False,False
1470,cheryl perkins,harrislisa@example.org,2023-02-22,Berlin,Germany,24.0,M,False,False,False
1471,jason payne,petersonfaith@example.net,2023-06-10,Munich,Germany,57.0,F,False,False,False
1472,kathleen collier,wmason@example.net,2020-11-09,Melbourne,Australia,31.0,M,False,False,False
1473,sarah solis,ypatterson@example.org,2023-06-30,Toronto,Canada,54.0,F,False,False,False
1474,bethany holmes,wilsonjerry@example.net,2019-01-13,Sydney,Australia,71.0,F,False,False,False
1475,alison nicholson,sandra46@example.net,2024-04-05,Chicago,USA,24.0,M,False,False,False
1476,shane moore,charles93@example.net,2020-02-23,Bangkok,Thailand,48.0,F,False,False,False
1477,kathryn ross,gardnerpatricia@example.net,2020-02-09,Melbourne,Australia,43.0,F,False,False,False
1478,thomas baker,johnsonrobert@example.org,2024-06-04,Berlin,Germany,28.0,F,False,False,False
1479,phillip taylor,sandra03@example.com,2021-03-26,London,UK,26.0,M,False,False,False
1480,travis strong,reedchad@example.com,2023-04-07,Manchester,UK,68.0,M,False,False,False
1481,lisa miller,rpotts@example.net,2023-10-16,Manchester,UK,64.0,M,False,False,False
1482,andrew romero,ryan43@example.org,2023-01-28,Munich,Germany,32.0,F,False,False,False
1483,allison casey,amandadalton@example.net,2022-05-26,Munich,Germany,20.0,F,False,False,False
1484,alicia olson,scannon@example.org,2020-01-24,Bangkok,Thailand,16.0,F,False,False,False
1485,jeffery taylor,nwilson@example.com,2024-03-10,Manchester,UK,41.0,M,False,False,False
1486,greg hull,jessechapman@example.org,2022-04-19,Sydney,Australia,42.0,F,False,False,False
1487,paul morton,ritteralexis@example.net,2022-03-04,Bangkok,Thailand,28.0,M,False,False,False
1488,anthony brown,cwhite@example.com,2023-01-19,Singapore,Singapore,48.0,F,False,False,False
1489,matthew sanchez,david67@example.net,2022-08-26,New York,USA,75.0,M,False,False,False
1490,billy wright,troymoss@example.com,2023-07-24,,Thailand,56.0,M,False,True,False
1491,shannon wallace,shelly84@example.net,2020-06-19,Chicago,USA,45.0,F,False,False,False
1492,steven flores,brownrachel@example.net,2024-05-03,Paris,France,16.0,M,False,False,False
1493,katelyn miller,maureenmeyer@example.com,2021-03-25,Manchester,UK,73.0,M,False,False,False
1494,christine watson,barryyoung@example.com,2023-08-27,Chicago,USA,32.0,M,False,False,False
1495,jordan wilson,rhuff@example.com,2021-02-22,Bangkok,Thailand,35.0,Other,False,False,False
1496,elizabeth hanna,ramirezchelsea@example.com,2019-07-02,Mumbai,India,56.0,M,False,False,False
1497,james wallace,jamielopez@example.com,2023-03-14,Vancouver,Canada,75.0,F,False,False,False
1498,mary johnson,sharon95@example.com,2023-07-30,Chicago,USA,16.0,F,False,False,False
1499,leslie todd,jessica96@example.com,2022-09-02,Manchester,UK,62.0,F,False,False,False
1500,tanya goodwin,transtephanie@example.net,2020-02-10,Chicago,USA,27.0,M,False,False,False
1501,william nichols,karmstrong@example.net,2020-01-16,Toronto,Canada,19.0,F,False,False,False
1502,tyler mcdonald,davidsmith@example.net,2023-11-21,Bangkok,Thailand,44.0,M,False,False,False
1503,angela wright,matthew60@example.net,2019-06-13,Chicago,USA,21.0,F,False,False,False
1504,derrick king,martinezashley@example.com,2020-04-25,Paris,France,47.0,F,False,False,False
1505,sarah wallace,gonzalessteven@example.com,2024-05-10,Singapore,Singapore,58.0,F,False,False,False
1506,dr. daniel brown,hillcheryl@example.com,2023-06-10,Munich,Germany,40.0,M,False,False,False
1507,jessica scott,jordan72@example.org,2021-09-22,Bangkok,Thailand,64.0,F,False,False,False
1508,bridget williamson,halldiamond@example.org,2020-12-03,Bangkok,Thailand,68.0,F,False,False,False
1509,shannon riley,tranjeremy@example.net,2019-04-28,Paris,France,71.0,F,False,False,False
1510,vanessa smith dvm,amber09@example.org,2021-04-02,Melbourne,Australia,17.0,F,False,False,False
1511,billy wallace,youngmark@example.com,2023-03-19,Melbourne,Australia,39.0,M,False,False,False
1512,melanie jones,jliu@example.org,2021-04-26,Munich,Germany,16.0,M,False,False,False
1513,richard rogers,xmerritt@example.com,2022-07-21,New York,USA,,F,True,False,False
1514,elizabeth johnson,bradley29@example.org,2020-04-23,Berlin,Germany,47.0,F,False,False,False
1515,daniel edwards,shelby69@example.org,2024-04-07,Manchester,UK,58.0,M,False,False,False
1516,brittany farmer,friedmansusan@example.org,2022-05-28,Vancouver,Canada,61.0,M,False,False,False
1517,yolanda mccoy,hryan@example.net,2023-01-07,Mumbai,India,18.0,F,False,False,False
1518,lisa hopkins,mstewart@example.net,2022-01-28,Sydney,Australia,26.0,M,False,False,False
1519,david sanchez,jerry51@example.net,2020-05-08,Munich,Germany,29.0,M,False,False,False
1520,nicholas beard,christopher88@example.org,2021-06-09,Los Angeles,USA,26.0,F,False,False,False
1521,martha jacobs,ohartman@example.net,2020-03-27,Vancouver,Canada,58.0,F,False,False,False
1522,victoria frost,kimberlyrussell@example.net,2024-03-04,Chicago,USA,56.0,M,False,False,False
1523,lisa flynn,lee16@example.com,2020-04-03,Mumbai,India,65.0,F,False,False,False
1524,brittany snyder,rachelwalter@example.org,2023-01-09,Bangkok,Thailand,57.0,M,False,False,False
1525,jason cannon,inewton@example.org,2020-04-22,Singapore,Singapore,32.0,F,False,False,False
1526,allison jackson,andersonmichelle@example.com,2022-04-27,Melbourne,Australia,63.0,F,False,False,False
1527,heather morales,jenniferwilson@example.com,2024-05-07,London,UK,52.0,M,False,False,False
1528,lisa mcknight,jonessamantha@example.com,2023-10-01,Toronto,Canada,43.0,M,False,False,False
1529,lynn yang,eroberts@example.net,2019-09-16,Singapore,Singapore,58.0,F,False,False,False
1530,clifford cannon,hernandezalan@example.net,2023-10-12,Munich,Germany,36.0,M,False,False,False
1531,matthew gray,uthompson@example.net,2022-10-24,Berlin,Germany,25.0,M,False,False,False
1532,raymond hall,kpeterson@example.net,2023-08-23,Singapore,Singapore,54.0,M,False,False,False
1533,lauren anthony,ymitchell@example.com,2023-10-03,Vancouver,Canada,46.0,F,False,False,False
1534,tiffany williams,russellramirez@example.net,2019-05-01,Manchester,UK,25.0,M,False,False,False
1535,gregory martin,joshua73@example.org,2020-04-05,Singapore,Singapore,75.0,M,False,False,False
1536,thomas zhang,middletonelizabeth@example.org,2020-09-04,Manchester,UK,17.0,M,False,False,False
1537,juan romero,anthonyorr@example.net,2023-04-01,London,UK,41.0,F,False,False,False
1538,chloe freeman,woodjuan@example.net,2020-02-04,Bangkok,Thailand,41.0,M,False,False,False
1539,jeremy martinez,hphillips@example.net,2023-07-07,Mumbai,India,70.0,M,False,False,False
1540,sarah wallace,fsnyder@example.org,2019-10-09,Paris,France,60.0,F,False,False,False
1541,monique wilson md,garnerjeffrey@example.org,2023-03-13,Singapore,Singapore,63.0,M,False,False,False
1542,jonathon hill,mannleroy@example.org,2022-10-21,Los Angeles,USA,40.0,M,False,False,False
1543,timothy bauer,james80@example.net,2019-04-26,Bangkok,Thailand,38.0,F,False,False,False
1544,danielle willis,emilybaker@example.org,2022-08-24,Munich,Germany,53.0,M,False,False,False
1545,mr. jonathan anderson,tapiamercedes@example.net,2019-03-11,Toronto,Canada,31.0,M,False,False,False
1546,jeffrey henry,christina93@example.net,2022-08-29,Chicago,USA,65.0,M,False,False,False
1547,joseph best,mary47@example.com,2021-08-07,Singapore,Singapore,40.0,F,False,False,False
1548,jenna howard,ophillips@example.org,2019-08-27,Los Angeles,USA,23.0,M,False,False,False
1549,stephanie gallagher,umontes@example.org,2022-04-16,New York,USA,52.0,F,False,False,False
1550,audrey marshall,donna56@example.net,2020-01-06,Paris,France,46.0,F,False,False,False
1551,stephen larsen,rburke@example.org,2019-07-23,Chicago,USA,20.0,M,False,False,False
1552,derek lewis,xbrown@example.com,2023-07-23,Manchester,UK,41.0,M,False,False,False
1553,evan myers,qcoleman@example.org,2019-05-11,Berlin,Germany,69.0,M,False,False,False
1554,nicholas morgan,parkerrobert@example.net,2023-03-24,Los Angeles,USA,58.0,M,False,False,False
1555,kimberly chan,gouldchristina@example.com,2019-01-11,Chicago,USA,44.0,F,False,False,False
1556,joshua clements,langchristopher@example.net,2022-08-29,Toronto,Canada,21.0,F,False,False,False
1557,harold miranda,penaapril@example.com,2021-11-02,Los Angeles,USA,39.0,,False,False,True
1558,victoria massey,oheath@example.com,2019-01-01,Sydney,Australia,,M,True,False,False
1559,susan rivera,angelawright@example.org,2022-09-11,Vancouver,Canada,44.0,F,False,False,False
1560,alejandro bentley,masonlacey@example.org,2020-12-22,Bangkok,Thailand,50.0,M,False,False,False
1561,eric hall,arthurbrady@example.com,2020-04-30,New York,USA,28.0,F,False,False,False
1562,bonnie yang,michelle11@example.net,2022-05-18,Chicago,USA,29.0,M,False,False,False
1563,pamela perry,newtonamber@example.org,2019-06-02,Manchester,UK,32.0,F,False,False,False
1564,kevin myers,kristen68@example.net,2019-06-20,Berlin,Germany,59.0,M,False,False,False
1565,donald harris,tanya97@example.com,2022-07-13,Los Angeles,USA,56.0,F,False,False,False
1566,brandon rasmussen,timothy88@example.org,2022-08-19,Sydney,Australia,54.0,F,False,False,False
1567,willie luna,kathryn17@example.org,2021-06-07,Singapore,Singapore,17.0,F,False,False,False
1568,allison wise,kwood@example.org,2019-08-14,Munich,Germany,42.0,F,False,False,False
1569,evelyn pacheco,davisgary@example.com,2023-05-13,London,UK,25.0,F,False,False,False
1570,angela powell,kmills@example.org,2024-06-28,Manchester,UK,40.0,F,False,False,False
1571,johnny jenkins,mary05@example.net,2023-01-31,Munich,Germany,53.0,M,False,False,False
1572,jennifer smith,karinorton@example.net,2022-03-17,Melbourne,Australia,51.0,F,False,False,False
1573,dr. david murray md,morseronald@example.org,2024-04-22,London,UK,27.0,,False,False,True
1574,peter martin,martinsamuel@example.org,2022-02-03,Munich,Germany,72.0,F,False,False,False
1575,jeff jackson,jtaylor@example.com,2022-11-07,New York,USA,61.0,F,False,False,False
1576,edward graham,jennifer48@example.com,2020-07-01,Melbourne,Australia,74.0,M,False,False,False
1577,jacqueline santos,kellycohen@example.net,2022-10-20,Toronto,Canada,42.0,,False,False,True
1578,jacqueline munoz,vford@example.net,2021-08-17,Singapore,Singapore,34.0,Other,False,False,False
1579,sarah taylor,asmith@example.org,2024-03-06,Bangkok,Thailand,35.0,F,False,False,False
1580,austin rowland,jacqueline31@example.net,2020-10-02,Singapore,Singapore,56.0,Other,False,False,False
1581,brandon weber,carlfields@example.org,2022-03-24,Chicago,USA,21.0,M,False,False,False
1582,adrian lee,lori69@example.net,2019-01-22,Mumbai,India,59.0,M,False,False,False
1583,marcus powell,ann31@example.net,2022-11-04,,Germany,60.0,F,False,True,False
1584,nicholas ramirez,anne28@example.net,2023-03-08,Mumbai,India,61.0,F,False,False,False
1585,janet johnston,tammy97@example.org,2022-09-16,Melbourne,Australia,59.0,,False,False,True
1586,richard hays,noblechristina@example.org,2024-03-20,Sydney,Australia,73.0,M,False,False,False
1587,shannon morris,taylorlindsay@example.com,2020-12-24,Munich,Germany,43.0,,False,False,True
1588,erin mason,allenphillip@example.com,2024-02-15,London,UK,69.0,F,False,False,False
1589,heather roberson,alyssa93@example.org,2021-09-16,Vancouver,Canada,32.0,M,False,False,False
1590,sandra dawson,fcastro@example.net,2024-03-05,Toronto,Canada,75.0,M,False,False,False
1591,melissa grant,lpearson@example.org,2024-03-30,New York,USA,73.0,F,False,False,False
1592,savannah townsend,jessica39@example.net,2021-07-31,,France,35.0,M,False,True,False
1593,tammie lee,harold03@example.com,2021-04-03,Chicago,USA,16.0,F,False,False,False
1594,cory willis,clinton54@example.net,2024-01-15,Munich,Germany,42.0,F,False,False,False
1595,lisa johnson,darlene60@example.net,2020-05-27,Sydney,Australia,46.0,F,False,False,False
1596,denise brown,roysara@example.net,2022-01-03,Chicago,USA,22.0,F,False,False,False
1597,katherine wells,johnsonanthony@example.net,2020-12-25,Chicago,USA,16.0,F,False,False,False
1598,noah pitts,christopherflowers@example.org,2020-08-06,Toronto,Canada,24.0,M,False,False,False
1599,mark brown,hodgejoshua@example.org,2022-09-26,Chicago,USA,46.0,F,False,False,False
1600,nancy cook,rachael29@example.net,2022-01-31,Berlin,Germany,67.0,M,False,False,False
1601,kelli shepard,qbutler@example.net,2023-12-11,Singapore,Singapore,48.0,M,False,False,False
1602,corey juarez,jessicamiller@example.com,2019-08-13,Chicago,USA,,M,True,False,False
1603,lee barker,vthompson@example.org,2022-11-02,Singapore,Singapore,19.0,,False,False,True
1604,justin wilson,scarroll@example.org,2019-01-17,Melbourne,Australia,46.0,M,False,False,False
1605,julie wilson,whitechristopher@example.com,2022-06-18,Toronto,Canada,62.0,M,False,False,False
1606,tracy wang,robinsonnicholas@example.org,2020-06-23,Mumbai,India,58.0,M,False,False,False
1607,terri parker,julierojas@example.com,2019-07-31,Singapore,Singapore,55.0,M,False,False,False
1608,michael thompson,annettegutierrez@example.org,2019-11-01,Sydney,Australia,23.0,,False,False,True
1609,curtis krause,heidi41@example.com,2019-10-27,Bangkok,Thailand,17.0,F,False,False,False
1610,jack barton,rgallegos@example.org,2021-12-11,Manchester,UK,60.0,F,False,False,False
1611,ruben cruz,victoriahamilton@example.net,2019-05-06,Berlin,Germany,43.0,F,False,False,False
1612,rebecca clark,christopher34@example.org,2024-04-15,Vancouver,Canada,61.0,F,False,False,False
1613,andre wilson,thomasmcdonald@example.com,2019-01-02,New York,USA,58.0,M,False,False,False
1614,james chapman,morrisdaniel@example.com,2022-05-27,Bangkok,Thailand,43.0,F,False,False,False
1615,aimee fisher,matthew12@example.com,2019-08-17,Vancouver,Canada,,M,True,False,False
1616,john lopez,gonzaleschristina@example.net,2021-01-08,London,UK,63.0,F,False,False,False
1617,jessica ross,johnnybrooks@example.com,2020-07-19,Sydney,Australia,53.0,F,False,False,False
1618,mr. andrew hickman,kathrynsantana@example.net,2022-05-17,Melbourne,Australia,18.0,M,False,False,False
1619,jeffery adams,kwatkins@example.net,2020-01-31,Toronto,Canada,75.0,M,False,False,False
1620,eric carlson,stephaniebradley@example.org,2023-01-25,Vancouver,Canada,64.0,F,False,False,False
1621,gary choi,parkerkatie@example.com,2021-05-06,Toronto,Canada,61.0,M,False,False,False
1622,christopher smith,jamesjackson@example.com,2022-02-21,Bangkok,Thailand,73.0,F,False,False,False
1623,david harris,ramseyeric@example.net,2019-05-19,Manchester,UK,42.0,M,False,False,False
1624,jacqueline woods,cory86@example.net,2022-05-12,Chicago,USA,60.0,,False,False,True
1625,john bennett,wmccarthy@example.org,2023-06-15,New York,USA,63.0,M,False,False,False
1626,fernando mcconnell,smejia@example.net,2024-06-12,Munich,Germany,26.0,M,False,False,False
1627,jessica long,reedelizabeth@example.net,2021-03-31,,UK,33.0,M,False,True,False
1628,stephen thompson,mikemorgan@example.org,2022-11-27,Paris,France,72.0,M,False,False,False
1629,nicole melendez,devinlopez@example.org,2021-12-11,Melbourne,Australia,35.0,F,False,False,False
1630,brandon cruz,ronaldmitchell@example.com,2019-12-17,Los Angeles,USA,18.0,M,False,False,False
1631,karen green,zwhite@example.net,2020-07-22,Bangkok,Thailand,33.0,,False,False,True
1632,ashley drake,gina16@example.org,2020-03-06,Mumbai,India,,M,True,False,False
1633,carl hunter,psmith@example.net,2020-10-26,London,UK,61.0,F,False,False,False
1634,raymond turner,judy19@example.com,2022-06-06,Bangkok,Thailand,36.0,F,False,False,False
1635,priscilla joseph,daniel26@example.net,2020-03-25,,UK,27.0,M,False,True,False
1636,sheila miller,rogerssarah@example.net,2023-05-13,Mumbai,India,22.0,Other,False,False,False
1637,jose mendez,dgraham@example.com,2023-11-17,Vancouver,Canada,56.0,F,False,False,False
1638,sean stevens,smallgina@example.com,2020-07-04,London,UK,53.0,F,False,False,False
1639,michael wang,danielsguy@example.com,2020-04-19,Berlin,Germany,39.0,M,False,False,False
1640,jeremy evans,larsonmichael@example.org,2020-01-14,Berlin,Germany,28.0,F,False,False,False
1641,jennifer thompson,martinezduane@example.com,2019-02-13,Vancouver,Canada,26.0,M,False,False,False
1642,donald bonilla,samanthaberger@example.net,2019-05-23,Toronto,Canada,20.0,M,False,False,False
1643,laura williams,nathan29@example.net,2019-07-25,Manchester,UK,24.0,M,False,False,False
1644,sonia reyes,morgandana@example.com,2021-02-25,Manchester,UK,23.0,M,False,False,False
1645,alex clements,jennifer16@example.org,2019-09-28,New York,USA,65.0,M,False,False,False
1646,laura cooley,heatherwilliams@example.net,2023-06-11,New York,USA,66.0,F,False,False,False
1647,philip kim,joshuapowers@example.net,2019-06-24,Melbourne,Australia,24.0,F,False,False,False
1648,christopher mitchell,russellandrew@example.com,2020-09-21,Chicago,USA,46.0,M,False,False,False
1649,denise ford,colton30@example.net,2022-01-18,Sydney,Australia,17.0,F,False,False,False
1650,arthur roberts,omatthews@example.net,2023-12-21,Munich,Germany,,F,True,False,False
1651,james spears,cooperluis@example.com,2019-10-29,Manchester,UK,57.0,M,False,False,False
1652,scott porter,emilyscott@example.org,2023-12-16,Sydney,Australia,47.0,F,False,False,False
1653,laura miller,whoffman@example.org,2021-01-01,Vancouver,Canada,55.0,Other,False,False,False
1654,william wood,karen77@example.org,2024-01-09,Los Angeles,USA,54.0,F,False,False,False
1655,kevin weber,wperry@example.org,2022-10-23,Chicago,USA,25.0,M,False,False,False
1656,diane manning,nicholasmedina@example.com,2020-12-14,Vancouver,Canada,33.0,Other,False,False,False
1657,sarah davis,jasonrodriguez@example.com,2024-02-01,Singapore,Singapore,,F,True,False,False
1658,christopher waters,wpierce@example.org,2019-10-28,Sydney,Australia,25.0,M,False,False,False
1659,kyle flores,crystal58@example.net,2023-07-27,Berlin,Germany,23.0,F,False,False,False
1660,courtney powell,cmitchell@example.org,2020-10-23,Los Angeles,USA,27.0,M,False,False,False
1661,cassandra roberts,kathryn21@example.com,2022-11-21,Berlin,Germany,54.0,M,False,False,False
1662,jennifer barnes,danamontgomery@example.org,2024-03-02,Sydney,Australia,40.0,M,False,False,False
1663,kathy miller,udougherty@example.net,2022-01-03,Munich,Germany,40.0,M,False,False,False
1664,keith kennedy,craneandrew@example.net,2022-11-21,Singapore,Singapore,60.0,F,False,False,False
1665,martha arnold,melissamartin@example.com,2019-02-05,Mumbai,India,51.0,F,False,False,False
1666,cynthia kennedy,marcuscarter@example.org,2020-12-16,Bangkok,Thailand,70.0,F,False,False,False
1667,joel sanchez,yfritz@example.org,2019-10-23,Berlin,Germany,75.0,M,False,False,False
1668,kathryn rodriguez,monica23@example.com,2023-03-10,New York,USA,23.0,F,False,False,False
1669,andrea goodman,ecamacho@example.com,2022-11-26,New York,USA,,M,True,False,False
1670,jason green,baldwincatherine@example.net,2023-09-12,Berlin,Germany,71.0,F,False,False,False
1671,jessica carey,carterraymond@example.net,2019-06-07,Toronto,Canada,52.0,M,False,False,False
1672,heidi moran,hpatterson@example.org,2023-03-03,Berlin,Germany,63.0,M,False,False,False
1673,dennis bryan,bowenmichael@example.net,2020-11-21,,Australia,66.0,F,False,True,False
1674,thomas pope,josephrivera@example.net,2023-12-10,New York,USA,18.0,F,False,False,False
1675,steven vasquez,katherinepeterson@example.net,2023-09-02,Manchester,UK,59.0,M,False,False,False
1676,richard lyons,brooke22@example.net,2024-02-26,Vancouver,Canada,48.0,Other,False,False,False
1677,daniel wood,jennifer42@example.net,2024-06-15,Vancouver,Canada,49.0,M,False,False,False
1678,karen gonzales,eric22@example.net,2022-06-21,Manchester,UK,30.0,,False,False,True
1679,james walsh,rosalesbrandy@example.org,2023-09-20,Paris,France,68.0,M,False,False,False
1680,deanna griffith,kwoods@example.com,2023-08-22,Manchester,UK,,F,True,False,False
1681,laurie mason,nicholas72@example.net,2019-08-11,Vancouver,Canada,20.0,F,False,False,False
1682,mr. james barnett,petersonkyle@example.org,2020-07-31,Toronto,Canada,50.0,F,False,False,False
1683,lee daniel,santosmichael@example.com,2020-09-25,Bangkok,Thailand,51.0,F,False,False,False
1684,margaret smith,judithcox@example.org,2024-06-23,Los Angeles,USA,,M,True,False,False
1685,brett rivera,nelsonsuzanne@example.net,2020-10-06,New York,USA,,F,True,False,False
1686,angela yates,pknight@example.org,2021-10-21,Manchester,UK,36.0,,False,False,True
1687,patrick norris,jeremylove@example.org,2022-10-13,Melbourne,Australia,37.0,F,False,False,False
1688,lee arnold,pauljessica@example.org,2023-05-07,Singapore,Singapore,17.0,M,False,False,False
1689,brandi turner,jeremywillis@example.net,2019-03-18,Mumbai,India,26.0,M,False,False,False
1690,brett keith,florescynthia@example.org,2024-05-05,Los Angeles,USA,72.0,F,False,False,False
1691,jeremy alvarez,danielsjason@example.com,2019-11-26,Melbourne,Australia,49.0,M,False,False,False
1692,adam jordan,cortezscott@example.net,2020-11-30,Singapore,Singapore,66.0,M,False,False,False
1693,robert mendez,qgay@example.com,2019-03-23,Manchester,UK,31.0,F,False,False,False
1694,katherine thompson,ppalmer@example.com,2022-03-07,,USA,47.0,M,False,True,False
1695,joseph peterson,connie12@example.com,2022-01-25,Vancouver,Canada,47.0,Other,False,False,False
1696,steven hicks,emartin@example.com,2019-05-20,Chicago,USA,52.0,F,False,False,False
1697,anna atkins,dana82@example.org,2021-08-01,Singapore,Singapore,46.0,F,False,False,False
1698,pamela lewis,luke87@example.org,2019-10-15,Bangkok,Thailand,52.0,F,False,False,False
1699,tanya clark,mariolee@example.com,2023-10-22,Manchester,UK,74.0,M,False,False,False
1700,sarah bishop,markblack@example.com,2024-05-03,Paris,France,39.0,F,False,False,False
1701,rachel chan,jeremy47@example.com,2023-11-29,Bangkok,Thailand,55.0,M,False,False,False
1702,eric acosta,shannon69@example.com,2023-08-09,Melbourne,Australia,16.0,F,False,False,False
1703,abigail case,schmittmichael@example.org,2021-03-28,Paris,France,30.0,F,False,False,False
1704,pamela smith,jasonmoran@example.com,2021-08-17,Berlin,Germany,50.0,F,False,False,False
1705,allison simmons,jnguyen@example.net,2019-08-10,Melbourne,Australia,65.0,F,False,False,False
1706,daniel shaw,daniel32@example.com,2022-05-22,London,UK,29.0,F,False,False,False
1707,teresa watkins,harringtonpeter@example.net,2022-01-21,New York,USA,46.0,M,False,False,False
1708,mr. lawrence brooks,brownmatthew@example.net,2023-05-05,Paris,France,19.0,F,False,False,False
1709,thomas rodriguez,nicolejones@example.net,2020-03-13,Berlin,Germany,29.0,M,False,False,False
1710,christian hernandez,audrey81@example.com,2020-05-31,Vancouver,Canada,27.0,F,False,False,False
1711,kenneth farmer,angela40@example.org,2023-11-25,Vancouver,Canada,71.0,M,False,False,False
1712,andrea hartman,susan57@example.net,2023-08-28,Chicago,USA,21.0,,False,False,True
1713,cathy mcdonald,mcox@example.net,2019-12-03,Vancouver,Canada,38.0,M,False,False,False
1714,deanna munoz,taylordawn@example.com,2019-11-26,Singapore,Singapore,38.0,M,False,False,False
1715,john williams,durhamwilliam@example.org,2023-05-23,Munich,Germany,28.0,M,False,False,False
1716,whitney moyer,kristy74@example.net,2022-09-22,London,UK,16.0,F,False,False,False
1717,austin jones,mccannkimberly@example.net,2020-10-10,Mumbai,India,66.0,M,False,False,False
1718,jose york,mbishop@example.org,2021-07-11,New York,USA,56.0,F,False,False,False
1719,jessica hill,vpreston@example.org,2023-03-08,Toronto,Canada,42.0,M,False,False,False
1720,angel holland,shawn60@example.com,2020-12-13,Toronto,Canada,28.0,F,False,False,False
1721,abigail clayton,smithmarcus@example.org,2021-01-15,Mumbai,India,35.0,M,False,False,False
1722,daniel craig,amanda39@example.com,2021-10-19,Melbourne,Australia,45.0,M,False,False,False
1723,michelle ray,kendraharris@example.org,2021-12-07,Manchester,UK,23.0,F,False,False,False
1724,joseph blackburn,chanamber@example.org,2022-05-03,Munich,Germany,50.0,M,False,False,False
1725,ethan hall,jamesmartin@example.com,2021-06-14,Sydney,Australia,34.0,M,False,False,False
1726,thomas barton,taylorrachel@example.com,2019-06-29,Los Angeles,USA,21.0,F,False,False,False
1727,travis johnson,omargriffin@example.com,2023-03-16,Berlin,Germany,75.0,M,False,False,False
1728,ray lawrence,davisgregory@example.net,2019-03-08,Singapore,Singapore,70.0,F,False,False,False
1729,barbara sherman,shepardjoy@example.com,2019-08-23,Manchester,UK,70.0,,False,False,True
1730,emily lee,marshmichael@example.com,2021-08-08,Bangkok,Thailand,74.0,M,False,False,False
1731,theresa smith,zlara@example.org,2024-04-08,New York,USA,66.0,M,False,False,False
1732,tracy copeland,pbautista@example.com,2020-09-21,Vancouver,Canada,59.0,F,False,False,False
1733,michael santos,bliu@example.com,2019-02-23,New York,USA,66.0,M,False,False,False
1734,stephanie williams,gregorysmith@example.net,2020-10-12,Paris,France,26.0,F,False,False,False
1735,michael farmer,carlsonjason@example.net,2020-01-30,Manchester,UK,57.0,Other,False,False,False
1736,jacqueline perry,robertthompson@example.net,2019-09-21,Manchester,UK,40.0,M,False,False,False
1737,natalie patrick,michaelbuckley@example.org,2019-11-21,Munich,Germany,30.0,M,False,False,False
1738,damon powell,regina49@example.com,2022-03-27,Sydney,Australia,69.0,M,False,False,False
1739,alexander johnson,jjohnson@example.com,2024-04-26,,USA,29.0,F,False,True,False
1740,james george,ericsmith@example.org,2022-04-30,Singapore,Singapore,17.0,,False,False,True
1741,william rodriguez,amarshall@example.net,2021-02-22,Paris,France,63.0,M,False,False,False
1742,scott pacheco,collinsterrance@example.com,2021-01-03,Singapore,Singapore,31.0,F,False,False,False
1743,matthew diaz,woodskaitlyn@example.net,2020-05-17,Mumbai,India,65.0,F,False,False,False
1744,daniel anderson,jeremiahmiller@example.org,2022-07-08,Chicago,USA,56.0,F,False,False,False
1745,diane gilbert,jeremylopez@example.net,2022-05-05,Bangkok,Thailand,22.0,F,False,False,False
1746,michael murray,kathleen25@example.com,2021-10-09,Los Angeles,USA,74.0,M,False,False,False
1747,charles doyle,adkinslauren@example.net,2021-04-27,New York,USA,47.0,M,False,False,False
1748,craig white,cynthiaconley@example.org,2023-12-28,Manchester,UK,56.0,F,False,False,False
1749,frank armstrong,mmathews@example.net,2024-01-25,New York,USA,58.0,F,False,False,False
1750,tricia sullivan,shawnbaker@example.com,2020-12-11,,UK,55.0,M,False,True,False
1751,douglas mack,matthew24@example.com,2024-03-12,Vancouver,Canada,28.0,M,False,False,False
1752,katherine dunn,barnettmatthew@example.net,2019-11-09,Singapore,Singapore,71.0,F,False,False,False
1753,richard simmons,oconnelldavid@example.org,2020-03-26,Chicago,USA,62.0,F,False,False,False
1754,sandra martinez,david54@example.com,2024-05-06,Toronto,Canada,38.0,M,False,False,False
1755,william miller,raymondpugh@example.net,2021-10-12,Singapore,Singapore,48.0,F,False,False,False
1756,ryan walker,gonzalezjulie@example.net,2022-11-08,Toronto,Canada,41.0,M,False,False,False
1757,brittany heath,mcbridemichael@example.org,2023-06-15,Chicago,USA,62.0,F,False,False,False
1758,yolanda jackson,craigmartin@example.net,2020-07-10,Melbourne,Australia,55.0,F,False,False,False
1759,courtney arias,amberfriedman@example.com,2021-02-04,London,UK,68.0,F,False,False,False
1760,diana haley,hphillips@example.com,2020-06-02,Munich,Germany,42.0,M,False,False,False
1761,julie taylor,aaron48@example.net,2020-12-22,Munich,Germany,17.0,F,False,False,False
1762,thomas austin,brownrobert@example.org,2021-01-02,Chicago,USA,20.0,F,False,False,False
1763,mr. william bray,petermoore@example.com,2019-09-08,London,UK,36.0,F,False,False,False
1764,corey flowers,perezstacy@example.org,2023-06-17,Paris,France,73.0,F,False,False,False
1765,becky singh,jamiethomas@example.com,2021-12-15,Toronto,Canada,22.0,Other,False,False,False
1766,alexandra wilson,alexandria97@example.org,2023-10-28,Singapore,Singapore,52.0,M,False,False,False
1767,elizabeth martinez,whernandez@example.net,2023-07-24,London,UK,28.0,M,False,False,False
1768,dillon travis,qmassey@example.org,2021-05-12,Vancouver,Canada,23.0,M,False,False,False
1769,jessica jackson,oblake@example.net,2022-03-26,Toronto,Canada,,M,True,False,False
1770,zachary morrison,john76@example.com,2024-02-11,New York,USA,34.0,F,False,False,False
1771,brian carrillo,rebecca85@example.com,2024-02-24,,Germany,18.0,M,False,True,False
1772,danielle kelly,garcialinda@example.org,2023-07-02,Mumbai,India,62.0,F,False,False,False
1773,connie hamilton,dalton78@example.net,2022-02-13,Los Angeles,USA,47.0,M,False,False,False
1774,jamie stone,gwilliams@example.net,2021-10-07,Berlin,Germany,74.0,M,False,False,False
1775,maria garcia,wilsonkathryn@example.com,2020-04-03,New York,USA,,F,True,False,False
1776,michelle munoz,chiggins@example.com,2023-01-23,Melbourne,Australia,30.0,M,False,False,False
1777,jessica murray,bentleylisa@example.net,2023-07-30,London,UK,16.0,F,False,False,False
1778,jessica odonnell,ashleyjohnson@example.com,2019-03-30,Singapore,Singapore,19.0,F,False,False,False
1779,thomas pham,qatkinson@example.com,2023-06-10,Paris,France,33.0,M,False,False,False
1780,hailey beltran,joshuabowers@example.com,2019-09-16,Los Angeles,USA,71.0,M,False,False,False
1781,william baker,jasontownsend@example.net,2021-04-26,Bangkok,Thailand,44.0,F,False,False,False
1782,natalie mullins,megangates@example.com,2022-09-16,Berlin,Germany,33.0,F,False,False,False
1783,joshua trujillo,leslietorres@example.net,2023-04-19,Vancouver,Canada,61.0,M,False,False,False
1784,jared howell,katherineharris@example.net,2022-08-18,Sydney,Australia,60.0,F,False,False,False
1785,mr. jeffrey ward,susanmorris@example.org,2022-10-05,New York,USA,45.0,F,False,False,False
1786,eric hunter,katherine82@example.com,2023-07-26,Toronto,Canada,64.0,M,False,False,False
1787,angela davis,jphelps@example.net,2022-12-22,Vancouver,Canada,57.0,M,False,False,False
1788,hector anderson,vgarcia@example.com,2024-02-21,Toronto,Canada,40.0,M,False,False,False
1789,tricia nguyen,elizabethhill@example.com,2021-03-30,Singapore,Singapore,20.0,F,False,False,False
1790,michael robinson,scottcain@example.org,2022-03-28,Mumbai,India,22.0,M,False,False,False
1791,david smith,amassey@example.net,2019-02-03,Toronto,Canada,27.0,M,False,False,False
1792,laura gutierrez,yburton@example.net,2020-06-27,London,UK,75.0,F,False,False,False
1793,robert cox,ryan53@example.com,2021-10-25,Manchester,UK,48.0,F,False,False,False
1794,angela steele,michelle38@example.net,2022-08-21,New York,USA,62.0,F,False,False,False
1795,william mueller,gnichols@example.net,2022-05-01,Chicago,USA,49.0,F,False,False,False
1796,gregory park,stevenandrews@example.org,2022-08-16,New York,USA,23.0,F,False,False,False
1797,jeffrey garza,bentongeorge@example.net,2020-05-03,Vancouver,Canada,50.0,M,False,False,False
1798,matthew huang,jdillon@example.org,2021-04-08,Melbourne,Australia,41.0,M,False,False,False
1799,ana higgins,stacey09@example.com,2021-10-11,Vancouver,Canada,26.0,F,False,False,False
1800,phillip anderson,clewis@example.com,2020-08-12,Paris,France,22.0,M,False,False,False
1801,megan rivera,ithomas@example.net,2020-09-17,Melbourne,Australia,26.0,F,False,False,False
1802,shari arellano,josephmichael@example.org,2021-07-21,Bangkok,Thailand,16.0,F,False,False,False
1803,andrea brown,ucross@example.org,2023-12-10,Vancouver,Canada,26.0,M,False,False,False
1804,kyle blake,maryjohnson@example.com,2022-04-09,Berlin,Germany,47.0,F,False,False,False
1805,evelyn davis,rberry@example.com,2022-03-07,New York,USA,69.0,M,False,False,False
1806,jane wells,isaac45@example.org,2019-07-12,Singapore,Singapore,35.0,M,False,False,False
1807,sherry porter,jorgegonzalez@example.com,2022-01-22,London,UK,58.0,F,False,False,False
1808,miss gina walton,andrew90@example.net,2020-09-08,London,UK,73.0,M,False,False,False
1809,jake jackson,smithpaul@example.org,2022-05-05,Mumbai,India,23.0,M,False,False,False
1810,laura brooks,sosajacob@example.net,2024-06-27,Chicago,USA,70.0,F,False,False,False
1811,mr. william davis dds,carolberry@example.com,2020-05-15,New York,USA,63.0,F,False,False,False
1812,sheryl thompson,lisawallace@example.net,2020-02-01,Los Angeles,USA,56.0,M,False,False,False
1813,joshua rubio,aguirrelarry@example.com,2024-01-16,Munich,Germany,72.0,M,False,False,False
1814,michael lawrence,racheljimenez@example.net,2020-11-09,Bangkok,Thailand,53.0,F,False,False,False
1815,louis rogers,jmcfarland@example.com,2022-04-01,New York,USA,60.0,F,False,False,False
1816,terry barnett,morganmichael@example.org,2022-03-06,,Germany,34.0,Other,False,True,False
1817,katherine bauer,howardsabrina@example.com,2021-08-13,Chicago,USA,49.0,M,False,False,False
1818,susan zimmerman,abbottchristopher@example.net,2021-09-24,,Canada,20.0,F,False,True,False
1819,joseph andrews,psherman@example.org,2023-08-18,Vancouver,Canada,,F,True,False,False
1820,chad gallagher,sheryl66@example.com,2023-09-05,Sydney,Australia,19.0,F,False,False,False
1821,john henry,anna96@example.com,2021-10-25,Mumbai,India,25.0,F,False,False,False
1822,dr. dustin sutton jr.,lopezchristopher@example.net,2020-02-07,Melbourne,Australia,53.0,F,False,False,False
1823,laura thompson,jocelyn80@example.org,2020-12-27,Bangkok,Thailand,67.0,F,False,False,False
1824,janice bell,colongabrielle@example.com,2019-07-20,Bangkok,Thailand,74.0,M,False,False,False
1825,kelly thompson,erin03@example.org,2023-11-29,Sydney,Australia,67.0,F,False,False,False
1826,cody walker,charles37@example.org,2021-05-02,Chicago,USA,28.0,M,False,False,False
1827,lisa williams,sharris@example.org,2021-08-02,Sydney,Australia,27.0,F,False,False,False
1828,abigail allen,tracey63@example.com,2021-12-14,Chicago,USA,60.0,M,False,False,False
1829,jennifer moore,christyscott@example.com,2020-12-26,Berlin,Germany,45.0,F,False,False,False
1830,michelle barrera,jamie46@example.net,2019-02-24,Munich,Germany,21.0,F,False,False,False
1831,rodney bennett,lisafreeman@example.net,2022-04-03,Toronto,Canada,39.0,M,False,False,False
1832,michael williams,sanderson@example.org,2019-04-20,,Canada,24.0,M,False,True,False
1833,brian moore,ijones@example.com,2021-11-26,Mumbai,India,,M,True,False,False
1834,patrick moses,smitchell@example.com,2019-08-08,Sydney,Australia,54.0,M,False,False,False
1835,deborah juarez,mcarson@example.org,2023-11-06,London,UK,23.0,M,False,False,False
1836,kathleen martinez,harrisondaniel@example.org,2022-12-07,New York,USA,49.0,M,False,False,False
1837,james miller,allenchristina@example.com,2024-01-08,Toronto,Canada,70.0,M,False,False,False
1838,jessica hammond,kaylahardy@example.org,2019-01-14,Bangkok,Thailand,55.0,F,False,False,False
1839,tiffany peterson,sandra57@example.org,2023-12-08,Paris,France,49.0,M,False,False,False
1840,amy james,william32@example.net,2021-11-01,Mumbai,India,,F,True,False,False
1841,matthew gonzales,pjones@example.net,2023-08-07,Chicago,USA,69.0,M,False,False,False
1842,kristin thomas,brian16@example.net,2023-10-26,Berlin,Germany,55.0,F,False,False,False
1843,lisa jackson,mitchell21@example.net,2023-08-04,Chicago,USA,31.0,M,False,False,False
1844,james hart,hmack@example.org,2021-09-10,Berlin,Germany,34.0,M,False,False,False
1845,amanda gardner,banksrenee@example.net,2020-07-17,Sydney,Australia,40.0,F,False,False,False
1846,diane jensen,pkent@example.net,2019-10-31,Manchester,UK,34.0,F,False,False,False
1847,david baird dds,jcalhoun@example.com,2019-03-11,Vancouver,Canada,57.0,F,False,False,False
1848,heather thomas,sylviaprice@example.com,2020-12-27,Bangkok,Thailand,45.0,F,False,False,False
1849,isabel smith,douglas76@example.net,2021-01-02,Chicago,USA,70.0,M,False,False,False
1850,sarah archer,marygomez@example.com,2021-03-10,Munich,Germany,20.0,M,False,False,False
1851,jason quinn,dfarley@example.com,2020-11-25,Paris,France,61.0,M,False,False,False
1852,maurice anderson,johnmarquez@example.net,2020-09-12,Sydney,Australia,20.0,F,False,False,False
1853,shane hopkins,rachel86@example.com,2022-05-25,Berlin,Germany,27.0,M,False,False,False
1854,cindy thomas,danielsshaun@example.net,2020-06-14,Munich,Germany,60.0,F,False,False,False
1855,curtis morgan,donnagiles@example.com,2023-08-27,Paris,France,,F,True,False,False
1856,jeremy benson,lbradley@example.com,2022-09-24,Los Angeles,USA,47.0,M,False,False,False
1857,miss patricia davidson,edwardstewart@example.org,2023-07-14,Singapore,Singapore,22.0,M,False,False,False
1858,bianca velazquez,cheryl98@example.net,2024-06-16,Singapore,Singapore,75.0,F,False,False,False
1859,amanda davis,milleralan@example.org,2023-03-16,Mumbai,India,44.0,M,False,False,False
1860,brandon huynh,james23@example.com,2019-12-23,Bangkok,Thailand,22.0,,False,False,True
1861,heidi blankenship,talvarez@example.org,2022-02-13,Paris,France,28.0,F,False,False,False
1862,brian hoffman,frankwilson@example.net,2023-02-28,Toronto,Canada,43.0,F,False,False,False
1863,justin fuller,hannah31@example.net,2019-02-19,Paris,France,58.0,F,False,False,False
1864,susan davis,taylorparker@example.com,2021-01-06,New York,USA,52.0,F,False,False,False
1865,randall willis,sarah99@example.org,2024-05-15,Melbourne,Australia,49.0,M,False,False,False
1866,alejandro vasquez,nicole15@example.org,2021-10-22,Berlin,Germany,38.0,F,False,False,False
1867,marcus byrd,danieldonovan@example.net,2021-06-17,Los Angeles,USA,56.0,F,False,False,False
1868,mark carter,gomeztonya@example.com,2021-11-25,Singapore,Singapore,22.0,M,False,False,False
1869,steven butler,michaelking@example.net,2019-02-16,London,UK,68.0,F,False,False,False
1870,joseph moon,kflores@example.org,2021-01-02,Melbourne,Australia,71.0,F,False,False,False
1871,melody baker,rmorgan@example.net,2020-05-09,Paris,France,75.0,M,False,False,False
1872,mary hopkins md,andersontiffany@example.net,2022-11-29,Munich,Germany,53.0,F,False,False,False
1873,kenneth turner,rebeccajames@example.org,2019-03-08,New York,USA,42.0,M,False,False,False
1874,debra brooks,linda66@example.net,2020-02-23,Chicago,USA,68.0,M,False,False,False
1875,tommy ball,tracyadams@example.com,2019-05-08,Bangkok,Thailand,47.0,M,False,False,False
1876,angela wade,michelle10@example.org,2023-09-07,Melbourne,Australia,38.0,M,False,False,False
1877,ashley jones,calvin93@example.org,2024-03-18,Paris,France,72.0,F,False,False,False
1878,alexandra smith,molly91@example.org,2019-08-02,New York,USA,47.0,F,False,False,False
1879,tracie costa,kristi19@example.org,2023-05-20,,Canada,17.0,M,False,True,False
1880,charles hardin,lopezjennifer@example.org,2021-12-30,Toronto,Canada,71.0,F,False,False,False
1881,rickey hall,lovepaul@example.net,2019-04-17,Berlin,Germany,65.0,M,False,False,False
1882,karen gonzalez,ljacobs@example.com,2019-10-10,Munich,Germany,44.0,M,False,False,False
1883,michael hancock,ramoswilliam@example.org,2020-02-01,London,UK,43.0,F,False,False,False
1884,craig thomas,hollywarner@example.org,2020-04-10,New York,USA,63.0,M,False,False,False
1885,samuel avila,franciscoreid@example.net,2023-07-01,New York,USA,71.0,F,False,False,False
1886,jason davidson,ronaldsummers@example.net,2021-06-17,Chicago,USA,,M,True,False,False
1887,adam zamora,juan21@example.org,2020-08-21,Toronto,Canada,54.0,M,False,False,False
1888,gregory quinn,wmiller@example.net,2020-05-27,Los Angeles,USA,29.0,F,False,False,False
1889,william craig,brianna59@example.net,2023-10-25,Bangkok,Thailand,44.0,M,False,False,False
1890,laura acosta,shannon75@example.com,2023-11-15,Vancouver,Canada,31.0,M,False,False,False
1891,john gardner,jeremyjackson@example.net,2019-08-02,Munich,Germany,38.0,M,False,False,False
1892,john murray,dford@example.com,2019-06-10,Vancouver,Canada,74.0,F,False,False,False
1893,oscar cruz,markskristina@example.com,2022-02-06,Melbourne,Australia,23.0,F,False,False,False
1894,lynn ross md,edwardshah@example.org,2022-12-01,Toronto,Canada,57.0,F,False,False,False
1895,james hernandez,james76@example.org,2019-03-11,Mumbai,India,33.0,,False,False,True
1896,tyler dunn,jameslawson@example.com,2020-07-25,New York,USA,40.0,F,False,False,False
1897,travis moore,gomezdaniel@example.com,2020-04-04,New York,USA,40.0,F,False,False,False
1898,lisa thomas,alara@example.com,2019-03-06,,Canada,64.0,M,False,True,False
1899,eric moore,gabriella69@example.org,2020-11-19,Bangkok,Thailand,67.0,F,False,False,False
1900,kendra peterson,lindsay25@example.net,2023-08-26,Melbourne,Australia,43.0,Other,False,False,False
1901,amy west,usanchez@example.net,2019-04-27,Singapore,Singapore,51.0,M,False,False,False
1902,shane edwards,jbuchanan@example.com,2024-04-04,Mumbai,India,45.0,M,False,False,False
1903,erin lee,tammyharrington@example.net,2019-11-29,Vancouver,Canada,45.0,F,False,False,False
1904,crystal watkins,lisawright@example.net,2020-07-28,New York,USA,21.0,F,False,False,False
1905,alec dixon,cruzeddie@example.com,2021-03-19,Paris,France,55.0,F,False,False,False
1906,john morrison,carl63@example.com,2023-07-18,Sydney,Australia,16.0,F,False,False,False
1907,helen strickland,owright@example.org,2023-10-02,Vancouver,Canada,44.0,M,False,False,False
1908,roger olson,kristenfrye@example.com,2021-09-10,London,UK,70.0,M,False,False,False
1909,miss kimberly holloway,susanharper@example.org,2020-07-20,Los Angeles,USA,51.0,F,False,False,False
1910,antonio dyer,john66@example.net,2023-05-31,Singapore,Singapore,32.0,M,False,False,False
1911,alexandra green,kennethjohnson@example.net,2023-11-20,Chicago,USA,,F,True,False,False
1912,angela marshall,seanreyes@example.org,2021-11-03,Sydney,Australia,53.0,F,False,False,False
1913,olivia rodriguez,stephen39@example.com,2020-06-14,Melbourne,Australia,17.0,F,False,False,False
1914,kevin morris,martinezmindy@example.net,2019-04-02,Melbourne,Australia,31.0,F,False,False,False
1915,charles decker,opierce@example.com,2019-06-08,Munich,Germany,29.0,M,False,False,False
1916,jennifer nguyen,schneidermario@example.net,2019-05-27,Manchester,UK,43.0,F,False,False,False
1917,jorge sharp,tylermcintosh@example.org,2021-01-07,Singapore,Singapore,42.0,Other,False,False,False
1918,joseph bentley,christopherward@example.com,2022-06-27,Vancouver,Canada,26.0,F,False,False,False
1919,jason potter,dmorales@example.net,2019-02-22,Paris,France,54.0,M,False,False,False
1920,richard neal,olsenshane@example.org,2021-11-06,Melbourne,Australia,61.0,M,False,False,False
1921,sheila perez,newmanangela@example.org,2022-09-07,New York,USA,40.0,,False,False,True
1922,melissa mendoza,robinsonjesse@example.org,2020-04-04,Bangkok,Thailand,48.0,M,False,False,False
1923,brenda flores,qavila@example.com,2023-02-10,Munich,Germany,70.0,M,False,False,False
1924,ralph vasquez,cpierce@example.org,2021-12-10,Sydney,Australia,44.0,M,False,False,False
1925,christine aguilar,baileychristopher@example.com,2020-05-14,Bangkok,Thailand,31.0,F,False,False,False
1926,sandra sanders,amandaherman@example.net,2023-03-13,London,UK,60.0,M,False,False,False
1927,deborah brooks,mmoore@example.net,2019-06-13,London,UK,51.0,M,False,False,False
1928,craig hurst,swilson@example.com,2020-04-16,Paris,France,66.0,M,False,False,False
1929,larry curtis,hharris@example.org,2024-03-10,Chicago,USA,31.0,M,False,False,False
1930,brian fitzpatrick,jameshudson@example.net,2022-05-25,Chicago,USA,66.0,F,False,False,False
1931,michael lewis,michael03@example.net,2021-10-31,Manchester,UK,52.0,F,False,False,False
1932,sarah robinson,collinsjavier@example.org,2023-11-30,Chicago,USA,16.0,M,False,False,False
1933,christine arroyo,dcortez@example.com,2024-03-19,Melbourne,Australia,63.0,M,False,False,False
1934,carmen vasquez,laura31@example.net,2022-11-14,New York,USA,20.0,M,False,False,False
1935,aaron johnson,vincentstacey@example.org,2021-05-14,Bangkok,Thailand,24.0,M,False,False,False
1936,james carroll,coltonrichardson@example.net,2020-11-20,Los Angeles,USA,53.0,M,False,False,False
1937,jay walter,ramirezdesiree@example.com,2023-02-21,Los Angeles,USA,44.0,M,False,False,False
1938,stephanie turner,stephen31@example.net,2020-08-15,Manchester,UK,60.0,M,False,False,False
1939,melanie johnson,hthompson@example.org,2023-08-07,,Thailand,21.0,M,False,True,False
1940,jordan tanner,joseph97@example.org,2022-08-22,Sydney,Australia,40.0,M,False,False,False
1941,brittany brown,fjohnson@example.com,2024-04-18,Vancouver,Canada,30.0,M,False,False,False
1942,jennifer dudley,douglassusan@example.com,2021-12-11,Bangkok,Thailand,48.0,F,False,False,False
1943,michelle harris,andrew43@example.org,2023-03-31,London,UK,,M,True,False,False
1944,rita forbes,russomary@example.com,2020-03-07,Melbourne,Australia,49.0,F,False,False,False
1945,michele conner,mitchellchristopher@example.com,2020-08-06,London,UK,23.0,F,False,False,False
1946,john martin,jessica82@example.com,2020-08-13,Chicago,USA,54.0,M,False,False,False
1947,hannah thompson,wwatson@example.com,2019-07-16,Chicago,USA,51.0,F,False,False,False
1948,michael preston,bward@example.org,2019-03-23,,Thailand,50.0,M,False,True,False
1949,stacey cook,debbie78@example.net,2021-01-26,New York,USA,34.0,M,False,False,False
1950,andrew hunter,carolfernandez@example.net,2019-09-16,Munich,Germany,34.0,M,False,False,False
1951,robert taylor,makaylasanders@example.com,2021-06-29,Los Angeles,USA,47.0,,False,False,True
1952,wanda stephens,johnstonjonathan@example.net,2022-10-01,Melbourne,Australia,38.0,F,False,False,False
1953,carmen perez,tracy55@example.net,2020-10-31,Los Angeles,USA,48.0,M,False,False,False
1954,kelly weiss,barbarabrady@example.net,2023-05-11,Sydney,Australia,61.0,F,False,False,False
1955,ashley bowman,barrytanya@example.org,2024-03-24,Los Angeles,USA,36.0,M,False,False,False
1956,thomas neal md,nturner@example.net,2019-03-14,Sydney,Australia,,F,True,False,False
1957,tiffany lee,johnsondavid@example.org,2022-10-11,Toronto,Canada,32.0,F,False,False,False
1958,melanie jones,btapia@example.com,2020-08-01,Berlin,Germany,28.0,M,False,False,False
1959,alexandra harper,paul34@example.com,2023-03-15,Melbourne,Australia,16.0,M,False,False,False
1960,tamara reid,sheltontiffany@example.com,2019-12-31,Melbourne,Australia,42.0,M,False,False,False
1961,andre haynes,xmullins@example.org,2022-07-30,Toronto,Canada,46.0,M,False,False,False
1962,kevin gilmore,yvang@example.org,2020-04-19,Mumbai,India,58.0,F,False,False,False
1963,olivia miller,amy13@example.net,2022-01-17,London,UK,34.0,M,False,False,False
1964,lynn davis,pcurry@example.net,2023-04-14,Singapore,Singapore,42.0,M,False,False,False
1965,mrs. emily waters,arobinson@example.org,2019-12-27,Los Angeles,USA,36.0,F,False,False,False
1966,carl huffman,wallssean@example.net,2023-05-04,Chicago,USA,69.0,F,False,False,False
1967,donald cunningham,kingdavid@example.net,2019-03-01,Toronto,Canada,33.0,M,False,False,False
1968,steven carter jr.,carolyn61@example.net,2022-02-25,New York,USA,32.0,M,False,False,False
1969,ryan gonzalez,ywright@example.net,2021-03-27,Manchester,UK,,F,True,False,False
1970,susan barton,turnerjeffrey@example.net,2023-08-04,Sydney,Australia,35.0,M,False,False,False
1971,katherine reeves,garciadonald@example.net,2020-02-27,Munich,Germany,23.0,F,False,False,False
1972,lisa johnson,srichardson@example.com,2022-01-10,Paris,France,,M,True,False,False
1973,joseph benson,barnesarthur@example.com,2024-02-12,London,UK,65.0,F,False,False,False
1974,jennifer brown,natalie57@example.com,2021-01-11,Toronto,Canada,28.0,F,False,False,False
1975,dana reilly,davidmartin@example.net,2020-04-14,Melbourne,Australia,67.0,F,False,False,False
1976,craig keller,angela71@example.net,2023-02-10,,Germany,,Other,True,True,False
1977,jason castro,jamesevans@example.net,2021-10-24,Los Angeles,USA,66.0,F,False,False,False
1978,alexandra brown,rodriguezelizabeth@example.net,2022-07-17,Toronto,Canada,18.0,M,False,False,False
1979,elizabeth cain,samantha73@example.org,2021-03-31,Sydney,Australia,68.0,F,False,False,False
1980,karen lewis,paulschultz@example.net,2021-10-30,Los Angeles,USA,,M,True,False,False
1981,andrea estrada,michellejones@example.net,2019-07-15,Chicago,USA,66.0,M,False,False,False
1982,angel martin dds,xfranco@example.org,2020-10-24,Singapore,Singapore,48.0,F,False,False,False
1983,jennifer goodwin,harrellkimberly@example.org,2020-06-25,Los Angeles,USA,52.0,F,False,False,False
1984,nicholas brooks,oobrien@example.net,2022-02-22,Manchester,UK,46.0,M,False,False,False
1985,karen avery,wlucas@example.net,2019-02-05,Manchester,UK,62.0,M,False,False,False
1986,kyle roberts,reynoldsanthony@example.org,2021-07-15,Los Angeles,USA,52.0,F,False,False,False
1987,michele waters,woodphillip@example.com,2021-09-03,London,UK,22.0,M,False,False,False
1988,victoria peterson,samantha78@example.com,2019-07-15,Los Angeles,USA,26.0,M,False,False,False
1989,seth barker,taylordavis@example.com,2019-10-17,Los Angeles,USA,55.0,M,False,False,False
1990,kim jensen,kingjoseph@example.com,2020-04-21,Singapore,Singapore,65.0,M,False,False,False
1991,linda perez,rebecca93@example.com,2019-11-05,Mumbai,India,36.0,M,False,False,False
1992,cheryl rogers,mramirez@example.com,2022-11-14,Vancouver,Canada,64.0,M,False,False,False
1993,chelsea austin,leahbarker@example.org,2020-04-27,Sydney,Australia,45.0,M,False,False,False
1994,heather daniels,james79@example.net,2019-06-16,Melbourne,Australia,43.0,M,False,False,False
1995,nathaniel walter,jamietyler@example.com,2021-11-30,Chicago,USA,26.0,F,False,False,False
1996,matthew crawford,peterlove@example.net,2021-05-18,Bangkok,Thailand,26.0,F,False,False,False
1997,glenn scott,kingtammy@example.net,2022-01-25,Mumbai,India,,,True,False,True
1998,mrs. chelsea villa,jgibson@example.net,2024-03-03,Melbourne,Australia,49.0,M,False,False,False
1999,kayla fisher,brent67@example.net,2019-10-17,Chicago,USA,49.0,,False,False,True
2000,jeffrey edwards,herbertward@example.org,2021-11-29,London,UK,32.0,F,False,False,False
2001,benjamin rodriguez,david16@example.org,2023-01-14,Melbourne,Australia,26.0,F,False,False,False
2002,matthew brown,morganclaudia@example.com,2020-01-03,Manchester,UK,46.0,F,False,False,False
2003,david robinson,sarah53@example.org,2020-02-13,Toronto,Canada,50.0,M,False,False,False
2004,kevin farmer,lindabryan@example.org,2019-11-17,Paris,France,38.0,F,False,False,False
2005,alicia martin,lisa11@example.org,2024-03-15,New York,USA,33.0,F,False,False,False
2006,connie stevens,patricialowery@example.com,2020-09-18,Melbourne,Australia,55.0,M,False,False,False
2007,david parker,ogriffin@example.org,2022-09-12,Sydney,Australia,20.0,F,False,False,False
2008,jennifer wallace,jocelyncruz@example.net,2020-06-22,Chicago,USA,22.0,M,False,False,False
2009,allison hubbard,nicolehenry@example.net,2020-11-07,Manchester,UK,65.0,,False,False,True
2010,alex romero,mmassey@example.org,2023-11-20,Melbourne,Australia,58.0,F,False,False,False
2011,michael burke,zjackson@example.org,2020-03-19,Toronto,Canada,75.0,F,False,False,False
2012,harry hill,rachel69@example.com,2019-01-01,Mumbai,India,20.0,M,False,False,False
2013,melissa elliott,chavezlauren@example.com,2021-05-21,Berlin,Germany,36.0,F,False,False,False
2014,heather smith,bramsey@example.org,2021-02-11,Manchester,UK,61.0,M,False,False,False
2015,gregory adams,timothy23@example.net,2019-06-10,Munich,Germany,69.0,M,False,False,False
2016,linda patrick,wernermichael@example.org,2022-12-27,Vancouver,Canada,69.0,M,False,False,False
2017,thomas davis,wrightalicia@example.com,2022-11-04,Vancouver,Canada,51.0,F,False,False,False
2018,edward garrison,garrett13@example.org,2021-01-18,Mumbai,India,65.0,F,False,False,False
2019,laura logan,keithharrison@example.com,2023-11-30,Munich,Germany,40.0,,False,False,True
2020,cynthia morton,carriejones@example.org,2021-06-24,Toronto,Canada,49.0,F,False,False,False
2021,richard ferguson,xtran@example.net,2021-01-25,Bangkok,Thailand,48.0,F,False,False,False
2022,joseph lopez,nguyengeorge@example.com,2022-08-07,Vancouver,Canada,,F,True,False,False
2023,alicia wagner,longgary@example.com,2019-04-28,Sydney,Australia,,M,True,False,False
2024,carlos hensley,audrey47@example.org,2022-07-18,Paris,France,47.0,M,False,False,False
2025,michael reeves,daniellewebster@example.org,2023-07-12,Munich,Germany,18.0,M,False,False,False
2026,mrs. donna rice,zbyrd@example.net,2023-02-16,Melbourne,Australia,71.0,M,False,False,False
2027,jennifer warren,kristin96@example.com,2019-04-25,Los Angeles,USA,56.0,M,False,False,False
2028,jennifer gordon,cmartinez@example.org,2023-10-13,,Canada,57.0,M,False,True,False
2029,zachary wilkinson,munozrobert@example.com,2024-01-17,Mumbai,India,73.0,M,False,False,False
2030,alexander freeman,lewiskimberly@example.org,2021-11-23,London,UK,58.0,M,False,False,False
2031,kevin blake,deborahturner@example.org,2020-01-31,Los Angeles,USA,25.0,F,False,False,False
2032,steven mckee,tommy77@example.com,2022-05-31,Vancouver,Canada,60.0,M,False,False,False
2033,julie perry,sanchezdustin@example.net,2024-04-11,Mumbai,India,35.0,F,False,False,False
2034,elizabeth brown,pblankenship@example.com,2023-09-09,Paris,France,52.0,M,False,False,False
2035,edward nicholson,ewilliams@example.org,2023-02-03,Chicago,USA,27.0,F,False,False,False
2036,corey weeks,alexgarcia@example.net,2023-06-04,Chicago,USA,29.0,M,False,False,False
2037,debra johnson,crystalwatson@example.com,2020-09-22,Toronto,Canada,73.0,M,False,False,False
2038,robert stevens,justin08@example.net,2019-04-20,Vancouver,Canada,61.0,M,False,False,False
2039,jeffrey freeman,estradaamy@example.net,2020-04-07,Manchester,UK,33.0,F,False,False,False
2040,andrea donaldson,trivera@example.com,2021-06-19,Melbourne,Australia,21.0,F,False,False,False
2041,madison thomas,christopherreyes@example.com,2021-12-07,Sydney,Australia,69.0,F,False,False,False
2042,andrew smith,jameshudson@example.com,2022-04-13,Mumbai,India,25.0,M,False,False,False
2043,sonya simmons,veronica30@example.org,2022-08-16,London,UK,29.0,M,False,False,False
2044,andrew acosta,robinsonrose@example.org,2023-06-15,Melbourne,Australia,21.0,F,False,False,False
2045,katherine miller,vcain@example.net,2019-03-06,Vancouver,Canada,49.0,F,False,False,False
2046,jacqueline harrison,barbara85@example.net,2020-10-23,Paris,France,52.0,F,False,False,False
2047,kelsey contreras,linda33@example.org,2019-08-03,,Australia,38.0,F,False,True,False
2048,dillon case,victor60@example.net,2020-11-20,London,UK,73.0,F,False,False,False
2049,scott rodriguez,angelarichard@example.org,2022-01-24,Berlin,Germany,,F,True,False,False
2050,danielle stein,terrywilliam@example.com,2022-11-23,Paris,France,62.0,F,False,False,False
2051,jennifer rivera,sanchezcindy@example.net,2022-05-15,London,UK,46.0,,False,False,True
2052,erik small,bsullivan@example.org,2020-04-24,Bangkok,Thailand,22.0,,False,False,True
2053,william cook,david37@example.com,2022-04-29,Manchester,UK,26.0,M,False,False,False
2054,jennifer lewis,satkinson@example.org,2024-04-14,Melbourne,Australia,28.0,F,False,False,False
2055,carmen moore,brittney11@example.org,2020-11-13,Sydney,Australia,21.0,M,False,False,False
2056,omar hernandez,fvasquez@example.net,2021-03-21,Berlin,Germany,,M,True,False,False
2057,wendy smith,antoniocarter@example.com,2020-09-21,Vancouver,Canada,27.0,F,False,False,False
2058,tamara graves,williamspatricia@example.com,2019-11-12,,Canada,70.0,F,False,True,False
2059,zachary miller,mendezlori@example.org,2021-08-22,Los Angeles,USA,59.0,M,False,False,False
2060,stephanie holloway,lrodriguez@example.com,2023-08-30,Manchester,UK,61.0,F,False,False,False
2061,kelly decker,dillon79@example.com,2023-04-12,London,UK,41.0,M,False,False,False
2062,ricardo robertson,sobrien@example.com,2023-11-23,Melbourne,Australia,54.0,M,False,False,False
2063,samuel ortega,wpatrick@example.net,2024-06-10,Melbourne,Australia,17.0,M,False,False,False
2064,matthew briggs,proman@example.com,2021-01-11,London,UK,48.0,M,False,False,False
2065,christine murray,benjaminbrown@example.org,2019-06-08,Bangkok,Thailand,30.0,F,False,False,False
2066,zachary martinez,campbellmarvin@example.com,2019-07-10,Manchester,UK,40.0,F,False,False,False
2067,michelle graham,spearselizabeth@example.net,2022-10-14,Manchester,UK,18.0,F,False,False,False
2068,laurie pineda,pauladouglas@example.com,2022-10-29,Manchester,UK,69.0,F,False,False,False
2069,corey jones,randalllinda@example.com,2019-07-27,Melbourne,Australia,71.0,F,False,False,False
2070,jonathan barrett,ubowers@example.com,2022-03-22,,USA,40.0,M,False,True,False
2071,gabriel levy,wbarrett@example.net,2021-04-02,Sydney,Australia,,M,True,False,False
2072,catherine booth,stephanieperry@example.com,2022-05-21,Los Angeles,USA,48.0,F,False,False,False
2073,felicia williams,johnmunoz@example.com,2024-06-13,Munich,Germany,23.0,M,False,False,False
2074,michelle butler,welchjennifer@example.net,2023-11-18,Manchester,UK,,M,True,False,False
2075,aaron webb,jasoncook@example.net,2020-02-09,Vancouver,Canada,68.0,F,False,False,False
2076,natasha hill,lpreston@example.net,2020-07-30,Berlin,Germany,23.0,F,False,False,False
2077,christina carrillo,gibsonjennifer@example.net,2022-11-06,Paris,France,32.0,M,False,False,False
2078,zachary bryant,marvin69@example.net,2022-01-16,New York,USA,27.0,F,False,False,False
2079,amy gallegos,mhickman@example.net,2022-07-26,Vancouver,Canada,54.0,M,False,False,False
2080,ethan garza,pbaker@example.org,2020-05-24,Manchester,UK,21.0,F,False,False,False
2081,mary riley,hbaker@example.org,2021-06-01,Berlin,Germany,38.0,F,False,False,False
2082,trevor cole,dsmith@example.org,2024-01-25,Mumbai,India,52.0,F,False,False,False
2083,denise olsen,usmith@example.net,2022-06-01,Chicago,USA,67.0,,False,False,True
2084,patricia alvarado,nzhang@example.net,2020-11-22,Los Angeles,USA,63.0,F,False,False,False
2085,donna wilson,saraprice@example.net,2020-06-10,Melbourne,Australia,63.0,F,False,False,False
2086,joshua gonzalez,pmiller@example.org,2023-06-14,Los Angeles,USA,52.0,M,False,False,False
2087,alicia anderson,gary44@example.com,2023-06-14,Mumbai,India,60.0,M,False,False,False
2088,jeffery daniel,connor44@example.net,2024-03-30,Singapore,Singapore,33.0,F,False,False,False
2089,margaret jones,morganfarrell@example.org,2019-04-04,Sydney,Australia,41.0,F,False,False,False
2090,andrea townsend,tammy17@example.com,2020-02-29,Manchester,UK,66.0,F,False,False,False
2091,ralph chan,edixon@example.net,2023-06-07,Paris,France,36.0,M,False,False,False
2092,rachel kelly,gomezpaul@example.org,2019-05-11,Toronto,Canada,34.0,M,False,False,False
2093,danielle smith,gayfrancis@example.com,2022-07-24,Manchester,UK,37.0,M,False,False,False
2094,robert nichols,writter@example.net,2020-11-28,London,UK,38.0,M,False,False,False
2095,gerald price,ggarcia@example.com,2020-03-07,Berlin,Germany,60.0,F,False,False,False
2096,connor walsh,cherryjulie@example.net,2023-10-12,Sydney,Australia,21.0,F,False,False,False
2097,phyllis grant,phughes@example.com,2023-03-12,Toronto,Canada,39.0,F,False,False,False
2098,andrew chavez,duncanandre@example.net,2019-03-02,Berlin,Germany,55.0,M,False,False,False
2099,mariah perry,montesmichelle@example.org,2023-04-16,Manchester,UK,64.0,M,False,False,False
2100,brendan meyer,watkinsthomas@example.net,2021-02-07,Toronto,Canada,24.0,F,False,False,False
2101,molly peterson dds,hartmandanielle@example.org,2020-03-23,Manchester,UK,23.0,F,False,False,False
2102,rodney carter,brownkevin@example.org,2023-02-13,Singapore,Singapore,51.0,F,False,False,False
2103,robyn kidd,matthew61@example.net,2020-07-25,Paris,France,65.0,M,False,False,False
2104,jonathan rodgers,sjohnson@example.com,2023-04-10,Sydney,Australia,36.0,F,False,False,False
2105,brandon taylor,coxcody@example.com,2021-10-10,Manchester,UK,34.0,Other,False,False,False
2106,emily martinez,brandimiller@example.org,2021-03-30,Chicago,USA,16.0,M,False,False,False
2107,ryan pierce,cainana@example.net,2022-10-31,Chicago,USA,40.0,F,False,False,False
2108,kimberly escobar,craig60@example.com,2022-07-27,Toronto,Canada,55.0,M,False,False,False
2109,jennifer barrett,joyce21@example.org,2022-05-12,,USA,62.0,M,False,True,False
2110,leah rodriguez,zwilliams@example.com,2022-03-11,Chicago,USA,46.0,F,False,False,False
2111,brian moore,christopherjackson@example.net,2023-12-15,Paris,France,40.0,M,False,False,False
2112,mercedes garcia,ruizjessica@example.org,2021-07-26,Chicago,USA,62.0,Other,False,False,False
2113,tyler shields,veronicasmith@example.net,2020-02-14,Bangkok,Thailand,24.0,F,False,False,False
2114,laura blair,travisyoung@example.com,2021-07-29,Berlin,Germany,59.0,M,False,False,False
2115,michael lee,max69@example.com,2021-10-21,Berlin,Germany,23.0,M,False,False,False
2116,donna wright,mannjonathan@example.net,2019-11-23,Bangkok,Thailand,45.0,M,False,False,False
2117,dr. jared lee iii,barbaraolsen@example.net,2022-10-18,Sydney,Australia,71.0,F,False,False,False
2118,michael anderson,halljohn@example.org,2021-05-04,Singapore,Singapore,72.0,M,False,False,False
2119,melinda anderson,joshuarodriguez@example.org,2021-12-29,Sydney,Australia,44.0,F,False,False,False
2120,michelle greer,gutierrezmatthew@example.com,2023-08-24,Manchester,UK,39.0,M,False,False,False
2121,nathaniel floyd,mark66@example.net,2021-05-27,Berlin,Germany,22.0,M,False,False,False
2122,denise alvarado,jamiegomez@example.net,2023-06-10,Singapore,Singapore,62.0,F,False,False,False
2123,mary burns,samuel40@example.com,2020-05-12,Bangkok,Thailand,29.0,M,False,False,False
2124,antonio small,goodmanalice@example.org,2024-01-16,Berlin,Germany,64.0,F,False,False,False
2125,stanley taylor,gregory07@example.net,2020-11-08,Berlin,Germany,60.0,F,False,False,False
2126,jesse turner,shannonbarker@example.com,2019-10-31,Chicago,USA,,M,True,False,False
2127,tracey nelson,iwalker@example.org,2020-08-19,Melbourne,Australia,61.0,M,False,False,False
2128,maria cruz,danielgriffith@example.net,2022-10-10,Berlin,Germany,25.0,F,False,False,False
2129,brett atkins,julie01@example.net,2023-10-26,,Canada,32.0,F,False,True,False
2130,ashley roach,lisa89@example.net,2019-10-31,Vancouver,Canada,16.0,M,False,False,False
2131,kendra white,amadden@example.org,2021-04-11,Munich,Germany,55.0,M,False,False,False
2132,erin norris,jacoboconnor@example.net,2023-10-13,Paris,France,36.0,Other,False,False,False
2133,danielle ballard,courtneysantiago@example.net,2019-12-13,Sydney,Australia,46.0,F,False,False,False
2134,heather james,pamelanguyen@example.com,2020-12-02,Los Angeles,USA,35.0,M,False,False,False
2135,peter patel,jperez@example.org,2023-06-05,Melbourne,Australia,57.0,M,False,False,False
2136,ashley huang,robertwilliams@example.com,2024-01-31,Sydney,Australia,69.0,M,False,False,False
2137,zachary jones,ohiggins@example.net,2020-04-12,Bangkok,Thailand,39.0,F,False,False,False
2138,jacob johnson,hullrobert@example.com,2021-11-05,London,UK,33.0,M,False,False,False
2139,stacy orozco,petersonjoel@example.org,2019-06-12,Mumbai,India,44.0,F,False,False,False
2140,david george,bradleybarker@example.net,2020-01-10,Melbourne,Australia,70.0,F,False,False,False
2141,peter chandler,nmontoya@example.com,2024-06-28,New York,USA,33.0,F,False,False,False
2142,ariel gordon,sandyramirez@example.com,2024-02-22,Mumbai,India,73.0,F,False,False,False
2143,taylor mullins,anthonydavis@example.net,2020-05-14,Toronto,Canada,64.0,M,False,False,False
2144,mary lee,jimwilliams@example.org,2019-04-15,Singapore,Singapore,66.0,F,False,False,False
2145,daniel anderson,cbrown@example.org,2021-09-01,Los Angeles,USA,22.0,M,False,False,False
2146,amanda swanson,michaelsherman@example.com,2019-01-20,Paris,France,43.0,M,False,False,False
2147,jessica watts,patelgabrielle@example.com,2022-08-09,Singapore,Singapore,53.0,F,False,False,False
2148,phillip lewis,roberthamilton@example.net,2020-05-30,New York,USA,54.0,F,False,False,False
2149,deborah meyer,olivia29@example.net,2021-11-19,Berlin,Germany,57.0,F,False,False,False
2150,cindy cole,cherylnorton@example.com,2022-10-20,Vancouver,Canada,48.0,,False,False,True
2151,larry howe,gonzalezkenneth@example.net,2021-09-25,Chicago,USA,36.0,M,False,False,False
2152,brandon perkins,rachelhall@example.net,2019-05-15,Chicago,USA,59.0,F,False,False,False
2153,shannon castro,lblankenship@example.net,2022-11-07,Sydney,Australia,68.0,M,False,False,False
2154,brandy holmes,laurenallen@example.org,2020-09-21,Toronto,Canada,35.0,F,False,False,False
2155,lisa wilkerson,ambermiller@example.net,2024-03-14,Vancouver,Canada,29.0,F,False,False,False
2156,debbie rivera,mariawilliams@example.com,2021-03-22,Singapore,Singapore,70.0,F,False,False,False
2157,christine pratt,hollydavis@example.org,2021-08-28,Munich,Germany,54.0,F,False,False,False
2158,andrea le,rojasmarc@example.org,2020-06-22,Bangkok,Thailand,75.0,F,False,False,False
2159,wendy morgan,cannonkimberly@example.net,2023-01-28,London,UK,69.0,F,False,False,False
2160,shari sharp,morriskatherine@example.net,2023-04-11,Manchester,UK,16.0,,False,False,True
2161,angela lee,gonzalespatricia@example.net,2022-08-15,,UK,45.0,M,False,True,False
2162,richard goodman,ballvanessa@example.com,2022-09-17,,Canada,34.0,F,False,True,False
2163,brian rocha,karen42@example.org,2020-10-29,Manchester,UK,51.0,M,False,False,False
2164,brittany barnett,hmitchell@example.org,2023-10-20,Berlin,Germany,22.0,M,False,False,False
2165,roger roberts,edwardstaylor@example.net,2022-04-29,Melbourne,Australia,18.0,,False,False,True
2166,alexander greene,stanleynina@example.com,2021-09-24,Melbourne,Australia,33.0,F,False,False,False
2167,glenn ward,alyssa66@example.net,2022-08-02,New York,USA,33.0,F,False,False,False
2168,jason salinas,vickiwood@example.org,2019-10-03,Berlin,Germany,36.0,M,False,False,False
2169,roberto glover,jblair@example.net,2019-11-05,Mumbai,India,35.0,F,False,False,False
2170,john russell,robertchase@example.net,2022-03-18,London,UK,64.0,M,False,False,False
2171,henry lutz,davidbrown@example.org,2019-02-14,Melbourne,Australia,65.0,M,False,False,False
2172,sharon king,zamorarose@example.net,2020-10-04,Melbourne,Australia,73.0,F,False,False,False
2173,mario green,amywells@example.org,2021-08-17,London,UK,45.0,,False,False,True
2174,jamie gallagher,rossjohn@example.net,2020-06-06,Vancouver,Canada,63.0,M,False,False,False
2175,michael montgomery,jessica89@example.net,2021-03-22,Manchester,UK,,M,True,False,False
2176,monica russell,andrewsuarez@example.net,2021-02-03,Munich,Germany,52.0,M,False,False,False
2177,nathan kirk,tlewis@example.com,2020-10-31,Singapore,Singapore,47.0,F,False,False,False
2178,shane short,sonia62@example.com,2022-03-03,Los Angeles,USA,51.0,M,False,False,False
2179,jacqueline roberts,lopezkristina@example.net,2023-10-10,Mumbai,India,52.0,,False,False,True
2180,gina vega,james01@example.com,2019-05-30,Singapore,Singapore,68.0,M,False,False,False
2181,jason ramirez,william88@example.org,2019-11-08,Melbourne,Australia,37.0,F,False,False,False
2182,monica richardson,mariahill@example.net,2023-05-19,Munich,Germany,,F,True,False,False
2183,julie decker,nunezmatthew@example.com,2021-03-09,Mumbai,India,16.0,F,False,False,False
2184,amy farrell,jamesrobinson@example.com,2022-04-11,Toronto,Canada,50.0,M,False,False,False
2185,joseph matthews,fosterjeffrey@example.org,2024-03-10,Paris,France,73.0,F,False,False,False
2186,ann dawson,ufox@example.org,2019-10-31,,Singapore,35.0,M,False,True,False
2187,lisa gonzalez,mccoyjames@example.org,2019-03-22,Mumbai,India,50.0,M,False,False,False
2188,mathew key,khanmelissa@example.net,2020-04-16,Bangkok,Thailand,29.0,,False,False,True
2189,bradley brady,uchang@example.com,2024-04-01,Toronto,Canada,65.0,M,False,False,False
2190,tyler garrison,smithjack@example.org,2019-09-10,Berlin,Germany,17.0,M,False,False,False
2191,alyssa rodriguez phd,dunnmary@example.net,2019-04-11,Manchester,UK,44.0,F,False,False,False
2192,dana bennett,fwalsh@example.com,2019-09-13,Mumbai,India,27.0,M,False,False,False
2193,samantha carlson,nrangel@example.net,2023-03-30,Chicago,USA,23.0,F,False,False,False
2194,jacob conner,normajones@example.net,2021-04-30,London,UK,29.0,F,False,False,False
2195,bryce fox,daniel43@example.org,2021-11-07,Vancouver,Canada,,F,True,False,False
2196,john massey,katherinerussell@example.org,2019-07-24,Mumbai,India,39.0,F,False,False,False
2197,brooke lewis,charleshayes@example.com,2022-08-28,Mumbai,India,30.0,M,False,False,False
2198,billy scott,dominguezmeredith@example.com,2023-11-29,Manchester,UK,17.0,M,False,False,False
2199,joshua shepard,gallegoscrystal@example.com,2019-04-03,London,UK,70.0,F,False,False,False
2200,timothy patterson,stonecody@example.net,2019-10-15,Chicago,USA,,F,True,False,False
2201,richard smith,acevedonancy@example.org,2022-09-15,Melbourne,Australia,39.0,F,False,False,False
2202,christina myers,meyerskathryn@example.com,2024-04-01,Chicago,USA,25.0,F,False,False,False
2203,jesus flores,corythompson@example.org,2024-03-09,Bangkok,Thailand,66.0,F,False,False,False
2204,gilbert williams,lhicks@example.com,2021-02-03,Sydney,Australia,55.0,F,False,False,False
2205,karina boone,phines@example.org,2021-08-21,Bangkok,Thailand,63.0,F,False,False,False
2206,victoria guerra,kara01@example.org,2023-04-11,Manchester,UK,62.0,F,False,False,False
2207,julian leon,vdeleon@example.com,2020-04-01,Bangkok,Thailand,42.0,M,False,False,False
2208,scott durham,ricklewis@example.net,2023-10-20,Manchester,UK,44.0,M,False,False,False
2209,nathaniel brown,shannon09@example.org,2021-09-02,Vancouver,Canada,73.0,M,False,False,False
2210,wendy carpenter,prattjustin@example.org,2024-05-13,London,UK,58.0,M,False,False,False
2211,michelle chavez,brandi26@example.net,2022-03-15,Mumbai,India,24.0,Other,False,False,False
2212,loretta garrett,qkane@example.com,2022-09-12,Toronto,Canada,63.0,M,False,False,False
2213,maria malone,hdavis@example.com,2020-05-26,Los Angeles,USA,32.0,F,False,False,False
2214,richard riley,dylancunningham@example.com,2022-09-30,Berlin,Germany,49.0,F,False,False,False
2215,jonathan collins,stephaniezamora@example.org,2019-09-27,Bangkok,Thailand,43.0,M,False,False,False
2216,richard weiss,kimberly66@example.net,2019-03-12,Mumbai,India,,F,True,False,False
2217,teresa russell,branchthomas@example.com,2022-07-23,Chicago,USA,69.0,F,False,False,False
2218,joyce butler,maygordon@example.org,2021-09-11,Paris,France,70.0,M,False,False,False
2219,tommy ramsey,markbates@example.com,2021-04-10,Paris,France,29.0,F,False,False,False
2220,stephanie meyer,hufftina@example.org,2020-07-26,Melbourne,Australia,65.0,,False,False,True
2221,toni clay,jarvisrachel@example.net,2020-06-06,Chicago,USA,67.0,F,False,False,False
2222,gloria dunn,richardhines@example.net,2022-09-30,Los Angeles,USA,64.0,F,False,False,False
2223,jessica adams,wberry@example.com,2019-02-22,Sydney,Australia,24.0,M,False,False,False
2224,tammy robinson,gstokes@example.net,2022-02-01,Los Angeles,USA,24.0,F,False,False,False
2225,sonya miranda,ashley14@example.org,2024-06-01,Los Angeles,USA,27.0,,False,False,True
2226,jennifer hernandez,melissa40@example.org,2019-10-18,Toronto,Canada,,F,True,False,False
2227,carly goodwin,smithmelissa@example.com,2023-05-17,Paris,France,52.0,M,False,False,False
2228,susan price,wilsontina@example.com,2022-01-09,London,UK,60.0,F,False,False,False
2229,angela barnett,madison00@example.org,2022-10-25,Los Angeles,USA,56.0,M,False,False,False
2230,anthony wong,cartercatherine@example.net,2023-01-06,Singapore,Singapore,50.0,M,False,False,False
2231,jesse ayala,monicaavery@example.net,2019-04-11,Vancouver,Canada,34.0,F,False,False,False
2232,charles blair,dananelson@example.com,2021-08-16,Berlin,Germany,24.0,F,False,False,False
2233,kyle myers,kleinshane@example.org,2022-02-12,Melbourne,Australia,29.0,,False,False,True
2234,pamela jenkins,caitlyncooper@example.net,2023-03-27,New York,USA,24.0,M,False,False,False
2235,nichole vasquez,dlivingston@example.org,2024-06-22,Singapore,Singapore,41.0,F,False,False,False
2236,tara jones,andrew88@example.com,2020-05-24,Toronto,Canada,20.0,F,False,False,False
2237,cory harris,christopheranderson@example.com,2019-09-10,Manchester,UK,59.0,M,False,False,False
2238,timothy harris,irodriguez@example.org,2020-11-01,Singapore,Singapore,56.0,F,False,False,False
2239,daniel ferrell,erikamiller@example.org,2022-05-10,Sydney,Australia,30.0,F,False,False,False
2240,brian christensen,mandypetty@example.com,2022-06-03,Melbourne,Australia,25.0,M,False,False,False
2241,jon berry,nicholas33@example.com,2023-11-28,London,UK,18.0,F,False,False,False
2242,michael phillips,brittany29@example.com,2021-05-22,Berlin,Germany,26.0,M,False,False,False
2243,sean carter,dudleycody@example.com,2020-08-19,Singapore,Singapore,49.0,M,False,False,False
2244,anthony hayes,marilyn67@example.net,2023-11-07,Paris,France,31.0,M,False,False,False
2245,charles ford,kcontreras@example.org,2021-05-13,Manchester,UK,56.0,M,False,False,False
2246,roy fowler,lshannon@example.net,2020-07-18,Melbourne,Australia,56.0,M,False,False,False
2247,ashley lee,ijackson@example.com,2019-06-20,London,UK,22.0,M,False,False,False
2248,katherine simon,bhall@example.org,2022-04-25,Toronto,Canada,58.0,M,False,False,False
2249,kimberly mcdowell,amyferrell@example.com,2022-02-22,Berlin,Germany,69.0,M,False,False,False
2250,darryl christensen,vasquezjacqueline@example.net,2021-02-22,Sydney,Australia,54.0,M,False,False,False
2251,jessica becker,chavezisabel@example.com,2022-03-24,Los Angeles,USA,23.0,M,False,False,False
2252,kathleen mccullough,michellesmith@example.org,2024-01-25,Melbourne,Australia,42.0,F,False,False,False
2253,charles hopkins,henrysoto@example.com,2023-06-03,Sydney,Australia,70.0,F,False,False,False
2254,angelica long,alexis58@example.com,2023-07-24,Manchester,UK,63.0,F,False,False,False
2255,melissa sullivan,jessicamills@example.org,2020-01-06,Paris,France,56.0,Other,False,False,False
2256,kenneth murphy,wnovak@example.net,2019-02-28,Singapore,Singapore,70.0,M,False,False,False
2257,kristin ferguson,joe99@example.net,2024-06-16,London,UK,33.0,F,False,False,False
2258,joshua smith,davidsellers@example.com,2020-06-22,Sydney,Australia,29.0,M,False,False,False
2259,tiffany holt,eileendaniels@example.net,2021-04-01,Melbourne,Australia,65.0,M,False,False,False
2260,melissa romero,deborah49@example.com,2020-12-21,London,UK,50.0,F,False,False,False
2261,lisa spencer,hollandjustin@example.com,2020-09-18,Mumbai,India,74.0,F,False,False,False
2262,katie rivers,dominguezscott@example.com,2022-08-02,Berlin,Germany,64.0,M,False,False,False
2263,cynthia stephens,mmyers@example.net,2020-11-21,London,UK,73.0,F,False,False,False
2264,mary johnson,xhill@example.org,2019-08-17,New York,USA,53.0,M,False,False,False
2265,amy burton,isimpson@example.com,2023-03-30,Vancouver,Canada,50.0,F,False,False,False
2266,chris hanson,twagner@example.org,2019-07-05,Los Angeles,USA,74.0,F,False,False,False
2267,beverly black,troybrady@example.net,2020-11-27,Melbourne,Australia,38.0,F,False,False,False
2268,melanie smith,faithsparks@example.com,2023-07-27,Melbourne,Australia,55.0,,False,False,True
2269,derrick johnson,karla66@example.net,2023-08-19,Berlin,Germany,31.0,F,False,False,False
2270,melissa carroll,nunezgary@example.net,2020-04-04,Berlin,Germany,31.0,M,False,False,False
2271,paul phelps,john86@example.com,2019-01-26,Chicago,USA,31.0,M,False,False,False
2272,christina gomez,jacob32@example.net,2021-04-28,Berlin,Germany,51.0,F,False,False,False
2273,laura adams,ogreer@example.org,2022-04-04,Munich,Germany,56.0,F,False,False,False
2274,stephanie armstrong,petersonfrank@example.org,2022-12-18,Vancouver,Canada,67.0,F,False,False,False
2275,sydney lopez,jennifer72@example.com,2024-04-02,Bangkok,Thailand,36.0,M,False,False,False
2276,wayne jackson,mirandawalker@example.net,2023-10-28,London,UK,66.0,,False,False,True
2277,melissa garcia,castropeter@example.com,2021-11-05,Singapore,Singapore,50.0,M,False,False,False
2278,matthew stone,jherring@example.com,2020-12-14,Melbourne,Australia,51.0,F,False,False,False
2279,frank freeman,mallory30@example.org,2019-04-19,Mumbai,India,55.0,F,False,False,False
2280,marcus rich,housedaniel@example.com,2019-02-15,Chicago,USA,44.0,F,False,False,False
2281,carmen gonzalez,brandi40@example.org,2022-12-17,Mumbai,India,20.0,M,False,False,False
2282,christine parker,kelly15@example.com,2020-05-31,Paris,France,61.0,M,False,False,False
2283,daniel thompson,lisaalvarez@example.net,2021-03-22,Chicago,USA,58.0,M,False,False,False
2284,robert west,brandon94@example.org,2020-04-21,London,UK,67.0,F,False,False,False
2285,maria rodriguez,johnsonmichael@example.com,2024-06-30,Munich,Germany,36.0,F,False,False,False
2286,joseph bright,mhoffman@example.net,2021-01-03,Singapore,Singapore,23.0,F,False,False,False
2287,norma smith,david88@example.net,2023-02-04,Manchester,UK,62.0,M,False,False,False
2288,hannah martin,savannahgrant@example.com,2023-09-08,Chicago,USA,17.0,F,False,False,False
2289,tyler shields,csparks@example.net,2019-07-12,Los Angeles,USA,52.0,M,False,False,False
2290,edwin jackson,gmccarthy@example.com,2022-11-27,Manchester,UK,24.0,F,False,False,False
2291,dr. diana chen,yoconnell@example.com,2022-12-19,Chicago,USA,72.0,F,False,False,False
2292,sarah roberts,kevinmendez@example.org,2020-04-09,Toronto,Canada,57.0,M,False,False,False
2293,robin patterson,anthony00@example.org,2020-06-11,Munich,Germany,72.0,F,False,False,False
2294,eric fowler,charlesyoung@example.net,2019-07-15,London,UK,16.0,F,False,False,False
2295,sonya wilcox,miranda13@example.org,2020-09-19,Manchester,UK,67.0,M,False,False,False
2296,john boyd,lpeters@example.net,2020-01-22,Chicago,USA,55.0,,False,False,True
2297,eric rosales,ncruz@example.net,2023-11-22,Los Angeles,USA,54.0,F,False,False,False
2298,jonathan jefferson dvm,rodneynolan@example.com,2023-12-07,Mumbai,India,48.0,F,False,False,False
2299,eileen gutierrez,andersonmeghan@example.net,2024-03-30,New York,USA,72.0,M,False,False,False
2300,tamara roberts,foxlinda@example.org,2024-03-29,Vancouver,Canada,22.0,M,False,False,False
2301,rhonda rodriguez,jamesbrown@example.org,2019-07-24,Bangkok,Thailand,28.0,M,False,False,False
2302,sherry brewer,claire06@example.net,2024-03-16,Berlin,Germany,51.0,Other,False,False,False
2303,brandon sanchez,tracy38@example.com,2022-02-09,Sydney,Australia,37.0,,False,False,True
2304,joseph wang,fstone@example.net,2020-01-21,Berlin,Germany,18.0,Other,False,False,False
2305,richard yoder,qmarshall@example.net,2023-09-24,Singapore,Singapore,22.0,M,False,False,False
2306,kristina baker,nicholashuffman@example.org,2021-12-15,Bangkok,Thailand,52.0,M,False,False,False
2307,luke dixon,qreyes@example.net,2020-02-16,Sydney,Australia,36.0,F,False,False,False
2308,brian brown,jenniferhorne@example.net,2021-05-23,Sydney,Australia,43.0,M,False,False,False
2309,arthur mcdaniel,scottlove@example.org,2022-02-23,London,UK,55.0,M,False,False,False
2310,mary levy,nguyengerald@example.net,2023-04-28,Vancouver,Canada,49.0,F,False,False,False
2311,susan lewis,gkeith@example.net,2022-04-18,Bangkok,Thailand,50.0,F,False,False,False
2312,gabriel nash,bowmanjoel@example.net,2019-04-07,New York,USA,40.0,F,False,False,False
2313,steven nguyen,jacqueline39@example.net,2022-11-02,Mumbai,India,63.0,M,False,False,False
2314,justin parker,umartinez@example.net,2022-12-02,Sydney,Australia,74.0,F,False,False,False
2315,patrick snyder,lindseyroberts@example.org,2022-12-30,Toronto,Canada,20.0,M,False,False,False
2316,debbie king,ucarr@example.org,2019-02-01,Paris,France,75.0,F,False,False,False
2317,jeremy summers,ksmith@example.org,2019-01-10,Vancouver,Canada,58.0,,False,False,True
2318,christopher rivera,fwolf@example.net,2023-08-20,Manchester,UK,39.0,F,False,False,False
2319,john woodard,devon88@example.org,2020-05-19,Paris,France,58.0,M,False,False,False
2320,alfred leonard,taylormichael@example.net,2023-11-04,Melbourne,Australia,35.0,M,False,False,False
2321,shari kelley,benjaminwilliams@example.net,2021-04-18,Vancouver,Canada,42.0,M,False,False,False
2322,robert parks md,nbailey@example.net,2023-07-31,Toronto,Canada,32.0,F,False,False,False
2323,michele watson,jack86@example.org,2023-04-21,Melbourne,Australia,24.0,M,False,False,False
2324,tammy tyler,harrisjoshua@example.com,2019-11-22,Los Angeles,USA,20.0,Other,False,False,False
2325,james miller,daniel15@example.org,2024-05-10,Vancouver,Canada,34.0,M,False,False,False
2326,shelby duncan,johnsonedward@example.net,2023-04-08,Los Angeles,USA,41.0,,False,False,True
2327,timothy mcmahon,elizabeth14@example.org,2023-09-30,Munich,Germany,28.0,M,False,False,False
2328,matthew moss,brianmorrow@example.org,2019-08-17,Los Angeles,USA,18.0,M,False,False,False
2329,wendy miller,hdavis@example.org,2019-05-19,Singapore,Singapore,43.0,F,False,False,False
2330,mark dennis,clarkdavid@example.net,2023-04-25,Paris,France,58.0,F,False,False,False
2331,toni ortiz,brianobrien@example.net,2023-01-24,Toronto,Canada,18.0,F,False,False,False
2332,audrey reyes,andersonhenry@example.org,2024-03-02,Vancouver,Canada,38.0,F,False,False,False
2333,amanda taylor,dorothy87@example.org,2019-11-10,Manchester,UK,48.0,F,False,False,False
2334,marcus blair,carterjames@example.com,2023-01-16,Sydney,Australia,17.0,F,False,False,False
2335,joshua guerrero,qcurtis@example.com,2020-08-12,Munich,Germany,26.0,F,False,False,False
2336,ashley duran,gregory14@example.org,2019-05-14,Sydney,Australia,49.0,F,False,False,False
2337,melanie garrett,sandraheath@example.net,2020-10-20,Bangkok,Thailand,18.0,F,False,False,False
2338,vicki hernandez,nicholas09@example.org,2019-01-08,Manchester,UK,19.0,F,False,False,False
2339,holly ponce,efranco@example.net,2023-04-10,Toronto,Canada,18.0,M,False,False,False
2340,april galvan,david97@example.org,2021-09-02,Bangkok,Thailand,57.0,F,False,False,False
2341,crystal chavez,joshuacoleman@example.com,2023-03-13,Bangkok,Thailand,59.0,,False,False,True
2342,kimberly hughes,jasonjohnson@example.org,2021-07-20,Sydney,Australia,74.0,M,False,False,False
2343,paula johnson,bconrad@example.org,2019-10-23,Toronto,Canada,56.0,F,False,False,False
2344,christopher hall,kramirez@example.net,2023-12-12,Vancouver,Canada,39.0,F,False,False,False
2345,jessica griffith,reynoldsmichelle@example.org,2021-07-30,New York,USA,61.0,,False,False,True
2346,carlos heath,petersonjose@example.org,2023-09-17,Chicago,USA,38.0,M,False,False,False
2347,melinda may,jacquelinedelacruz@example.org,2023-02-11,Berlin,Germany,44.0,F,False,False,False
2348,caleb jensen,kfrye@example.net,2021-03-27,Sydney,Australia,62.0,M,False,False,False
2349,jay buchanan,woodbrittany@example.com,2020-02-03,Paris,France,39.0,M,False,False,False
2350,jeffery thompson,johnskinner@example.org,2021-02-06,Manchester,UK,35.0,F,False,False,False
2351,danielle hamilton,williamsbrian@example.org,2021-07-15,Sydney,Australia,73.0,M,False,False,False
2352,kayla williams,shafferjill@example.com,2020-02-13,New York,USA,37.0,F,False,False,False
2353,ashlee ross,burnsrodney@example.org,2021-06-03,Munich,Germany,,M,True,False,False
2354,kelly burnett,seth29@example.org,2020-07-13,Chicago,USA,65.0,M,False,False,False
2355,ashley cooper,fordjames@example.org,2019-11-05,Toronto,Canada,36.0,F,False,False,False
2356,brian brown,martinnovak@example.com,2021-09-23,Bangkok,Thailand,55.0,M,False,False,False
2357,joseph hill,james62@example.org,2019-03-14,,Thailand,66.0,Other,False,True,False
2358,allison cunningham,michaelvillarreal@example.net,2019-04-19,Mumbai,India,70.0,F,False,False,False
2359,jeffery jordan,tyler31@example.net,2019-11-05,Melbourne,Australia,35.0,M,False,False,False
2360,cristian lambert,catherinemoore@example.com,2024-01-27,Paris,France,46.0,F,False,False,False
2361,sara preston,fmorrow@example.com,2022-02-24,Singapore,Singapore,73.0,F,False,False,False
2362,kelly rivas,dsmith@example.com,2022-06-20,Bangkok,Thailand,26.0,M,False,False,False
2363,jeffery collins,courtney01@example.org,2022-11-14,Vancouver,Canada,23.0,F,False,False,False
2364,kevin estrada,sloanbenjamin@example.net,2019-03-22,Singapore,Singapore,72.0,F,False,False,False
2365,lauren stephens,hooveranna@example.net,2022-04-15,New York,USA,75.0,F,False,False,False
2366,lynn adams,edwardselizabeth@example.net,2024-06-10,New York,USA,58.0,,False,False,True
2367,richard williams,mortonkenneth@example.net,2021-01-27,Bangkok,Thailand,27.0,F,False,False,False
2368,tanya foster,pfowler@example.org,2019-08-16,Chicago,USA,56.0,Other,False,False,False
2369,kevin jennings,jreyes@example.net,2020-12-27,Los Angeles,USA,67.0,M,False,False,False
2370,jason reyes,hernandeztodd@example.org,2021-01-17,Chicago,USA,28.0,M,False,False,False
2371,mr. david rivas,samuel38@example.net,2021-09-29,New York,USA,73.0,M,False,False,False
2372,donna carroll,forbessean@example.org,2021-07-08,Vancouver,Canada,,M,True,False,False
2373,rodney baker,qcharles@example.org,2022-09-12,Berlin,Germany,37.0,,False,False,True
2374,john robertson,danieljenkins@example.org,2019-01-22,Paris,France,17.0,M,False,False,False
2375,mary mccoy,cody81@example.org,2019-03-15,Manchester,UK,60.0,M,False,False,False
2376,michael gilbert,hlester@example.org,2021-05-19,Singapore,Singapore,61.0,M,False,False,False
2377,tonya simon,sarah80@example.org,2020-01-31,Munich,Germany,34.0,M,False,False,False
2378,tanya shannon,amanda21@example.com,2023-07-08,Los Angeles,USA,71.0,M,False,False,False
2379,sophia boyd,ashleyalexander@example.net,2023-04-10,Singapore,Singapore,31.0,F,False,False,False
2380,timothy ryan,cainjordan@example.org,2020-04-30,Singapore,Singapore,71.0,M,False,False,False
2381,francisco estrada,meganjames@example.org,2023-11-18,London,UK,20.0,M,False,False,False
2382,jamie duran,villawilliam@example.com,2022-07-16,Berlin,Germany,66.0,F,False,False,False
2383,leslie moody,gcastro@example.org,2020-02-13,Chicago,USA,27.0,F,False,False,False
2384,paul lane,dbeck@example.com,2022-11-05,Singapore,Singapore,,F,True,False,False
2385,henry reeves,rebecca19@example.com,2020-01-30,Munich,Germany,68.0,M,False,False,False
2386,jeffery snyder,gregorymitchell@example.net,2021-08-18,Chicago,USA,62.0,F,False,False,False
2387,courtney sharp,daniel79@example.net,2021-11-05,Chicago,USA,21.0,F,False,False,False
2388,jennifer carter,dyersara@example.net,2022-03-24,Munich,Germany,60.0,F,False,False,False
2389,sandy bennett,jenniferwalls@example.com,2020-10-20,Mumbai,India,26.0,F,False,False,False
2390,jesse edwards,wallaceeric@example.com,2021-11-03,Manchester,UK,34.0,F,False,False,False
2391,charles zavala,bethany36@example.com,2021-12-22,Toronto,Canada,57.0,F,False,False,False
2392,beth shaw,josephross@example.net,2019-05-13,Chicago,USA,20.0,F,False,False,False
2393,lisa beard,tracifoster@example.org,2023-08-02,Singapore,Singapore,21.0,F,False,False,False
2394,nicole wallace dds,ejohnson@example.org,2022-10-13,Melbourne,Australia,36.0,F,False,False,False
2395,daniel gallegos,michaelcampos@example.net,2022-05-25,Sydney,Australia,52.0,F,False,False,False
2396,carla hoover,jenniferrodriguez@example.org,2023-07-19,Melbourne,Australia,39.0,F,False,False,False
2397,jason smith,tinawilliams@example.com,2020-01-25,Melbourne,Australia,53.0,F,False,False,False
2398,jorge morales,kentmichael@example.com,2021-08-03,Bangkok,Thailand,75.0,F,False,False,False
2399,kathleen baker,pattersondebra@example.org,2024-01-16,Mumbai,India,44.0,F,False,False,False
2400,denise french,emorales@example.com,2023-11-24,New York,USA,66.0,M,False,False,False
2401,kari buck,bartondavid@example.com,2021-01-18,Manchester,UK,43.0,F,False,False,False
2402,laura payne,paynestephanie@example.net,2024-04-21,Paris,France,29.0,F,False,False,False
2403,james whitaker,collinmiller@example.com,2020-02-10,London,UK,47.0,,False,False,True
2404,ryan garcia,marydean@example.com,2020-07-22,Munich,Germany,28.0,F,False,False,False
2405,theresa gardner,hollyperkins@example.net,2019-11-24,Mumbai,India,,F,True,False,False
2406,jessica conrad,sbradley@example.org,2022-12-16,London,UK,54.0,Other,False,False,False
2407,kevin werner,rodriguezchristina@example.net,2020-03-19,Singapore,Singapore,,F,True,False,False
2408,catherine kirk,pvang@example.net,2020-09-28,Sydney,Australia,43.0,M,False,False,False
2409,stacy williams,joneschristian@example.net,2023-01-24,London,UK,67.0,M,False,False,False
2410,crystal carlson,uclark@example.org,2019-05-10,Berlin,Germany,44.0,Other,False,False,False
2411,michael martinez,mark90@example.com,2020-04-23,Melbourne,Australia,56.0,M,False,False,False
2412,mr. kristopher curtis,lindsay48@example.net,2020-11-28,Munich,Germany,66.0,F,False,False,False
2413,anthony knapp,rfleming@example.net,2023-05-20,London,UK,52.0,M,False,False,False
2414,lisa reynolds,ywilliams@example.com,2023-07-24,Toronto,Canada,47.0,F,False,False,False
2415,adrian gibbs,leroy57@example.com,2019-07-15,Bangkok,Thailand,64.0,M,False,False,False
2416,steven duncan,kayla33@example.net,2022-05-19,Berlin,Germany,20.0,M,False,False,False
2417,alyssa anderson,jonathan66@example.org,2022-12-28,Vancouver,Canada,39.0,F,False,False,False
2418,cathy barnes,brian65@example.net,2019-01-07,Sydney,Australia,38.0,F,False,False,False
2419,crystal brown,lmartin@example.org,2024-05-13,Vancouver,Canada,47.0,M,False,False,False
2420,edward richmond,epatterson@example.net,2023-07-19,Mumbai,India,28.0,F,False,False,False
2421,emily taylor,christina60@example.org,2019-05-05,Melbourne,Australia,49.0,M,False,False,False
2422,douglas lucero,watsonteresa@example.net,2022-12-05,Manchester,UK,35.0,F,False,False,False
2423,danielle robles,aholder@example.net,2022-08-11,Sydney,Australia,21.0,,False,False,True
2424,john black,folson@example.net,2022-07-05,Berlin,Germany,51.0,F,False,False,False
2425,shannon thompson,scott04@example.com,2020-07-14,Bangkok,Thailand,33.0,F,False,False,False
2426,nathan sparks,daniellecoleman@example.org,2019-09-21,Paris,France,17.0,M,False,False,False
2427,tamara brown,jeremy75@example.org,2019-10-18,London,UK,69.0,M,False,False,False
2428,michael blair,murraymichael@example.net,2020-10-25,Sydney,Australia,27.0,F,False,False,False
2429,william gould,kylemartinez@example.net,2020-10-25,Vancouver,Canada,64.0,F,False,False,False
2430,crystal nguyen,michael40@example.org,2023-01-01,Melbourne,Australia,47.0,F,False,False,False
2431,jessica torres,justin75@example.net,2019-12-01,Munich,Germany,21.0,F,False,False,False
2432,craig beard,taylorjames@example.net,2020-12-04,Manchester,UK,47.0,F,False,False,False
2433,mrs. kimberly cannon,nfleming@example.net,2021-03-21,Singapore,Singapore,51.0,F,False,False,False
2434,angela gonzales,pduran@example.net,2023-04-12,Los Angeles,USA,30.0,M,False,False,False
2435,martin newton,ecohen@example.com,2022-08-09,New York,USA,,F,True,False,False
2436,adam daniels,lawsonpaul@example.org,2024-05-08,Chicago,USA,48.0,M,False,False,False
2437,dawn espinoza,arthurlynch@example.org,2019-02-09,,UK,64.0,M,False,True,False
2438,joshua gallegos,claudia35@example.org,2022-01-31,Manchester,UK,18.0,F,False,False,False
2439,alexandra hodge,robertsonjennifer@example.com,2019-01-15,Berlin,Germany,60.0,M,False,False,False
2440,jonathan palmer,kirbymichael@example.org,2019-12-03,,India,29.0,M,False,True,False
2441,david santiago,jose60@example.net,2020-07-30,Paris,France,51.0,M,False,False,False
2442,joseph ward,alvarezchristine@example.com,2022-05-29,Singapore,Singapore,37.0,F,False,False,False
2443,kristen smith,john91@example.org,2020-08-07,Sydney,Australia,17.0,M,False,False,False
2444,toni hunt,morgan69@example.net,2021-04-10,Singapore,Singapore,27.0,F,False,False,False
2445,virginia rose,nicoleduran@example.net,2023-11-26,Bangkok,Thailand,28.0,F,False,False,False
2446,willie edwards,marygarcia@example.com,2022-10-12,Melbourne,Australia,72.0,M,False,False,False
2447,dawn hall,hensleyvalerie@example.net,2022-07-06,Sydney,Australia,52.0,F,False,False,False
2448,jane king,david38@example.net,2020-09-26,New York,USA,29.0,F,False,False,False
2449,jerry boyd,ashleygarcia@example.org,2021-03-06,Melbourne,Australia,45.0,F,False,False,False
2450,miss kathryn myers,sherryknight@example.org,2021-09-10,Berlin,Germany,54.0,M,False,False,False
2451,kayla williams,garymartinez@example.org,2019-06-09,Toronto,Canada,22.0,M,False,False,False
2452,david small,brownalexa@example.com,2019-01-23,Mumbai,India,,M,True,False,False
2453,brian kent,hespinoza@example.org,2019-07-19,Chicago,USA,39.0,F,False,False,False
2454,sabrina lopez,srobles@example.org,2021-02-02,,Thailand,33.0,M,False,True,False
2455,cynthia tran,debra19@example.net,2019-09-03,Bangkok,Thailand,25.0,M,False,False,False
2456,rachel hill,jamesparker@example.net,2024-02-17,Singapore,Singapore,23.0,M,False,False,False
2457,michael davis,gonzalezkendra@example.org,2023-12-08,New York,USA,,F,True,False,False
2458,paul moon,woodlisa@example.com,2023-12-21,Mumbai,India,60.0,M,False,False,False
2459,leah kim,riverarebecca@example.org,2019-05-10,Berlin,Germany,29.0,F,False,False,False
2460,william barnett,eadams@example.org,2021-06-04,,Germany,42.0,M,False,True,False
2461,jenna watson,fletcherjanet@example.org,2019-05-10,Sydney,Australia,61.0,M,False,False,False
2462,mrs. jillian nguyen,lmendez@example.com,2022-10-06,New York,USA,71.0,M,False,False,False
2463,julie mills,richardsonanna@example.org,2019-04-01,Sydney,Australia,69.0,M,False,False,False
2464,joshua phillips,nicholasswanson@example.net,2020-04-19,Singapore,Singapore,34.0,F,False,False,False
2465,caitlin lawson,riceamber@example.net,2022-01-20,Berlin,Germany,39.0,M,False,False,False
2466,stephanie knight,rrice@example.net,2020-10-18,Chicago,USA,38.0,F,False,False,False
2467,rachael jones,watsonbrittany@example.org,2023-04-21,London,UK,25.0,M,False,False,False
2468,ryan hudson,andrewmiller@example.com,2021-04-15,Munich,Germany,43.0,F,False,False,False
2469,pamela howard,omarturner@example.org,2021-01-04,Bangkok,Thailand,45.0,M,False,False,False
2470,abigail acevedo,sarah17@example.com,2019-03-29,Bangkok,Thailand,48.0,F,False,False,False
2471,ernest bernard,lambertdevin@example.com,2022-01-11,London,UK,69.0,M,False,False,False
2472,cody jones,juanfranklin@example.net,2023-06-11,Mumbai,India,68.0,F,False,False,False
2473,chad adams,donaldhahn@example.com,2021-10-23,Los Angeles,USA,18.0,F,False,False,False
2474,angela brown,jennifer54@example.org,2022-09-23,Munich,Germany,63.0,F,False,False,False
2475,juan becker,todd05@example.com,2020-10-28,Los Angeles,USA,51.0,M,False,False,False
2476,beth kirk,davidkane@example.com,2022-03-27,Toronto,Canada,63.0,F,False,False,False
2477,michelle smith,brownreginald@example.net,2022-08-11,Sydney,Australia,25.0,F,False,False,False
2478,jennifer sampson,gbraun@example.org,2024-01-04,New York,USA,67.0,F,False,False,False
2479,lisa clay,adam17@example.net,2020-05-10,Vancouver,Canada,35.0,F,False,False,False
2480,susan black,haleylove@example.org,2020-01-27,Mumbai,India,,F,True,False,False
2481,xavier jones,adam10@example.com,2022-10-25,Singapore,Singapore,20.0,F,False,False,False
2482,margaret mullins,davisautumn@example.org,2022-09-16,London,UK,16.0,F,False,False,False
2483,sarah blackwell,zavaladiane@example.com,2020-09-14,Toronto,Canada,55.0,M,False,False,False
2484,brad beard,jeremy70@example.net,2022-10-22,New York,USA,18.0,F,False,False,False
2485,andrew ford,rwheeler@example.org,2023-10-30,Berlin,Germany,64.0,M,False,False,False
2486,john escobar,wileyaudrey@example.com,2023-12-09,,France,59.0,F,False,True,False
2487,erin carter,laurenboyd@example.com,2023-04-04,Berlin,Germany,46.0,F,False,False,False
2488,laura grimes,mcooper@example.com,2023-01-05,Mumbai,India,75.0,F,False,False,False
2489,john wilson,chunglaura@example.net,2021-08-19,Paris,France,36.0,M,False,False,False
2490,vanessa harris,lisa13@example.net,2022-06-10,Toronto,Canada,,M,True,False,False
2491,amanda cook,michaelhoffman@example.net,2019-02-27,Singapore,Singapore,44.0,F,False,False,False
2492,michael jones,jason57@example.com,2021-03-05,Paris,France,57.0,F,False,False,False
2493,sierra allen,robertbrown@example.com,2021-10-02,Munich,Germany,73.0,F,False,False,False
2494,jessica mcgee,jlee@example.org,2020-11-09,Paris,France,23.0,F,False,False,False
2495,whitney macdonald dvm,amyponce@example.com,2021-09-22,Berlin,Germany,16.0,M,False,False,False
2496,janet jarvis,richard28@example.org,2023-05-02,Chicago,USA,18.0,M,False,False,False
2497,anthony velasquez,janet65@example.com,2023-09-28,Paris,France,30.0,Other,False,False,False
2498,heather diaz,kmoore@example.org,2019-07-27,Los Angeles,USA,24.0,M,False,False,False
2499,alexandra johnson,rachel51@example.org,2021-06-16,New York,USA,39.0,M,False,False,False
2500,michael cross dds,prestoncory@example.org,2022-11-21,Bangkok,Thailand,56.0,F,False,False,False
