name,email,signup_date,city,marketing_segment,email_normalized,name_normalized
sarah robinson,collinsjavier@example.org,2023-11-30,Chicago,B,collinsjavier@example.org,sarah robinson
donald todd,heathertran@example.com,2021-08-01,Toronto,B,heathertran@example.com,donald todd
nathaniel floyd,,2021-05-27,Berlin,VIP,,nathaniel floyd
sean carter,dudleycody@example.com,2020-08-19,Singapore,VIP,dudleycody@example.com,sean carter
samuel williams,jburke@example.org,2023-07-05,Melbourne,A,jburke@example.org,samuel williams
michelle ho,laurahicks@example.org,2021-01-25,New York,,laurahicks@example.org,michelle ho
raymond hall,kpeterson@example.net,2023-08-23,Singapore,VIP,kpeterson@example.net,raymond hall
jake jackson,smithpaul@example.org,2022-05-05,Mumbai,,smithpaul@example.org,jake jackson
kevin anderson,bstrickland@example.com,2024-04-01,Vancouver,A,bstrickland@example.com,kevin anderson
valerie thomas,christopher38@example.com,2023-01-23,Melbourne,A,christopher38@example.com,valerie thomas
claire clark,kevin03@example.org,2019-09-25,Manchester,VIP,kevin03@example.org,claire clark
monica richardson,mariahill@example.net,2023-05-19,Munich,C,mariahill@example.net,monica richardson
crystal pham,danaoliver@example.net,2021-06-11,Paris,B,danaoliver@example.net,crystal pham
christie fox,james18@example.com,2020-02-10,Munich,VIP,james18@example.com,christie fox
jeffery fitzgerald,kennethkidd@example.com,2024-06-27,,C,kennethkidd@example.com,jeffery fitzgerald
paula gentry,zhunter@example.com,2022-12-23,New York,C,zhunter@example.com,paula gentry
ashley wilson,amber07@example.net,2022-08-31,Chicago,VIP,amber07@example.net,ashley wilson
toni clay,jarvisrachel@example.net,2020-06-06,Chicago,,jarvisrachel@example.net,toni clay
julie perry,,2024-04-11,Mumbai,VIP,,julie perry
michelle harris,andrew43@example.org,2023-03-31,London,VIP,andrew43@example.org,michelle harris
evelyn pacheco,davisgary@example.com,2023-05-13,London,C,davisgary@example.com,evelyn pacheco
david medina,qchavez@example.net,2020-05-14,Berlin,VIP,qchavez@example.net,david medina
gregory frazier,barbarasantos@example.net,2019-08-03,Bangkok,A,barbarasantos@example.net,gregory frazier
candice ramirez,michael12@example.net,2024-04-12,Manchester,A,michael12@example.net,candice ramirez
doris hall,jacqueline71@example.net,2020-09-09,Singapore,A,jacqueline71@example.net,doris hall
heidi stephens,qrowland@example.org,2019-12-14,Vancouver,A,qrowland@example.org,heidi stephens
mrs. emily waters,arobinson@example.org,2019-12-27,Los Angeles,,arobinson@example.org,mrs. emily waters
michelle greer,gutierrezmatthew@example.com,2023-08-24,Manchester,VIP,gutierrezmatthew@example.com,michelle greer
melissa sullivan,jessicamills@example.org,2020-01-06,Paris,B,jessicamills@example.org,melissa sullivan
paige carlson,wallkenneth@example.com,2021-05-27,Sydney,A,wallkenneth@example.com,paige carlson
kyle collins,aperez@example.com,2019-12-29,Los Angeles,B,aperez@example.com,kyle collins
david bradley,millertodd@example.org,2023-04-24,Vancouver,B,millertodd@example.org,david bradley
kevin sullivan,rebeccaarnold@example.net,2022-01-13,Singapore,VIP,rebeccaarnold@example.net,kevin sullivan
michael howard,johnwilliams@example.net,2021-03-15,Mumbai,C,johnwilliams@example.net,michael howard
karen bradley,mathew46@example.org,2024-05-24,Berlin,A,mathew46@example.org,karen bradley
adrienne mills,brooksjamie@example.com,2021-04-18,Sydney,VIP,brooksjamie@example.com,adrienne mills
margaret orr,levinetina@example.net,2021-10-04,Los Angeles,A,levinetina@example.net,margaret orr
rachael lynch,colonbobby@example.org,2021-12-11,Los Angeles,B,colonbobby@example.org,rachael lynch
mariah perry,montesmichelle@example.org,2023-04-16,Manchester,,montesmichelle@example.org,mariah perry
edward terry,ashleystephens@example.com,2021-04-28,Singapore,C,ashleystephens@example.com,edward terry
fernando lynn,petersonpamela@example.org,2020-03-15,Melbourne,C,petersonpamela@example.org,fernando lynn
aaron johnson,vincentstacey@example.org,2021-05-14,Bangkok,,vincentstacey@example.org,aaron johnson
aaron munoz,meyerjohn@example.org,2022-10-14,Bangkok,VIP,meyerjohn@example.org,aaron munoz
michelle graham,spearselizabeth@example.net,2022-10-14,Manchester,B,spearselizabeth@example.net,michelle graham
stacey russell,sarayoung@example.org,2019-05-29,Bangkok,VIP,sarayoung@example.org,stacey russell
mark garrison,omoore@example.net,2023-03-26,Melbourne,C,omoore@example.net,mark garrison
nancy cook,rachael29@example.net,2022-01-31,Berlin,B,rachael29@example.net,nancy cook
kimberly rodgers,stanleynancy@example.net,2024-01-16,Los Angeles,B,stanleynancy@example.net,kimberly rodgers
shari kelley,benjaminwilliams@example.net,2021-04-18,Vancouver,VIP,benjaminwilliams@example.net,shari kelley
matthew velez,pearsonjesse@example.net,2021-11-21,Vancouver,C,pearsonjesse@example.net,matthew velez
jeremy benson,lbradley@example.com,2022-09-24,Los Angeles,A,lbradley@example.com,jeremy benson
gregory martin,joshua73@example.org,2020-04-05,Singapore,,joshua73@example.org,gregory martin
paul thompson,opatel@example.net,2019-10-16,Los Angeles,B,opatel@example.net,paul thompson
wanda clark,,2023-05-21,Paris,A,,wanda clark
michael farmer,carlsonjason@example.net,2020-01-30,Manchester,B,carlsonjason@example.net,michael farmer
melissa mendoza,robinsonjesse@example.org,2020-04-04,Bangkok,B,robinsonjesse@example.org,melissa mendoza
rachel chan,jeremy47@example.com,2023-11-29,Bangkok,A,jeremy47@example.com,rachel chan
tracy wang,robinsonnicholas@example.org,2020-06-23,Mumbai,VIP,robinsonnicholas@example.org,tracy wang
joseph camacho,parmstrong@example.com,2021-04-17,Berlin,B,parmstrong@example.com,joseph camacho
stacy taylor,meltonjoshua@example.net,2019-03-17,,C,meltonjoshua@example.net,stacy taylor
jamie gallagher,rossjohn@example.net,2020-06-06,Vancouver,VIP,rossjohn@example.net,jamie gallagher
sherry gibbs,ugordon@example.net,2020-11-27,Vancouver,A,ugordon@example.net,sherry gibbs
lisa brown,jonesdonna@example.net,2021-07-29,New York,A,jonesdonna@example.net,lisa brown
mark anderson,anthonyalvarado@example.com,2020-07-03,Paris,C,anthonyalvarado@example.com,mark anderson
tommy ball,tracyadams@example.com,2019-05-08,Bangkok,A,tracyadams@example.com,tommy ball
anthony brown,cwhite@example.com,2023-01-19,Singapore,,cwhite@example.com,anthony brown
david mitchell,,2021-10-03,Chicago,VIP,,david mitchell
norma smith,david88@example.net,2023-02-04,Manchester,B,david88@example.net,norma smith
matthew steele,arianadiaz@example.com,2020-02-13,Berlin,,arianadiaz@example.com,matthew steele
jennifer jones,hernandezlisa@example.com,2020-02-13,Toronto,,hernandezlisa@example.com,jennifer jones
cassidy horne,tranrobin@example.net,2023-04-05,Sydney,VIP,tranrobin@example.net,cassidy horne
tammy morris,,2020-05-13,Singapore,VIP,,tammy morris
robert lopez,bradylisa@example.org,2021-11-23,Melbourne,A,bradylisa@example.org,robert lopez
stephanie dominguez,dhanson@example.net,2023-11-15,Paris,VIP,dhanson@example.net,stephanie dominguez
autumn key,srocha@example.net,2021-07-09,Vancouver,VIP,srocha@example.net,autumn key
jonathan rodgers,sjohnson@example.com,2023-04-10,Sydney,B,sjohnson@example.com,jonathan rodgers
ruben cruz,victoriahamilton@example.net,2019-05-06,Berlin,VIP,victoriahamilton@example.net,ruben cruz
chris hanson,twagner@example.org,2019-07-05,Los Angeles,A,twagner@example.org,chris hanson
michael melton,,2024-01-25,New York,,,michael melton
joshua gonzalez,pmiller@example.org,2023-06-14,Los Angeles,C,pmiller@example.org,joshua gonzalez
frank armstrong,mmathews@example.net,2024-01-25,New York,A,mmathews@example.net,frank armstrong
oscar carroll,sandrahickman@example.net,2019-06-12,Manchester,VIP,sandrahickman@example.net,oscar carroll
victoria dixon,katrinarodriguez@example.com,2023-08-22,Singapore,B,katrinarodriguez@example.com,victoria dixon
chloe tran,hughesshannon@example.net,2021-08-03,Berlin,VIP,hughesshannon@example.net,chloe tran
amy burton,,2023-03-30,Vancouver,VIP,,amy burton
steven carter jr.,carolyn61@example.net,2022-02-25,New York,,carolyn61@example.net,steven carter jr.
penny gomez md,aprilmclaughlin@example.org,2022-07-31,Munich,A,aprilmclaughlin@example.org,penny gomez md
shari sharp,morriskatherine@example.net,2023-04-11,Manchester,,morriskatherine@example.net,shari sharp
kenneth farmer,,2023-11-25,Vancouver,C,,kenneth farmer
jaime fischer,crystal32@example.net,2024-01-17,Chicago,C,crystal32@example.net,jaime fischer
tyler shields,csparks@example.net,2019-07-12,Los Angeles,,csparks@example.net,tyler shields
abigail clayton,smithmarcus@example.org,2021-01-15,Mumbai,B,smithmarcus@example.org,abigail clayton
madison thomas,christopherreyes@example.com,2021-12-07,Sydney,C,christopherreyes@example.com,madison thomas
jared luna,fernandezaaron@example.net,2023-04-02,Mumbai,VIP,fernandezaaron@example.net,jared luna
rebecca ramsey,ncalhoun@example.net,2020-03-06,Vancouver,,ncalhoun@example.net,rebecca ramsey
barbara riggs,reedross@example.com,2022-05-04,Munich,,reedross@example.com,barbara riggs
wendy morgan,cannonkimberly@example.net,2023-01-28,London,A,cannonkimberly@example.net,wendy morgan
angela griffin,christian91@example.org,2021-10-19,Chicago,B,christian91@example.org,angela griffin
amanda swanson,michaelsherman@example.com,2019-02-08,Paris,VIP,michaelsherman@example.com,amanda swanson
patricia mathis,susan56@example.net,2021-03-29,,VIP,susan56@example.net,patricia mathis
sean stevens,smallgina@example.com,2020-07-04,London,B,smallgina@example.com,sean stevens
eric acosta,shannon69@example.com,2023-08-09,Melbourne,VIP,shannon69@example.com,eric acosta
james chapman,cameronwilliams@example.com,2024-04-26,New York,VIP,cameronwilliams@example.com,james chapman
joel steele,frank45@example.com,2021-11-07,Manchester,,frank45@example.com,joel steele
abigail shaffer,jpeterson@example.org,2020-03-27,Manchester,C,jpeterson@example.org,abigail shaffer
travis wise,debra96@example.net,2024-06-04,Vancouver,,debra96@example.net,travis wise
danielle reed,jhernandez@example.net,2019-08-01,Vancouver,B,jhernandez@example.net,danielle reed
william miller,raymondpugh@example.net,2021-10-12,Singapore,A,raymondpugh@example.net,william miller
melissa grant,lpearson@example.org,2024-03-30,New York,VIP,lpearson@example.org,melissa grant
austin wheeler,tharper@example.org,2019-04-24,Mumbai,B,tharper@example.org,austin wheeler
justin webb,becky62@example.net,2023-10-11,Manchester,VIP,becky62@example.net,justin webb
jessica ross,ykline@example.com,2019-09-22,Chicago,B,ykline@example.com,jessica ross
yolanda mccoy,hryan@example.net,2023-01-07,Mumbai,VIP,hryan@example.net,yolanda mccoy
john martin,jessica82@example.com,2020-08-13,Chicago,A,jessica82@example.com,john martin
michael sims,jeremywiley@example.com,2019-05-30,Singapore,VIP,jeremywiley@example.com,michael sims
kirk johnson,gary59@example.com,2023-06-19,Bangkok,VIP,gary59@example.com,kirk johnson
daniel adams,lynchgeorge@example.net,2019-04-04,Los Angeles,C,lynchgeorge@example.net,daniel adams
sabrina lopez,srobles@example.org,2021-02-02,,B,srobles@example.org,sabrina lopez
stephanie butler,williamsthomas@example.net,2021-03-06,Mumbai,A,williamsthomas@example.net,stephanie butler
amy farrell,jamesrobinson@example.com,2022-04-11,Toronto,,jamesrobinson@example.com,amy farrell
abigail hill,barbaramoore@example.org,2019-04-22,Sydney,C,barbaramoore@example.org,abigail hill
jonathan moreno,tranryan@example.net,2020-02-10,Chicago,C,tranryan@example.net,jonathan moreno
kathy sandoval,umahoney@example.net,2019-11-26,Singapore,A,umahoney@example.net,kathy sandoval
julian leon,vdeleon@example.com,2020-04-01,Bangkok,VIP,vdeleon@example.com,julian leon
steven butler,michaelking@example.net,2019-02-16,London,C,michaelking@example.net,steven butler
mary levy,,2023-04-28,Vancouver,,,mary levy
brian torres,ncook@example.com,2021-04-26,Los Angeles,C,ncook@example.com,brian torres
glenn scott,,2022-01-25,Mumbai,VIP,,glenn scott
alexandra smith,molly91@example.org,2019-08-02,New York,,molly91@example.org,alexandra smith
janet jarvis,richard28@example.org,2023-05-02,Chicago,C,richard28@example.org,janet jarvis
mr. william bray,petermoore@example.com,2019-09-08,London,A,petermoore@example.com,mr. william bray
mark brown,hodgejoshua@example.org,2022-09-26,Chicago,B,hodgejoshua@example.org,mark brown
austin baker,livingstonstacy@example.com,2022-08-07,Melbourne,A,livingstonstacy@example.com,austin baker
renee hudson,candice25@example.net,2022-09-14,Singapore,,candice25@example.net,renee hudson
cindy wells,uramirez@example.com,2019-07-17,Los Angeles,B,uramirez@example.com,cindy wells
nathaniel douglas,mathewaguilar@example.org,2019-09-27,New York,,mathewaguilar@example.org,nathaniel douglas
alejandra santos,nbell@example.net,2023-03-10,Los Angeles,A,nbell@example.net,alejandra santos
amanda preston,hannah07@example.com,2021-12-26,London,B,hannah07@example.com,amanda preston
william nichols,karmstrong@example.net,2020-01-16,Toronto,VIP,karmstrong@example.net,william nichols
timothy bauer,james80@example.net,2019-04-26,Bangkok,C,james80@example.net,timothy bauer
april johnson,mclaughlinjared@example.net,2019-12-16,Berlin,,mclaughlinjared@example.net,april johnson
jason chaney,jimmy80@example.org,2024-05-23,London,C,jimmy80@example.org,jason chaney
tina olson,johnjackson@example.net,2023-07-09,Manchester,,johnjackson@example.net,tina olson
lisa spencer,hollandjustin@example.com,2020-09-18,Mumbai,VIP,hollandjustin@example.com,lisa spencer
matthew perez,xbrooks@example.com,2023-02-25,Los Angeles,,xbrooks@example.com,matthew perez
ryan garrison,christophercarrillo@example.org,2021-08-27,Sydney,A,christophercarrillo@example.org,ryan garrison
joseph peterson,connie12@example.com,2022-01-25,Vancouver,VIP,connie12@example.com,joseph peterson
alicia olson,scannon@example.org,2020-01-24,Bangkok,,scannon@example.org,alicia olson
charles morales,figueroapatricia@example.org,2023-11-29,Sydney,B,figueroapatricia@example.org,charles morales
zachary mccarthy,nwelch@example.com,2023-12-01,Manchester,A,nwelch@example.com,zachary mccarthy
patrick santana,elizabethvaughan@example.net,2019-06-10,Chicago,,elizabethvaughan@example.net,patrick santana
frank campbell md,ashleewashington@example.com,2024-04-12,London,,ashleewashington@example.com,frank campbell md
megan drake,danieldavis@example.org,2021-11-29,Berlin,VIP,danieldavis@example.org,megan drake
carmen moore,,2020-11-13,Sydney,,,carmen moore
michael castillo,brooke05@example.org,2022-10-23,Bangkok,A,brooke05@example.org,michael castillo
richard walker,madisonwatson@example.net,2022-03-17,Toronto,,madisonwatson@example.net,richard walker
samuel rivas,ramirezshannon@example.com,2024-01-03,London,VIP,ramirezshannon@example.com,samuel rivas
lauren anthony,ymitchell@example.com,2023-10-03,Vancouver,B,ymitchell@example.com,lauren anthony
brett martin,lisawoods@example.net,2019-11-10,,C,lisawoods@example.net,brett martin
arthur roberts,omatthews@example.net,2023-12-21,Munich,C,omatthews@example.net,arthur roberts
laura benson,xhart@example.org,2020-11-09,Bangkok,C,xhart@example.org,laura benson
paul lane,dbeck@example.com,2022-11-05,Singapore,A,dbeck@example.com,paul lane
elizabeth hanna,ramirezchelsea@example.com,2019-07-02,Mumbai,A,ramirezchelsea@example.com,elizabeth hanna
tanya clark,mariolee@example.com,2023-10-22,Manchester,A,mariolee@example.com,tanya clark
bob pitts,tyleraguilar@example.org,2019-05-27,Chicago,VIP,tyleraguilar@example.org,bob pitts
mr. william davis dds,carolberry@example.com,2020-05-15,New York,,carolberry@example.com,mr. william davis dds
randall wright,tspencer@example.com,2020-05-05,New York,A,tspencer@example.com,randall wright
kyle davis,nshepherd@example.org,2023-09-17,London,A,nshepherd@example.org,kyle davis
erin mason,allenphillip@example.com,2024-02-15,London,A,allenphillip@example.com,erin mason
keith henry,vjohnston@example.org,2019-02-05,Bangkok,C,vjohnston@example.org,keith henry
wyatt callahan,fperez@example.org,2022-01-01,Mumbai,B,fperez@example.org,wyatt callahan
brandon simmons,nicholas27@example.org,2019-12-15,Chicago,A,nicholas27@example.org,brandon simmons
helen strickland,owright@example.org,2023-10-02,Vancouver,B,owright@example.org,helen strickland
mary grimes,wryan@example.com,2022-07-30,Chicago,B,wryan@example.com,mary grimes
joshua gallegos,claudia35@example.org,2022-01-31,Manchester,C,claudia35@example.org,joshua gallegos
kyle flores,crystal58@example.net,2023-08-27,Berlin,C,crystal58@example.net,kyle flores
corey flowers,perezstacy@example.org,2023-06-17,Paris,B,perezstacy@example.org,corey flowers
tara jones,andrew88@example.com,2020-05-24,Toronto,A,andrew88@example.com,tara jones
heather snyder,asteele@example.net,2022-05-04,Mumbai,C,asteele@example.net,heather snyder
daniel gordon,lrichardson@example.org,2022-11-08,Toronto,C,lrichardson@example.org,daniel gordon
janice mccarthy,stonejacob@example.com,2022-07-25,Berlin,C,stonejacob@example.com,janice mccarthy
cheryl perkins,harrislisa@example.org,2023-02-22,Berlin,B,harrislisa@example.org,cheryl perkins
danielle ryan,robertstimothy@example.com,2019-11-14,Melbourne,VIP,robertstimothy@example.com,danielle ryan
chris johnson,steven86@example.com,2019-08-31,New York,A,steven86@example.com,chris johnson
michael rosario,jamesmurphy@example.org,2023-02-15,London,VIP,jamesmurphy@example.org,michael rosario
sarah bishop,markblack@example.com,2024-05-03,Paris,VIP,markblack@example.com,sarah bishop
mr. jonathan anderson,tapiamercedes@example.net,2019-03-11,Toronto,C,tapiamercedes@example.net,mr. jonathan anderson
joseph bright,mhoffman@example.net,2021-01-03,Singapore,A,mhoffman@example.net,joseph bright
julie spencer,colelisa@example.net,2024-06-05,Toronto,B,colelisa@example.net,julie spencer
angel holland,shawn60@example.com,2020-12-13,Toronto,B,shawn60@example.com,angel holland
andrew hunter,carolfernandez@example.net,2019-09-16,Munich,VIP,carolfernandez@example.net,andrew hunter
brian clark,kathleen47@example.net,2023-03-20,Chicago,A,kathleen47@example.net,brian clark
paul cannon,ejenkins@example.net,2020-12-25,Paris,,ejenkins@example.net,paul cannon
sarah solis,ypatterson@example.org,2023-06-30,Toronto,C,ypatterson@example.org,sarah solis
kevin blake,deborahturner@example.org,2020-01-31,Los Angeles,,deborahturner@example.org,kevin blake
toni hunt,morgan69@example.net,2021-04-10,Singapore,A,morgan69@example.net,toni hunt
glenn ward,alyssa66@example.net,2022-08-02,New York,,alyssa66@example.net,glenn ward
wanda stephens,johnstonjonathan@example.net,2022-10-01,Melbourne,VIP,johnstonjonathan@example.net,wanda stephens
angela powell,kmills@example.org,2024-06-28,Manchester,A,kmills@example.org,angela powell
shane edwards,jbuchanan@example.com,2024-04-04,Mumbai,,jbuchanan@example.com,shane edwards
ann dawson,ufox@example.org,2019-10-31,,,ufox@example.org,ann dawson
jose harrison,robert44@example.org,2020-03-07,Manchester,B,robert44@example.org,jose harrison
beverly black,troybrady@example.net,2020-11-27,Melbourne,VIP,troybrady@example.net,beverly black
richard hays,noblechristina@example.org,2024-03-20,Sydney,C,noblechristina@example.org,richard hays
sharon cochran,erik16@example.org,2021-01-26,Toronto,A,erik16@example.org,sharon cochran
tammy booth,fieldskimberly@example.com,2022-03-30,Mumbai,C,fieldskimberly@example.com,tammy booth
jordan tanner,joseph97@example.org,2022-08-22,Sydney,B,joseph97@example.org,jordan tanner
jessica odonnell,ashleyjohnson@example.com,2019-03-30,Singapore,,ashleyjohnson@example.com,jessica odonnell
breanna jimenez,sullivanchristina@example.net,2024-01-25,Vancouver,VIP,sullivanchristina@example.net,breanna jimenez
ashley cordova,ubaker@example.org,2022-11-28,Singapore,C,ubaker@example.org,ashley cordova
rachel romero,myerstheodore@example.net,2019-07-07,New York,VIP,myerstheodore@example.net,rachel romero
deanna munoz,taylordawn@example.com,2019-11-26,Singapore,C,taylordawn@example.com,deanna munoz
jessica conrad,sbradley@example.org,2022-12-16,London,B,sbradley@example.org,jessica conrad
dennis cooper phd,cisnerosanthony@example.com,2019-07-04,Berlin,,cisnerosanthony@example.com,dennis cooper phd
jared howell,katherineharris@example.net,2022-08-18,Sydney,VIP,katherineharris@example.net,jared howell
brandon rasmussen,timothy88@example.org,2022-08-19,Sydney,VIP,timothy88@example.org,brandon rasmussen
david robinson,sandra72@example.com,2020-06-25,Sydney,C,sandra72@example.com,david robinson
james wilson,maychristine@example.net,2023-12-21,Melbourne,B,maychristine@example.net,james wilson
jason potter,dmorales@example.net,2019-02-22,Paris,VIP,dmorales@example.net,jason potter
donna cabrera,barbara53@example.com,2024-05-12,Sydney,A,barbara53@example.com,donna cabrera
tracy copeland,pbautista@example.com,2020-09-21,Vancouver,A,pbautista@example.com,tracy copeland
melissa garner,lozanojulie@example.com,2023-04-12,New York,VIP,lozanojulie@example.com,melissa garner
michael martinez,jennifercollins@example.org,2020-11-08,Munich,A,jennifercollins@example.org,michael martinez
keith villanueva,george43@example.com,2020-03-21,Bangkok,,george43@example.com,keith villanueva
heather roberson,alyssa93@example.org,2021-09-16,Vancouver,,alyssa93@example.org,heather roberson
cynthia wilson,bethwilliams@example.org,2021-08-05,Vancouver,VIP,bethwilliams@example.org,cynthia wilson
brandon huynh,james23@example.com,2019-12-23,Bangkok,VIP,james23@example.com,brandon huynh
adam mccoy,fpetty@example.net,2019-08-17,Melbourne,A,fpetty@example.net,adam mccoy
chelsea austin,leahbarker@example.org,2020-04-27,Sydney,,leahbarker@example.org,chelsea austin
daniel taylor,shermandonna@example.com,2021-08-01,Sydney,C,shermandonna@example.com,daniel taylor
jose vaughan,teresaayala@example.net,2022-04-21,Sydney,B,teresaayala@example.net,jose vaughan
kelly hodges,michellewilson@example.org,2020-09-30,Chicago,,michellewilson@example.org,kelly hodges
deborah juarez,mcarson@example.org,2023-11-06,London,C,mcarson@example.org,deborah juarez
joseph moon,,2021-01-02,Melbourne,,,joseph moon
eddie mueller,stevenvargas@example.com,2024-02-25,Vancouver,A,stevenvargas@example.com,eddie mueller
samantha robertson,cameronmckinney@example.com,2022-10-16,Mumbai,A,cameronmckinney@example.com,samantha robertson
michael lee,max69@example.com,2021-10-21,Berlin,,max69@example.com,michael lee
ralph lee,ericphillips@example.org,2023-10-02,Berlin,A,ericphillips@example.org,ralph lee
jessica gaines,jmorrow@example.net,2022-11-27,Bangkok,A,jmorrow@example.net,jessica gaines
alicia norris,hwallace@example.net,2021-06-08,Bangkok,B,hwallace@example.net,alicia norris
elizabeth reese,edwin31@example.org,2022-01-30,Sydney,A,edwin31@example.org,elizabeth reese
audrey reyes,andersonhenry@example.org,2024-03-17,Vancouver,,andersonhenry@example.org,audrey reyes
dustin welch,mirandadavidson@example.com,2022-12-11,London,C,mirandadavidson@example.com,dustin welch
kimberly james,swalters@example.net,2022-03-03,Paris,C,swalters@example.net,kimberly james
david rodriguez,brownaustin@example.com,2023-05-23,London,VIP,brownaustin@example.com,david rodriguez
craig keller,angela71@example.net,2023-02-10,,A,angela71@example.net,craig keller
david baird dds,jcalhoun@example.com,2019-03-11,Vancouver,A,jcalhoun@example.com,david baird dds
robert cox,,2021-10-25,Manchester,,,robert cox
kara black,dsharp@example.com,2022-09-25,Sydney,C,dsharp@example.com,kara black
danielle stein,terrywilliam@example.com,2022-11-23,Paris,A,terrywilliam@example.com,danielle stein
erika garcia,ykane@example.org,2020-01-24,Berlin,A,ykane@example.org,erika garcia
alicia martin,lisa11@example.org,2024-03-15,New York,,lisa11@example.org,alicia martin
susan bennett,desireebailey@example.org,2022-06-07,Chicago,B,desireebailey@example.org,susan bennett
logan sullivan,millermatthew@example.com,2024-03-26,,VIP,millermatthew@example.com,logan sullivan
rebekah greene,erin07@example.com,2022-12-02,Munich,B,erin07@example.com,rebekah greene
bryce blair,sylvia52@example.org,2020-09-23,London,C,sylvia52@example.org,bryce blair
carmen perez,tracy55@example.net,2020-10-31,Los Angeles,C,tracy55@example.net,carmen perez
phillip salazar,catherine93@example.net,2021-09-24,Paris,B,catherine93@example.net,phillip salazar
katherine cox,richard92@example.com,2021-04-13,Munich,C,richard92@example.com,katherine cox
robert west,brandon94@example.org,2020-04-21,London,C,brandon94@example.org,robert west
jillian wilson,bmcgee@example.org,2020-04-29,Chicago,C,bmcgee@example.org,jillian wilson
elizabeth brock,ualvarado@example.org,2019-05-13,Munich,VIP,ualvarado@example.org,elizabeth brock
jennifer allen,kimberly67@example.net,2021-05-06,Paris,,kimberly67@example.net,jennifer allen
erin cook,kevinmorrison@example.net,2024-06-25,Munich,A,kevinmorrison@example.net,erin cook
jennifer turner,karen61@example.net,2022-06-30,Singapore,,karen61@example.net,jennifer turner
jennifer bautista,nicolemoore@example.net,2019-09-14,Vancouver,B,nicolemoore@example.net,jennifer bautista
krista davis,laradonald@example.org,2021-04-27,Vancouver,B,laradonald@example.org,krista davis
douglas mack,matthew24@example.com,2024-03-12,Vancouver,B,matthew24@example.com,douglas mack
kelly smith,mcdanielbrooke@example.org,2023-03-27,Manchester,B,mcdanielbrooke@example.org,kelly smith
mrs. katherine simpson,markduran@example.com,2021-03-19,New York,VIP,markduran@example.com,mrs. katherine simpson
william cunningham,uwilliams@example.org,2022-03-17,New York,VIP,uwilliams@example.org,william cunningham
jeffrey jordan,ysanford@example.org,2021-12-17,Los Angeles,C,ysanford@example.org,jeffrey jordan
kevin farmer,lindabryan@example.org,2019-11-17,Paris,B,lindabryan@example.org,kevin farmer
zachary hicks,camposmichelle@example.org,2019-03-07,Mumbai,,camposmichelle@example.org,zachary hicks
veronica flores,lauren28@example.net,2023-03-30,Mumbai,VIP,lauren28@example.net,veronica flores
angela gonzales,pduran@example.net,2023-04-12,Los Angeles,C,pduran@example.net,angela gonzales
natalie juarez,colemanjonathan@example.org,2023-08-29,Melbourne,VIP,colemanjonathan@example.org,natalie juarez
jennifer simpson dvm,nancy04@example.net,2023-06-26,Los Angeles,B,nancy04@example.net,jennifer simpson dvm
robert miller,csolis@example.org,2022-07-29,Chicago,VIP,csolis@example.org,robert miller
catherine saunders md,nhahn@example.com,2019-12-25,Bangkok,C,nhahn@example.com,catherine saunders md
alan johnson,rogersjames@example.net,2019-09-11,London,C,rogersjames@example.net,alan johnson
cynthia woods,ubray@example.net,2022-04-05,Vancouver,,ubray@example.net,cynthia woods
benjamin thompson,zosborn@example.net,2020-10-09,Sydney,B,zosborn@example.net,benjamin thompson
jessica meadows,vmerritt@example.com,2019-08-25,New York,A,vmerritt@example.com,jessica meadows
pamela perry,newtonamber@example.org,2019-06-02,Manchester,VIP,newtonamber@example.org,pamela perry
andre terrell,,2021-05-28,Munich,A,,andre terrell
melissa brown,marshallerik@example.net,2019-10-20,New York,C,marshallerik@example.net,melissa brown
brian moore,ijones@example.com,2021-11-26,Mumbai,VIP,ijones@example.com,brian moore
zachary wilkinson,munozrobert@example.com,2024-01-17,Mumbai,C,munozrobert@example.com,zachary wilkinson
katherine church,candice96@example.net,2021-12-17,Berlin,VIP,candice96@example.net,katherine church
lisa reynolds,ywilliams@example.com,2023-07-24,Toronto,A,ywilliams@example.com,lisa reynolds
evelyn garcia,dgarcia@example.org,2022-05-05,Paris,A,dgarcia@example.org,evelyn garcia
ryan garcia,marydean@example.com,2020-07-22,Munich,VIP,marydean@example.com,ryan garcia
preston kim,bshort@example.com,2023-12-17,Chicago,C,bshort@example.com,preston kim
alexandra smith,molly91@example.org,2019-08-23,New York,C,molly91@example.org,alexandra smith
michael lewis,michael03@example.net,2021-10-31,Manchester,,michael03@example.net,michael lewis
monica lopez,katie43@example.net,2019-10-25,Sydney,C,katie43@example.net,monica lopez
kayla deleon,caseyhenderson@example.net,2021-10-15,Singapore,A,caseyhenderson@example.net,kayla deleon
raymond barber,dennismckenzie@example.com,2019-09-06,Berlin,,dennismckenzie@example.com,raymond barber
john campbell,mark87@example.org,2022-11-18,Mumbai,VIP,mark87@example.org,john campbell
michael hancock,,2020-02-01,London,A,,michael hancock
laura lewis,oadams@example.net,2024-06-28,Melbourne,VIP,oadams@example.net,laura lewis
marie thompson,jeffrey92@example.com,2021-08-06,Manchester,B,jeffrey92@example.com,marie thompson
charles wright,monique89@example.com,2022-08-06,Paris,VIP,monique89@example.com,charles wright
judy robinson,erica96@example.net,2024-02-06,Melbourne,A,erica96@example.net,judy robinson
john peterson,kingmichelle@example.org,2020-04-04,London,VIP,kingmichelle@example.org,john peterson
jane king,david38@example.net,2020-09-26,New York,B,david38@example.net,jane king
charles hardin,lopezjennifer@example.org,2021-12-30,Toronto,,lopezjennifer@example.org,charles hardin
andrea hartman,susan57@example.net,2023-08-28,Chicago,VIP,susan57@example.net,andrea hartman
eric cross,lroberts@example.org,2024-02-03,Munich,B,lroberts@example.org,eric cross
carlos heath,,2023-10-05,Chicago,C,,carlos heath
gilbert williams,lhicks@example.com,2021-02-03,Sydney,C,lhicks@example.com,gilbert williams
carlos heath,,2023-09-17,Chicago,A,,carlos heath
denise french,,2023-11-24,New York,A,,denise french
kristen lowery,dixonrobert@example.com,2021-02-26,Berlin,B,dixonrobert@example.com,kristen lowery
zachary bryant,marvin69@example.net,2022-01-16,New York,,marvin69@example.net,zachary bryant
joel nelson,gabriellecameron@example.org,2021-02-17,Los Angeles,B,gabriellecameron@example.org,joel nelson
ashley duran,gregory14@example.org,2019-05-14,Sydney,,gregory14@example.org,ashley duran
tina wu,debbie20@example.net,2019-04-04,Singapore,C,debbie20@example.net,tina wu
austin robinson,katrina71@example.net,2021-12-06,Berlin,VIP,katrina71@example.net,austin robinson
denise stuart,shawn22@example.com,2019-04-14,Berlin,B,shawn22@example.com,denise stuart
philip hall,mike03@example.net,2019-06-10,Manchester,C,mike03@example.net,philip hall
colleen brock,pwilliams@example.org,2022-09-13,New York,B,pwilliams@example.org,colleen brock
amanda huff,eddie35@example.com,2021-06-18,Chicago,VIP,eddie35@example.com,amanda huff
pam baker,ryan25@example.net,2021-02-25,Berlin,VIP,ryan25@example.net,pam baker
david sanchez,jerry51@example.net,2020-05-08,Munich,A,jerry51@example.net,david sanchez
linda burns,hickmannatasha@example.com,2023-10-29,Munich,A,hickmannatasha@example.com,linda burns
alexander collins,tsanders@example.org,2020-03-24,Manchester,B,tsanders@example.org,alexander collins
ethan garza,pbaker@example.org,2020-05-24,Manchester,C,pbaker@example.org,ethan garza
jesse welch,jacob34@example.org,2023-05-22,Los Angeles,,jacob34@example.org,jesse welch
cathy barnes,brian65@example.net,2019-01-07,Sydney,,brian65@example.net,cathy barnes
monica herrera,smiller@example.net,2019-07-09,Los Angeles,B,smiller@example.net,monica herrera
patrick swanson,robertbrewer@example.net,2020-11-23,Los Angeles,VIP,robertbrewer@example.net,patrick swanson
joseph acosta,morrisonnicholas@example.org,2021-06-14,Chicago,VIP,morrisonnicholas@example.org,joseph acosta
patricia alvarado,nzhang@example.net,2020-11-22,Los Angeles,A,nzhang@example.net,patricia alvarado
richard smith,gibsonemily@example.net,2020-08-12,Bangkok,A,gibsonemily@example.net,richard smith
sydney bennett,pattonbryan@example.com,2020-03-05,Melbourne,,pattonbryan@example.com,sydney bennett
eric knox,georgemaldonado@example.org,2020-03-05,Manchester,,georgemaldonado@example.org,eric knox
melanie johnson,hthompson@example.org,2023-08-22,,B,hthompson@example.org,melanie johnson
vickie kennedy,,2022-07-29,Paris,,,vickie kennedy
denise brown,roysara@example.net,2022-01-03,Chicago,A,roysara@example.net,denise brown
denise olsen,usmith@example.net,2022-06-01,Chicago,VIP,usmith@example.net,denise olsen
shannon jones,joshuawashington@example.net,2023-02-07,Los Angeles,A,joshuawashington@example.net,shannon jones
walter palmer,bensonstanley@example.org,2019-08-31,Manchester,,bensonstanley@example.org,walter palmer
kayla rodriguez,stevenadams@example.org,2019-11-14,Chicago,A,stevenadams@example.org,kayla rodriguez
mr. ralph dawson,angelica33@example.net,2024-01-07,Toronto,,angelica33@example.net,mr. ralph dawson
david harris,ramseyeric@example.net,2019-05-19,Manchester,VIP,ramseyeric@example.net,david harris
james ellis,crystalcantrell@example.org,2020-08-28,,C,crystalcantrell@example.org,james ellis
anthony nash,mercedesholland@example.net,2020-10-23,Vancouver,A,mercedesholland@example.net,anthony nash
laura ramos,jcarter@example.org,2020-11-01,Mumbai,C,jcarter@example.org,laura ramos
richard ramirez,reyesmarvin@example.org,2021-06-26,Vancouver,,reyesmarvin@example.org,richard ramirez
yolanda jackson,craigmartin@example.net,2020-07-10,Melbourne,B,craigmartin@example.net,yolanda jackson
lucas cox,karlwilliams@example.net,2019-11-27,Chicago,C,karlwilliams@example.net,lucas cox
mr. joshua moore,sara39@example.org,2021-09-12,Manchester,,sara39@example.org,mr. joshua moore
karen bradley,mathew46@example.org,2024-04-23,Berlin,VIP,mathew46@example.org,karen bradley
michael cross,smoore@example.org,2019-07-18,Los Angeles,VIP,smoore@example.org,michael cross
john martinez,mark68@example.org,2019-11-27,Paris,,mark68@example.org,john martinez
tommy ramsey,markbates@example.com,2021-04-10,Paris,B,markbates@example.com,tommy ramsey
allison casey,amandadalton@example.net,2022-05-26,Munich,VIP,amandadalton@example.net,allison casey
travis hopkins,jillwebb@example.com,2021-07-08,Singapore,A,jillwebb@example.com,travis hopkins
stephanie gallagher,umontes@example.org,2022-04-16,New York,B,umontes@example.org,stephanie gallagher
shari arellano,josephmichael@example.org,2021-07-21,Bangkok,B,josephmichael@example.org,shari arellano
carl huffman,wallssean@example.net,2023-05-04,Chicago,C,wallssean@example.net,carl huffman
scott miller,rowejoel@example.net,2023-01-12,Sydney,A,rowejoel@example.net,scott miller
jessica becker,chavezisabel@example.com,2022-03-24,Los Angeles,B,chavezisabel@example.com,jessica becker
denise ford,colton30@example.net,2022-01-18,Sydney,C,colton30@example.net,denise ford
christopher garza,wilsonbrooke@example.net,2023-03-18,Mumbai,A,wilsonbrooke@example.net,christopher garza
nicholas kelley,shawn00@example.net,2023-01-01,Manchester,B,shawn00@example.net,nicholas kelley
anna evans,priscilla16@example.net,2023-07-20,Manchester,,priscilla16@example.net,anna evans
eric hunter,katherine82@example.com,2023-07-26,Toronto,VIP,katherine82@example.com,eric hunter
patricia bruce,janicebolton@example.net,2020-01-16,Toronto,A,janicebolton@example.net,patricia bruce
joshua guerrero,qcurtis@example.com,2020-08-12,Munich,C,qcurtis@example.com,joshua guerrero
andrew dunn,connersylvia@example.net,2023-02-15,Mumbai,,connersylvia@example.net,andrew dunn
brenda martin,robertsonjuan@example.org,2022-01-01,Mumbai,,robertsonjuan@example.org,brenda martin
connie stevens,patricialowery@example.com,2020-09-18,Melbourne,,patricialowery@example.com,connie stevens
ashley cooper,fordjames@example.org,2019-11-05,Toronto,B,fordjames@example.org,ashley cooper
travis strong,reedchad@example.com,2023-04-07,Manchester,A,reedchad@example.com,travis strong
debra clark,ahale@example.org,2021-05-24,Berlin,B,ahale@example.org,debra clark
brandy holmes,laurenallen@example.org,2020-09-21,Toronto,A,laurenallen@example.org,brandy holmes
jennifer smith,karinorton@example.net,2022-03-17,Melbourne,A,karinorton@example.net,jennifer smith
kelly king,james03@example.org,2021-01-14,London,A,james03@example.org,kelly king
jason munoz,raymond12@example.com,2021-10-12,New York,VIP,raymond12@example.com,jason munoz
mary johnson,sharon95@example.com,2023-07-30,Chicago,A,sharon95@example.com,mary johnson
bradley kirby,,2024-03-26,,,,bradley kirby
rickey hall,lovepaul@example.net,2019-04-17,Berlin,A,lovepaul@example.net,rickey hall
melanie johnson,hthompson@example.org,2023-08-07,,C,hthompson@example.org,melanie johnson
jeremy mcintyre,wfigueroa@example.net,2023-11-09,Melbourne,,wfigueroa@example.net,jeremy mcintyre
charles russo,sherry07@example.net,2021-09-11,Paris,A,sherry07@example.net,charles russo
heather brown,brobinson@example.org,2023-12-07,Paris,A,brobinson@example.org,heather brown
joshua davis,nicolealvarado@example.com,2020-11-28,Chicago,A,nicolealvarado@example.com,joshua davis
,,,,,,
lori perez,ashleysimmons@example.com,2021-02-03,Sydney,B,ashleysimmons@example.com,lori perez
tara holmes,arthurgreene@example.net,2021-10-15,Sydney,VIP,arthurgreene@example.net,tara holmes
jason price,aguilarwanda@example.org,2021-05-14,Mumbai,B,aguilarwanda@example.org,jason price
justin michael,keith98@example.com,2022-02-08,Munich,A,keith98@example.com,justin michael
john juarez,bradleylee@example.net,2023-01-20,Vancouver,A,bradleylee@example.net,john juarez
patty allen,barrettamber@example.com,2023-05-19,Munich,VIP,barrettamber@example.com,patty allen
joseph rose,deanna17@example.org,2020-05-06,Berlin,VIP,deanna17@example.org,joseph rose
patrick moses,smitchell@example.com,2019-08-08,Sydney,,smitchell@example.com,patrick moses
kimberly burnett,lbrown@example.net,2023-02-16,Manchester,,lbrown@example.net,kimberly burnett
elizabeth sanchez,david89@example.com,2021-08-03,Melbourne,VIP,david89@example.com,elizabeth sanchez
lynn adams,edwardselizabeth@example.net,2024-06-10,New York,A,edwardselizabeth@example.net,lynn adams
michael morrison,lopezkathleen@example.net,2019-10-22,Paris,VIP,lopezkathleen@example.net,michael morrison
angela george,ascott@example.net,2024-05-30,Singapore,C,ascott@example.net,angela george
matthew moss,brianmorrow@example.org,2019-08-28,Los Angeles,C,brianmorrow@example.org,matthew moss
dr. john perkins,clarkpatricia@example.com,2022-09-27,Bangkok,,clarkpatricia@example.com,dr. john perkins
brandon sanchez,tracy38@example.com,2022-02-09,Sydney,C,tracy38@example.com,brandon sanchez
john henry,anna96@example.com,2021-10-25,Mumbai,,anna96@example.com,john henry
kevin jennings,jreyes@example.net,2020-12-27,Los Angeles,B,jreyes@example.net,kevin jennings
ryan thomas,,2022-03-07,Singapore,VIP,,ryan thomas
laura adams,ogreer@example.org,2022-04-04,Munich,C,ogreer@example.org,laura adams
dillon case,victor60@example.net,2020-11-20,London,B,victor60@example.net,dillon case
sarah meadows,boydmichael@example.org,2023-06-03,Bangkok,VIP,boydmichael@example.org,sarah meadows
brett keith,florescynthia@example.org,2024-05-05,Los Angeles,,florescynthia@example.org,brett keith
tamara roberts,foxlinda@example.org,2024-03-29,Vancouver,,foxlinda@example.org,tamara roberts
shannon medina,bhess@example.com,2023-11-20,Chicago,,bhess@example.com,shannon medina
jennifer goodwin,harrellkimberly@example.org,2020-06-25,Los Angeles,A,harrellkimberly@example.org,jennifer goodwin
stacy williams,joneschristian@example.net,2023-01-24,London,A,joneschristian@example.net,stacy williams
brittany gay,robert97@example.org,2022-05-29,,C,robert97@example.org,brittany gay
crystal carlson,uclark@example.org,2019-05-10,Berlin,VIP,uclark@example.org,crystal carlson
shannon thompson,scott04@example.com,2020-07-14,Bangkok,VIP,scott04@example.com,shannon thompson
heather levine,bryan90@example.org,2020-09-22,Manchester,C,bryan90@example.org,heather levine
nicholas beard,christopher88@example.org,2021-07-12,Los Angeles,B,christopher88@example.org,nicholas beard
james turner,noahthornton@example.com,2020-12-20,Los Angeles,VIP,noahthornton@example.com,james turner
allison wise,kwood@example.org,2019-08-14,Munich,VIP,kwood@example.org,allison wise
brian brown,martinnovak@example.com,2021-09-23,Bangkok,,martinnovak@example.com,brian brown
frank williams,tracy98@example.com,2022-01-15,Berlin,VIP,tracy98@example.com,frank williams
gina mcmillan,jameshicks@example.net,2022-02-09,London,B,jameshicks@example.net,gina mcmillan
thomas williams,kchaney@example.net,2019-10-17,Bangkok,A,kchaney@example.net,thomas williams
david smith,amassey@example.net,2019-02-03,Toronto,VIP,amassey@example.net,david smith
fernando mcconnell,smejia@example.net,2024-06-12,Munich,C,smejia@example.net,fernando mcconnell
kyle nguyen,shortgregory@example.com,2023-11-30,Vancouver,A,shortgregory@example.com,kyle nguyen
joseph bentley,christopherward@example.com,2022-06-27,Vancouver,A,christopherward@example.com,joseph bentley
jake jackson,smithpaul@example.org,2022-06-05,Mumbai,A,smithpaul@example.org,jake jackson
jessica holmes,wrightcaleb@example.org,2024-05-12,Munich,VIP,wrightcaleb@example.org,jessica holmes
mary lewis,foxashley@example.com,2019-07-05,New York,C,foxashley@example.com,mary lewis
william ramos,joseph69@example.net,2024-05-25,Chicago,,joseph69@example.net,william ramos
oscar cruz,markskristina@example.com,2022-02-06,Melbourne,A,markskristina@example.com,oscar cruz
heidi owen,stephaniethomas@example.net,2021-12-09,Manchester,VIP,stephaniethomas@example.net,heidi owen
beth shaw,josephross@example.net,2019-05-13,Chicago,C,josephross@example.net,beth shaw
angela barnett,madison00@example.org,2022-10-25,Los Angeles,A,madison00@example.org,angela barnett
jeffrey edwards,herbertward@example.org,2021-11-29,London,B,herbertward@example.org,jeffrey edwards
donald harris,tanya97@example.com,2022-07-13,Los Angeles,B,tanya97@example.com,donald harris
wendy smith,antoniocarter@example.com,2020-09-21,Vancouver,,antoniocarter@example.com,wendy smith
craig mathis,suzanne19@example.net,2023-08-05,Munich,B,suzanne19@example.net,craig mathis
harold garrett,wendyirwin@example.com,2023-04-17,Vancouver,,wendyirwin@example.com,harold garrett
stephen alvarez,rmiller@example.net,2019-03-15,Chicago,VIP,rmiller@example.net,stephen alvarez
kelly weiss,barbarabrady@example.net,2023-05-11,Sydney,B,barbarabrady@example.net,kelly weiss
maria cruz,danielgriffith@example.net,2022-10-10,Berlin,A,danielgriffith@example.net,maria cruz
joel davis,imcdonald@example.com,2024-05-22,Manchester,,imcdonald@example.com,joel davis
david robinson,sarah53@example.org,2020-02-13,Toronto,C,sarah53@example.org,david robinson
paul finley,brandi90@example.com,2019-06-03,New York,B,brandi90@example.com,paul finley
erika watson phd,umckenzie@example.net,2020-02-22,Vancouver,VIP,umckenzie@example.net,erika watson phd
nathan kirk,tlewis@example.com,2020-10-31,Singapore,,tlewis@example.com,nathan kirk
michele lewis,heather73@example.org,2024-03-07,Sydney,VIP,heather73@example.org,michele lewis
kara schmidt,jbarajas@example.com,2021-09-26,,VIP,jbarajas@example.com,kara schmidt
joshua shepard,gallegoscrystal@example.com,2019-04-03,London,C,gallegoscrystal@example.com,joshua shepard
audrey reyes,andersonhenry@example.org,2024-03-02,Vancouver,A,andersonhenry@example.org,audrey reyes
tyler dunn,jameslawson@example.com,2020-07-25,New York,C,jameslawson@example.com,tyler dunn
shelby lopez,christianhendrix@example.com,2020-07-26,Singapore,VIP,christianhendrix@example.com,shelby lopez
brett owen,welchkristen@example.net,2023-09-01,London,C,welchkristen@example.net,brett owen
jenna lyons,kristina57@example.com,2019-12-14,,,kristina57@example.com,jenna lyons
jane wells,isaac45@example.org,2019-07-12,Singapore,B,isaac45@example.org,jane wells
douglas kline,jonesmegan@example.org,2022-07-01,Sydney,VIP,jonesmegan@example.org,douglas kline
whitney moyer,kristy74@example.net,2022-09-22,London,C,kristy74@example.net,whitney moyer
norma myers dds,justin38@example.com,2024-06-08,Melbourne,,justin38@example.com,norma myers dds
christine aguilar,baileychristopher@example.com,2020-05-14,Bangkok,C,baileychristopher@example.com,christine aguilar
shawn kelley,wisealexandria@example.org,2021-01-07,Vancouver,VIP,wisealexandria@example.org,shawn kelley
tamara reid,sheltontiffany@example.com,2019-12-31,Melbourne,,sheltontiffany@example.com,tamara reid
jasmine browning,qpennington@example.com,2021-10-14,Los Angeles,VIP,qpennington@example.com,jasmine browning
arthur mcdaniel,scottlove@example.org,2022-02-23,London,A,scottlove@example.org,arthur mcdaniel
kimberly adams,cdouglas@example.org,2023-12-01,Manchester,VIP,cdouglas@example.org,kimberly adams
cynthia rios,smiththomas@example.org,2024-03-03,Los Angeles,VIP,smiththomas@example.org,cynthia rios
thomas norton,amandabenson@example.com,2019-08-19,Melbourne,VIP,amandabenson@example.com,thomas norton
melody baker,rmorgan@example.net,2020-05-09,Paris,VIP,rmorgan@example.net,melody baker
vicki hernandez,nicholas09@example.org,2019-01-08,Manchester,C,nicholas09@example.org,vicki hernandez
kelly cole,ivanjohnson@example.net,2023-01-21,Los Angeles,C,ivanjohnson@example.net,kelly cole
alfred thomas,twilliams@example.com,2022-12-07,Toronto,,twilliams@example.com,alfred thomas
rachel kelly,gomezpaul@example.org,2019-05-11,Toronto,VIP,gomezpaul@example.org,rachel kelly
michelle lee,tyronerobertson@example.com,2021-02-10,Paris,A,tyronerobertson@example.com,michelle lee
joseph acosta,morrisonnicholas@example.org,2021-06-07,Chicago,VIP,morrisonnicholas@example.org,joseph acosta
mark clark,brian41@example.org,2021-01-07,London,VIP,brian41@example.org,mark clark
tina davis,christopher74@example.net,2023-06-20,Toronto,A,christopher74@example.net,tina davis
laura acosta,shannon75@example.com,2023-11-15,Vancouver,,shannon75@example.com,laura acosta
carl hunter,psmith@example.net,2020-10-26,London,B,psmith@example.net,carl hunter
tracey nelson,iwalker@example.org,2020-08-19,Melbourne,VIP,iwalker@example.org,tracey nelson
nicholas parker,wdavis@example.net,2019-07-13,Sydney,A,wdavis@example.net,nicholas parker
david small,brownalexa@example.com,2019-01-23,Mumbai,C,brownalexa@example.com,david small
john boone,megan51@example.com,2020-02-12,Vancouver,VIP,megan51@example.com,john boone
melinda nelson,christopherjones@example.com,2021-10-30,Paris,B,christopherjones@example.com,melinda nelson
danielle bryant,janet45@example.com,2020-07-23,Melbourne,VIP,janet45@example.com,danielle bryant
tiffany vaughn,,2021-12-29,Paris,VIP,,tiffany vaughn
erica richard,rhill@example.net,2023-11-20,Singapore,B,rhill@example.net,erica richard
emily rodriguez,hahnsean@example.com,2021-09-09,London,,hahnsean@example.com,emily rodriguez
heidi johnson,kaylarobbins@example.net,2023-04-26,Sydney,,kaylarobbins@example.net,heidi johnson
traci camacho,susan08@example.net,2023-09-29,Singapore,C,susan08@example.net,traci camacho
tina daugherty,ulee@example.net,2021-12-09,Melbourne,,ulee@example.net,tina daugherty
frances cardenas,emilywalker@example.org,2024-03-21,Singapore,VIP,emilywalker@example.org,frances cardenas
ray ramos,,2021-04-24,Manchester,A,,ray ramos
corey jones,,2019-07-27,Melbourne,C,,corey jones
julie wilson,delacruzbrandy@example.net,2019-10-14,Los Angeles,,delacruzbrandy@example.net,julie wilson
mrs. maria williams,hritter@example.net,2020-02-25,Paris,B,hritter@example.net,mrs. maria williams
sheila perez,newmanangela@example.org,2022-09-07,New York,,newmanangela@example.org,sheila perez
andrea townsend,tammy17@example.com,2020-02-29,Manchester,A,tammy17@example.com,andrea townsend
dr. jared lee iii,barbaraolsen@example.net,2022-11-21,Sydney,B,barbaraolsen@example.net,dr. jared lee iii
william griffin,pjacobs@example.net,2022-02-02,Melbourne,VIP,pjacobs@example.net,william griffin
joseph blackburn,chanamber@example.org,2022-05-03,Munich,VIP,chanamber@example.org,joseph blackburn
courtney velasquez,ybailey@example.org,2022-09-01,Singapore,,ybailey@example.org,courtney velasquez
kimberly gibson,bgross@example.net,2021-12-22,New York,C,bgross@example.net,kimberly gibson
misty mcguire,tracynolan@example.net,2020-08-25,Toronto,VIP,tracynolan@example.net,misty mcguire
lynn davis,pcurry@example.net,2023-04-14,Singapore,,pcurry@example.net,lynn davis
jamie duran,villawilliam@example.com,2022-07-16,Berlin,B,villawilliam@example.com,jamie duran
evan myers,qcoleman@example.org,2019-05-11,Berlin,,qcoleman@example.org,evan myers
harold ellis,lisamccarthy@example.com,2021-11-01,Bangkok,C,lisamccarthy@example.com,harold ellis
brian mullen,clarkmichael@example.com,2022-12-03,Singapore,A,clarkmichael@example.com,brian mullen
ricardo franklin,zcortez@example.net,2021-01-04,Berlin,VIP,zcortez@example.net,ricardo franklin
kristina baker,nicholashuffman@example.org,2021-12-15,Bangkok,,nicholashuffman@example.org,kristina baker
jessica long,reedelizabeth@example.net,2021-03-31,,C,reedelizabeth@example.net,jessica long
heather williams,westashley@example.org,2019-04-24,Manchester,VIP,westashley@example.org,heather williams
denise ford,colton30@example.net,2022-02-21,Sydney,,colton30@example.net,denise ford
mrs. marie harrington dds,herringjames@example.org,2020-05-16,New York,VIP,herringjames@example.org,mrs. marie harrington dds
andrew armstrong,fmedina@example.com,2019-12-15,London,VIP,fmedina@example.com,andrew armstrong
erin daniels,denisecarpenter@example.net,2022-05-06,Paris,VIP,denisecarpenter@example.net,erin daniels
melissa garcia,castropeter@example.com,2021-11-05,Singapore,C,castropeter@example.com,melissa garcia
brian villa,omorris@example.net,2022-09-26,Mumbai,VIP,omorris@example.net,brian villa
jessica holmes,wrightcaleb@example.org,2024-05-06,Munich,B,wrightcaleb@example.org,jessica holmes
theresa gardner,hollyperkins@example.net,2019-11-24,Mumbai,,hollyperkins@example.net,theresa gardner
michael evans,sarah10@example.com,2023-03-24,Bangkok,,sarah10@example.com,michael evans
robert cruz,jacobjacobs@example.net,2020-03-30,Manchester,C,jacobjacobs@example.net,robert cruz
allison lopez,hmcintyre@example.com,2019-12-29,Los Angeles,A,hmcintyre@example.com,allison lopez
angela edwards,ryanlong@example.org,2021-03-06,Manchester,B,ryanlong@example.org,angela edwards
kathryn snyder,georgepamela@example.net,2023-07-14,Paris,,georgepamela@example.net,kathryn snyder
jennifer moore,christyscott@example.com,2020-12-26,Berlin,,christyscott@example.com,jennifer moore
michele waters,woodphillip@example.com,2021-09-03,London,VIP,woodphillip@example.com,michele waters
james whitaker,,2020-02-10,London,,,james whitaker
jennifer warren,kristin96@example.com,2019-04-25,Los Angeles,B,kristin96@example.com,jennifer warren
jill jackson,flynnjeffrey@example.org,2023-04-18,Chicago,B,flynnjeffrey@example.org,jill jackson
jason miller,,2019-08-02,New York,VIP,,jason miller
tyler davis,jenniferwilliams@example.net,2022-02-15,Vancouver,VIP,jenniferwilliams@example.net,tyler davis
jessica torres,justin75@example.net,2019-12-01,Munich,VIP,justin75@example.net,jessica torres
amanda swanson,michaelsherman@example.com,2019-01-20,Paris,,michaelsherman@example.com,amanda swanson
thomas pham,,2023-06-10,Paris,C,,thomas pham
david grant,yobrien@example.net,2024-04-25,Paris,A,yobrien@example.net,david grant
erin mason,allenphillip@example.com,2024-03-24,London,A,allenphillip@example.com,erin mason
lisa gonzalez,mccoyjames@example.org,2019-03-22,Mumbai,,mccoyjames@example.org,lisa gonzalez
kimberly brown,andersenthomas@example.com,2021-11-07,London,B,andersenthomas@example.com,kimberly brown
paul phelps,john86@example.com,2019-01-26,Chicago,VIP,john86@example.com,paul phelps
angela morton,williamsyvette@example.org,2022-07-16,Melbourne,,williamsyvette@example.org,angela morton
meghan anthony,sheila14@example.org,2020-07-31,Vancouver,A,sheila14@example.org,meghan anthony
paula shepherd,jacquelineyoung@example.org,2023-08-24,Manchester,C,jacquelineyoung@example.org,paula shepherd
jack barton,rgallegos@example.org,2021-12-11,Manchester,C,rgallegos@example.org,jack barton
timothy foley,james08@example.net,2021-09-09,New York,B,james08@example.net,timothy foley
paul morton,ritteralexis@example.net,2022-03-04,Bangkok,,ritteralexis@example.net,paul morton
amanda miller,brianrowe@example.org,2020-04-26,Mumbai,B,brianrowe@example.org,amanda miller
deanna bartlett,millerangela@example.net,2019-03-27,Singapore,,millerangela@example.net,deanna bartlett
jeffery holt,uwillis@example.com,2022-03-20,Vancouver,C,uwillis@example.com,jeffery holt
charles price,baileyhenderson@example.com,2019-04-24,Singapore,VIP,baileyhenderson@example.com,charles price
christopher moore,omullen@example.com,2023-12-24,Bangkok,B,omullen@example.com,christopher moore
christian hernandez,audrey81@example.com,2020-05-31,Vancouver,C,audrey81@example.com,christian hernandez
henry lutz,davidbrown@example.org,2019-02-14,Melbourne,A,davidbrown@example.org,henry lutz
kevin gilmore,yvang@example.org,2020-04-19,Mumbai,C,yvang@example.org,kevin gilmore
eddie adams,cnelson@example.com,2023-09-07,Los Angeles,B,cnelson@example.com,eddie adams
margaret jones,morganfarrell@example.org,2019-04-04,Sydney,C,morganfarrell@example.org,margaret jones
robin cabrera,villamiranda@example.com,2023-11-23,Vancouver,B,villamiranda@example.com,robin cabrera
keith fuller,nicholasliu@example.com,2022-11-30,Los Angeles,,nicholasliu@example.com,keith fuller
alicia irwin,donnathomas@example.com,2019-08-02,Chicago,VIP,donnathomas@example.com,alicia irwin
stephanie williams,gregorysmith@example.net,2020-10-12,Paris,A,gregorysmith@example.net,stephanie williams
robert mendez,qgay@example.com,2019-03-23,Manchester,C,qgay@example.com,robert mendez
bethany robles,marisa87@example.org,2022-05-13,Toronto,A,marisa87@example.org,bethany robles
john blair,andrew22@example.com,2024-05-03,Berlin,B,andrew22@example.com,john blair
christopher smith,jamesjackson@example.com,2022-02-21,Bangkok,B,jamesjackson@example.com,christopher smith
katherine campos,albert64@example.net,2023-01-29,Mumbai,VIP,albert64@example.net,katherine campos
jeffery taylor,nwilson@example.com,2024-03-10,Manchester,B,nwilson@example.com,jeffery taylor
jennifer rocha,ithomas@example.org,2021-12-29,Chicago,C,ithomas@example.org,jennifer rocha
nichole vasquez,dlivingston@example.org,2024-06-22,Singapore,VIP,dlivingston@example.org,nichole vasquez
mark carter,gomeztonya@example.com,2021-11-25,Singapore,C,gomeztonya@example.com,mark carter
timothy ryan,cainjordan@example.org,2020-04-30,Singapore,C,cainjordan@example.org,timothy ryan
frank armstrong,mmathews@example.net,2024-02-27,New York,B,mmathews@example.net,frank armstrong
dustin bell,fsawyer@example.org,2020-12-06,London,C,fsawyer@example.org,dustin bell
katherine dunn,barnettmatthew@example.net,2019-11-09,Singapore,C,barnettmatthew@example.net,katherine dunn
tammy schultz,sdavis@example.com,2023-12-07,Vancouver,B,sdavis@example.com,tammy schultz
phillip taylor,sandra03@example.com,2021-03-26,London,B,sandra03@example.com,phillip taylor
edward nicholson,ewilliams@example.org,2023-02-03,Chicago,A,ewilliams@example.org,edward nicholson
jesse edwards,wallaceeric@example.com,2021-11-04,Manchester,C,wallaceeric@example.com,jesse edwards
samantha gardner,curtis54@example.com,2019-06-09,Bangkok,C,curtis54@example.com,samantha gardner
andrew romero,ryan43@example.org,2023-01-28,Munich,C,ryan43@example.org,andrew romero
kelly jackson,kimberlygarcia@example.net,2024-06-24,Chicago,A,kimberlygarcia@example.net,kelly jackson
anthony hayes,marilyn67@example.net,2023-11-07,Paris,A,marilyn67@example.net,anthony hayes
mr. bryan mckinney,shannon51@example.org,2020-03-14,Munich,C,shannon51@example.org,mr. bryan mckinney
amanda mckenzie,troy73@example.org,2020-03-09,Munich,A,troy73@example.org,amanda mckenzie
michael webster,morajamie@example.org,2021-12-27,Munich,VIP,morajamie@example.org,michael webster
timothy duncan,esanchez@example.com,2022-09-13,Chicago,B,esanchez@example.com,timothy duncan
curtis morgan,donnagiles@example.com,2023-08-27,Paris,A,donnagiles@example.com,curtis morgan
laurie mason,nicholas72@example.net,2019-08-11,Vancouver,,nicholas72@example.net,laurie mason
aimee fisher,,2019-08-17,Vancouver,VIP,,aimee fisher
jacqueline rodriguez,travisunderwood@example.net,2022-05-20,Melbourne,C,travisunderwood@example.net,jacqueline rodriguez
james wells,ashley74@example.org,2020-08-20,Vancouver,C,ashley74@example.org,james wells
eddie mueller,stevenvargas@example.com,2024-01-16,Vancouver,,stevenvargas@example.com,eddie mueller
michael thompson,annettegutierrez@example.org,2019-11-01,Sydney,VIP,annettegutierrez@example.org,michael thompson
megan park,kandrade@example.org,2019-02-21,Los Angeles,VIP,kandrade@example.org,megan park
samantha jacobs,uunderwood@example.com,2022-12-23,London,B,uunderwood@example.com,samantha jacobs
robert beck,zhughes@example.com,2024-06-21,Los Angeles,C,zhughes@example.com,robert beck
leslie bennett,ortizrobin@example.com,2020-05-12,New York,A,ortizrobin@example.com,leslie bennett
maurice anderson,johnmarquez@example.net,2020-09-12,Sydney,A,johnmarquez@example.net,maurice anderson
john woodard,devon88@example.org,2020-05-19,Paris,A,devon88@example.org,john woodard
stephanie meyer,hufftina@example.org,2020-07-26,Melbourne,C,hufftina@example.org,stephanie meyer
angela yates,pknight@example.org,2021-10-21,Manchester,VIP,pknight@example.org,angela yates
julia olsen,conleykevin@example.net,2021-10-27,Munich,,conleykevin@example.net,julia olsen
willie luna,kathryn17@example.org,2021-06-07,Singapore,B,kathryn17@example.org,willie luna
victoria valdez,contrerasangela@example.net,2023-01-11,Sydney,VIP,contrerasangela@example.net,victoria valdez
tammy parsons,tluna@example.net,2022-08-14,Sydney,,tluna@example.net,tammy parsons
damon powell,regina49@example.com,2022-03-27,Sydney,A,regina49@example.com,damon powell
george alvarez,kelleyjose@example.com,2022-01-04,Munich,C,kelleyjose@example.com,george alvarez
edwin jackson,gmccarthy@example.com,2022-11-27,Manchester,C,gmccarthy@example.com,edwin jackson
adam guerra,lhernandez@example.com,2024-05-03,Bangkok,,lhernandez@example.com,adam guerra
shane moore,charles93@example.net,2020-02-23,Bangkok,B,charles93@example.net,shane moore
michael cross,smoore@example.org,2019-08-07,Los Angeles,VIP,smoore@example.org,michael cross
darryl christensen,,2021-02-22,Sydney,A,,darryl christensen
ashlee ross,burnsrodney@example.org,2021-06-03,Munich,VIP,burnsrodney@example.org,ashlee ross
denise wolfe,cody95@example.org,2020-12-21,Sydney,,cody95@example.org,denise wolfe
kimberly chan,gouldchristina@example.com,2019-01-11,Chicago,VIP,gouldchristina@example.com,kimberly chan
cassidy horne,tranrobin@example.net,2023-04-09,Sydney,C,tranrobin@example.net,cassidy horne
michael watkins,brandon69@example.org,2021-12-23,London,C,brandon69@example.org,michael watkins
cindy cole,cherylnorton@example.com,2022-10-20,Vancouver,VIP,cherylnorton@example.com,cindy cole
james elliott,millerroy@example.com,2022-10-15,Berlin,,millerroy@example.com,james elliott
lorraine gibbs,aarongonzalez@example.com,2023-11-21,Paris,VIP,aarongonzalez@example.com,lorraine gibbs
jorge sharp,tylermcintosh@example.org,2021-01-07,Singapore,VIP,tylermcintosh@example.org,jorge sharp
cindy barnes,eric45@example.net,2022-10-20,Vancouver,C,eric45@example.net,cindy barnes
timothy garcia,schultzwesley@example.org,2019-02-17,Sydney,B,schultzwesley@example.org,timothy garcia
cory harris,christopheranderson@example.com,2019-09-10,Manchester,A,christopheranderson@example.com,cory harris
wanda clark,,2023-06-07,Paris,B,,wanda clark
victoria guerra,kara01@example.org,2023-04-11,Manchester,,kara01@example.org,victoria guerra
angela bradley,ibates@example.org,2020-10-30,Singapore,A,ibates@example.org,angela bradley
jeffrey smith,jamiegoodwin@example.org,2021-05-01,London,C,jamiegoodwin@example.org,jeffrey smith
nina bernard,karenshaw@example.org,2019-07-24,Chicago,C,karenshaw@example.org,nina bernard
pamela lewis,luke87@example.org,2019-10-15,Bangkok,C,luke87@example.org,pamela lewis
nathaniel brown,shannon09@example.org,2021-09-02,Vancouver,C,shannon09@example.org,nathaniel brown
natalie mullins,megangates@example.com,2022-09-16,Berlin,A,megangates@example.com,natalie mullins
gina vega,james01@example.com,2019-05-30,Singapore,B,james01@example.com,gina vega
samuel ortega,wpatrick@example.net,2024-06-10,Melbourne,VIP,wpatrick@example.net,samuel ortega
elizabeth ward,zowens@example.net,2020-10-02,Melbourne,,zowens@example.net,elizabeth ward
brian mullen,clarkmichael@example.com,2022-12-14,Singapore,B,clarkmichael@example.com,brian mullen
brittany brown,fjohnson@example.com,2024-04-18,Vancouver,B,fjohnson@example.com,brittany brown
connor walsh,cherryjulie@example.net,2023-10-12,Sydney,B,cherryjulie@example.net,connor walsh
angela willis,johnsoncaleb@example.net,2021-10-06,Vancouver,C,johnsoncaleb@example.net,angela willis
jessica miller,brooke28@example.net,2022-06-17,Manchester,A,brooke28@example.net,jessica miller
marcus rich,housedaniel@example.com,2019-02-15,Chicago,C,housedaniel@example.com,marcus rich
michelle garcia,jonesjessica@example.com,2021-07-24,Paris,A,jonesjessica@example.com,michelle garcia
erik james,collinsbrittany@example.org,2024-05-21,Bangkok,B,collinsbrittany@example.org,erik james
jesse guzman,byoung@example.com,2019-02-14,Toronto,B,byoung@example.com,jesse guzman
michael wells,tara92@example.net,2022-03-24,Paris,C,tara92@example.net,michael wells
patricia anderson,timothygonzalez@example.com,2021-01-08,London,C,timothygonzalez@example.com,patricia anderson
christine watson,barryyoung@example.com,2023-08-27,Chicago,B,barryyoung@example.com,christine watson
sharon king,zamorarose@example.net,2020-10-04,Melbourne,A,zamorarose@example.net,sharon king
bethany garcia,nguyendebra@example.com,2023-02-18,New York,B,nguyendebra@example.com,bethany garcia
mrs. shannon jacobson,xcrosby@example.org,2020-05-20,Bangkok,C,xcrosby@example.org,mrs. shannon jacobson
eric clark,kathrynroberts@example.org,2024-06-04,Berlin,B,kathrynroberts@example.org,eric clark
dillon travis,qmassey@example.org,2021-05-12,Vancouver,B,qmassey@example.org,dillon travis
brad allen,moorericky@example.net,2020-02-11,Melbourne,C,moorericky@example.net,brad allen
nicole hale,theodore57@example.net,2019-03-24,Vancouver,C,theodore57@example.net,nicole hale
matthew moss,brianmorrow@example.org,2019-08-17,Los Angeles,B,brianmorrow@example.org,matthew moss
matthew mitchell,glennmartin@example.org,2019-10-09,,B,glennmartin@example.org,matthew mitchell
samuel avila,franciscoreid@example.net,2023-07-01,New York,B,franciscoreid@example.net,samuel avila
eric carlson,denisebennett@example.net,2021-07-18,Bangkok,,denisebennett@example.net,eric carlson
richard johnston,buckjustin@example.com,2021-02-15,Chicago,C,buckjustin@example.com,richard johnston
susan black,haleylove@example.org,2020-01-27,Mumbai,C,haleylove@example.org,susan black
luke miller,pparker@example.net,2019-01-20,New York,C,pparker@example.net,luke miller
michael howard,manderson@example.com,2019-05-23,Paris,A,manderson@example.com,michael howard
robert mckay,chamilton@example.com,2024-02-04,Sydney,C,chamilton@example.com,robert mckay
meghan white,nmaxwell@example.org,2022-02-28,Vancouver,C,nmaxwell@example.org,meghan white
kimberly gibson,molly39@example.com,2020-11-28,Berlin,C,molly39@example.com,kimberly gibson
catherine kirk,pvang@example.net,2020-09-28,Sydney,A,pvang@example.net,catherine kirk
antonio small,goodmanalice@example.org,2024-01-16,Berlin,A,goodmanalice@example.org,antonio small
dustin noble,haydenroger@example.net,2019-11-12,Sydney,,haydenroger@example.net,dustin noble
ashley parrish,juliahoffman@example.org,2023-07-19,Bangkok,VIP,juliahoffman@example.org,ashley parrish
devin johnson,anthonycochran@example.com,2021-03-15,Singapore,VIP,anthonycochran@example.com,devin johnson
patricia alvarado,nzhang@example.net,2020-12-14,Los Angeles,A,nzhang@example.net,patricia alvarado
rodney carter,brownkevin@example.org,2023-02-13,Singapore,B,brownkevin@example.org,rodney carter
christine parker,kelly15@example.com,2020-05-31,Paris,A,kelly15@example.com,christine parker
amber campbell,amitchell@example.org,2022-06-04,Berlin,A,amitchell@example.org,amber campbell
monique duarte,freemantodd@example.net,2023-07-13,London,VIP,freemantodd@example.net,monique duarte
victoria frost,kimberlyrussell@example.net,2024-03-04,Chicago,A,kimberlyrussell@example.net,victoria frost
michael martinez,,2020-04-23,Melbourne,VIP,,michael martinez
eric rosales,ncruz@example.net,2023-11-22,Los Angeles,A,ncruz@example.net,eric rosales
leslie powers,david41@example.org,2019-08-27,Berlin,C,david41@example.org,leslie powers
jessica carey,,2019-06-07,Toronto,A,,jessica carey
amber bennett,sarahbrooks@example.org,2021-02-16,London,A,sarahbrooks@example.org,amber bennett
alicia gilmore,wwoods@example.com,2023-01-14,Los Angeles,C,wwoods@example.com,alicia gilmore
barbara lewis,marcus06@example.net,2023-10-18,Vancouver,VIP,marcus06@example.net,barbara lewis
laura jones,ddixon@example.com,2019-11-01,Munich,B,ddixon@example.com,laura jones
joseph moody,gallagherstacie@example.net,2023-06-22,Berlin,B,gallagherstacie@example.net,joseph moody
meredith black,rtaylor@example.net,2020-08-25,Chicago,,rtaylor@example.net,meredith black
thomas curry,bryan79@example.org,2020-01-04,Berlin,A,bryan79@example.org,thomas curry
mercedes jones,robertsgina@example.net,2020-06-09,London,A,robertsgina@example.net,mercedes jones
stephen jones,mcclainmelissa@example.net,2019-05-07,Paris,VIP,mcclainmelissa@example.net,stephen jones
chelsey white,anthonycherry@example.org,2022-10-05,Singapore,,anthonycherry@example.org,chelsey white
stephen thompson,mikemorgan@example.org,2022-11-27,Paris,A,mikemorgan@example.org,stephen thompson
tammy parsons,tluna@example.net,2022-08-06,Sydney,B,tluna@example.net,tammy parsons
robert burns,kelleycarlos@example.org,2023-06-14,Mumbai,,kelleycarlos@example.org,robert burns
beth kirk,davidkane@example.com,2022-03-27,Toronto,B,davidkane@example.com,beth kirk
michael burton,terrykevin@example.net,2024-02-22,Toronto,B,terrykevin@example.net,michael burton
joseph mendoza,chavezjohn@example.net,2020-03-28,London,B,chavezjohn@example.net,joseph mendoza
paula lane,silvageorge@example.net,2021-08-25,Mumbai,A,silvageorge@example.net,paula lane
katelyn kim,christophermay@example.com,2021-09-14,Mumbai,B,christophermay@example.com,katelyn kim
megan floyd,heather62@example.com,2019-06-16,New York,C,heather62@example.com,megan floyd
tyler mcdonald,davidsmith@example.net,2023-11-21,Bangkok,C,davidsmith@example.net,tyler mcdonald
mark cox,kimberly23@example.com,2021-11-07,Melbourne,C,kimberly23@example.com,mark cox
mary thompson,zimmermanjacqueline@example.org,2024-02-13,,A,zimmermanjacqueline@example.org,mary thompson
david hanson,timothytate@example.com,2022-09-26,Bangkok,VIP,timothytate@example.com,david hanson
sarah wallace,fsnyder@example.org,2019-10-09,Paris,,fsnyder@example.org,sarah wallace
mr. david rivas,samuel38@example.net,2021-09-29,New York,B,samuel38@example.net,mr. david rivas
sarah roberts,kevinmendez@example.org,2020-04-09,Toronto,,kevinmendez@example.org,sarah roberts
jessica ross,,2020-07-19,Sydney,A,,jessica ross
ernest oconnell,kelly79@example.org,2020-02-13,Sydney,VIP,kelly79@example.org,ernest oconnell
keith choi,jamesbass@example.net,2020-02-19,New York,C,jamesbass@example.net,keith choi
kenneth turner,rebeccajames@example.org,2019-03-08,New York,,rebeccajames@example.org,kenneth turner
robert taylor,makaylasanders@example.com,2021-06-29,Los Angeles,B,makaylasanders@example.com,robert taylor
jeffery snyder,gregorymitchell@example.net,2021-09-14,Chicago,A,gregorymitchell@example.net,jeffery snyder
makayla steele,tapiaaaron@example.net,2019-06-07,Bangkok,VIP,tapiaaaron@example.net,makayla steele
cassandra roberts,kathryn21@example.com,2022-11-21,Berlin,B,kathryn21@example.com,cassandra roberts
sarah ashley,vmedina@example.net,2022-02-09,Vancouver,,vmedina@example.net,sarah ashley
paul moss,coxmelissa@example.org,2024-04-18,,C,coxmelissa@example.org,paul moss
stacey cook,debbie78@example.net,2021-01-26,New York,,debbie78@example.net,stacey cook
blake sosa,waustin@example.net,2019-09-23,Los Angeles,B,waustin@example.net,blake sosa
jonathan collins,stephaniezamora@example.org,2019-09-27,Bangkok,B,stephaniezamora@example.org,jonathan collins
michelle chavez,brandi26@example.net,2022-03-15,Mumbai,,brandi26@example.net,michelle chavez
kimberly patel,johnreed@example.com,2021-07-10,Los Angeles,VIP,johnreed@example.com,kimberly patel
jacob campos,robert24@example.org,2023-06-13,New York,VIP,robert24@example.org,jacob campos
amanda hernandez,xrush@example.com,2020-12-16,Singapore,,xrush@example.com,amanda hernandez
nicole perez,matthew38@example.org,2022-06-30,Paris,A,matthew38@example.org,nicole perez
kathleen davis,pwagner@example.org,2019-12-06,Bangkok,A,pwagner@example.org,kathleen davis
catherine davis,amybrennan@example.net,2021-12-20,Bangkok,B,amybrennan@example.net,catherine davis
sheryl buck,dpeters@example.com,2024-01-22,Melbourne,VIP,dpeters@example.com,sheryl buck
mrs. stacey davis,sean43@example.org,2022-12-26,Singapore,B,sean43@example.org,mrs. stacey davis
angela wade,michelle10@example.org,2023-09-07,Melbourne,A,michelle10@example.org,angela wade
matthew diaz,woodskaitlyn@example.net,2020-05-17,Mumbai,VIP,woodskaitlyn@example.net,matthew diaz
tiffany peterson,sandra57@example.org,2023-12-08,Paris,B,sandra57@example.org,tiffany peterson
karen mendoza,brittanyholland@example.com,2021-04-02,Melbourne,VIP,brittanyholland@example.com,karen mendoza
suzanne johnson,stacey92@example.net,2021-05-16,Melbourne,,stacey92@example.net,suzanne johnson
amanda huff,eddie35@example.com,2021-06-01,Chicago,VIP,eddie35@example.com,amanda huff
anita richard,ryanmorales@example.org,2020-11-02,Munich,,ryanmorales@example.org,anita richard
rachel holland,riveraangela@example.com,2019-10-24,Mumbai,,riveraangela@example.com,rachel holland
anthony wong,cartercatherine@example.net,2023-01-06,Singapore,VIP,cartercatherine@example.net,anthony wong
dr. sharon james,xreid@example.org,2023-08-26,Vancouver,,xreid@example.org,dr. sharon james
shannon rivera,zroberts@example.net,2022-12-07,Paris,B,zroberts@example.net,shannon rivera
beth shaw,josephross@example.net,2019-06-18,Chicago,A,josephross@example.net,beth shaw
louis rogers,jmcfarland@example.com,2022-04-01,New York,C,jmcfarland@example.com,louis rogers
lisa dixon,melissabrown@example.net,2022-10-11,Manchester,B,melissabrown@example.net,lisa dixon
alexandra harper,paul34@example.com,2023-03-15,Melbourne,VIP,paul34@example.com,alexandra harper
sherry brewer,claire06@example.net,2024-03-16,Berlin,C,claire06@example.net,sherry brewer
luke reynolds,lbartlett@example.net,2023-07-27,Melbourne,C,lbartlett@example.net,luke reynolds
lisa haynes,grivas@example.net,2024-05-05,Berlin,B,grivas@example.net,lisa haynes
gary myers,robertsonshelby@example.com,2020-09-22,Berlin,C,robertsonshelby@example.com,gary myers
sandy bennett,jenniferwalls@example.com,2020-10-20,Mumbai,B,jenniferwalls@example.com,sandy bennett
kristen smith,john91@example.org,2020-08-07,Sydney,A,john91@example.org,kristen smith
david manning,clarkrandy@example.org,2020-06-24,Vancouver,,clarkrandy@example.org,david manning
richard kelly,champton@example.org,2020-02-11,Berlin,,champton@example.org,richard kelly
theresa reilly,adamrodgers@example.net,2019-11-10,Toronto,B,adamrodgers@example.net,theresa reilly
jessica martinez,kimberlydiaz@example.com,2019-12-11,Singapore,C,kimberlydiaz@example.com,jessica martinez
diane gilbert,jeremylopez@example.net,2022-05-05,Bangkok,VIP,jeremylopez@example.net,diane gilbert
tanya shannon,amanda21@example.com,2023-07-08,Los Angeles,A,amanda21@example.com,tanya shannon
paula johnson,bconrad@example.org,2019-10-23,Toronto,A,bconrad@example.org,paula johnson
nathan watkins,yprice@example.net,2022-11-22,Singapore,B,yprice@example.net,nathan watkins
judith maynard,lutzmelanie@example.com,2021-02-17,Munich,VIP,lutzmelanie@example.com,judith maynard
breanna jimenez,sullivanchristina@example.net,2024-02-18,Vancouver,,sullivanchristina@example.net,breanna jimenez
laura williams,nathan29@example.net,2019-07-25,Manchester,VIP,nathan29@example.net,laura williams
sarah wallace,gonzalessteven@example.com,2024-05-10,Singapore,A,gonzalessteven@example.com,sarah wallace
fernando smith,jason95@example.org,2021-02-08,Melbourne,A,jason95@example.org,fernando smith
james torres,nicholas97@example.org,2019-09-20,New York,,nicholas97@example.org,james torres
daniel francis,susan24@example.net,2021-09-08,Mumbai,VIP,susan24@example.net,daniel francis
craig hurst,swilson@example.com,2020-04-16,Paris,C,swilson@example.com,craig hurst
angel hawkins,cookjimmy@example.com,2021-03-13,London,,cookjimmy@example.com,angel hawkins
jennifer sampson,gbraun@example.org,2024-01-04,New York,B,gbraun@example.org,jennifer sampson
samuel olson,andres97@example.com,2023-01-25,Manchester,B,andres97@example.com,samuel olson
james martin,jenniferwilliams@example.com,2022-04-13,Sydney,A,jenniferwilliams@example.com,james martin
ralph vasquez,cpierce@example.org,2021-12-10,Sydney,A,cpierce@example.org,ralph vasquez
christina henry,jeremiah26@example.net,2021-02-08,Chicago,A,jeremiah26@example.net,christina henry
james miller,daniel15@example.org,2024-05-10,Vancouver,VIP,daniel15@example.org,james miller
richard simmons,oconnelldavid@example.org,2020-03-26,Chicago,A,oconnelldavid@example.org,richard simmons
brian brown,jenniferhorne@example.net,2021-05-23,Sydney,,jenniferhorne@example.net,brian brown
jasmine mosley,patrick21@example.net,2023-01-29,Melbourne,C,patrick21@example.net,jasmine mosley
catherine huang,lisa01@example.net,2021-07-04,Berlin,C,lisa01@example.net,catherine huang
mrs. alison wagner,richardsondebra@example.org,2021-03-11,London,B,richardsondebra@example.org,mrs. alison wagner
samuel roberts,ashleynash@example.org,2023-05-23,Toronto,C,ashleynash@example.org,samuel roberts
david davis,keyemily@example.com,2020-10-22,Vancouver,,keyemily@example.com,david davis
bruce harris,eric47@example.net,2019-03-11,Toronto,,eric47@example.net,bruce harris
sarah davis,jasonrodriguez@example.com,2024-02-01,Singapore,B,jasonrodriguez@example.com,sarah davis
mark dennis,clarkdavid@example.net,2023-04-25,Paris,VIP,clarkdavid@example.net,mark dennis
jennifer pena,charlesharrington@example.com,2023-10-28,Vancouver,A,charlesharrington@example.com,jennifer pena
johnny jenkins,mary05@example.net,2023-01-31,Munich,A,mary05@example.net,johnny jenkins
clinton jensen,james29@example.org,2019-12-04,Sydney,A,james29@example.org,clinton jensen
katherine christensen md,osmith@example.net,2020-09-26,Los Angeles,C,osmith@example.net,katherine christensen md
brian soto,williamstanya@example.net,2020-01-29,Melbourne,B,williamstanya@example.net,brian soto
tammy mendoza,hannah27@example.net,2019-06-29,Chicago,B,hannah27@example.net,tammy mendoza
susan torres,wrobbins@example.org,2021-11-23,London,,wrobbins@example.org,susan torres
julian ponce,kentprice@example.org,2020-05-26,Manchester,A,kentprice@example.org,julian ponce
thomas williams,kchaney@example.net,2019-10-12,Bangkok,,kchaney@example.net,thomas williams
wanda jefferson,johnathandavis@example.com,2024-06-25,Paris,C,johnathandavis@example.com,wanda jefferson
jonathon hill,mannleroy@example.org,2022-10-21,Los Angeles,A,mannleroy@example.org,jonathon hill
megan rivera,ithomas@example.net,2020-09-17,Melbourne,C,ithomas@example.net,megan rivera
daniel thompson,lisaalvarez@example.net,2021-03-22,Chicago,A,lisaalvarez@example.net,daniel thompson
susan garcia,shafferdale@example.net,2022-03-13,Bangkok,B,shafferdale@example.net,susan garcia
thomas bailey,peter64@example.com,2024-02-07,Mumbai,VIP,peter64@example.com,thomas bailey
susan zimmerman,abbottchristopher@example.net,2021-09-24,,A,abbottchristopher@example.net,susan zimmerman
william patterson,nicoleturner@example.com,2020-09-07,Toronto,C,nicoleturner@example.com,william patterson
rita forbes,russomary@example.com,2020-03-07,Melbourne,A,russomary@example.com,rita forbes
brendan meyer,watkinsthomas@example.net,2021-02-07,Toronto,VIP,watkinsthomas@example.net,brendan meyer
michael phillips,brittany29@example.com,2021-05-22,Berlin,C,brittany29@example.com,michael phillips
gabrielle davis,howardmaurice@example.com,2022-11-30,Chicago,,howardmaurice@example.com,gabrielle davis
susan cox,rodriguezmichael@example.net,2022-03-26,Sydney,B,rodriguezmichael@example.net,susan cox
anthony brown,cookconnor@example.com,2021-08-02,Berlin,A,cookconnor@example.com,anthony brown
connor west,dwhite@example.org,2020-11-23,Los Angeles,C,dwhite@example.org,connor west
laura lewis,oadams@example.net,2024-07-01,Melbourne,,oadams@example.net,laura lewis
robert wilson,amber40@example.net,2023-02-08,Chicago,B,amber40@example.net,robert wilson
heather morales,jenniferwilson@example.com,2024-05-07,London,VIP,jenniferwilson@example.com,heather morales
william barnett,eadams@example.org,2021-06-04,,,eadams@example.org,william barnett
patrick snyder,lindseyroberts@example.org,2022-12-30,Toronto,A,lindseyroberts@example.org,patrick snyder
sarah pittman,kellyruiz@example.net,2023-11-26,Singapore,VIP,kellyruiz@example.net,sarah pittman
sonya wilcox,miranda13@example.org,2020-10-15,Manchester,A,miranda13@example.org,sonya wilcox
brandon cruz,ronaldmitchell@example.com,2019-12-17,Los Angeles,VIP,ronaldmitchell@example.com,brandon cruz
gregory holmes phd,gary24@example.net,2019-02-04,New York,,gary24@example.net,gregory holmes phd
leslie todd,jessica96@example.com,2022-09-02,Manchester,B,jessica96@example.com,leslie todd
matthew crawford,peterlove@example.net,2021-05-18,Bangkok,C,peterlove@example.net,matthew crawford
jeffery jordan,tyler31@example.net,2019-11-05,Melbourne,VIP,tyler31@example.net,jeffery jordan
mrs. kimberly cannon,nfleming@example.net,2021-03-21,Singapore,A,nfleming@example.net,mrs. kimberly cannon
adam daniels,lawsonpaul@example.org,2024-05-08,Chicago,,lawsonpaul@example.org,adam daniels
veronica silva,carlsonjoseph@example.net,2019-07-22,Bangkok,VIP,carlsonjoseph@example.net,veronica silva
wayne porter,stevenhernandez@example.com,2020-09-26,Toronto,A,stevenhernandez@example.com,wayne porter
jason beck,millsmichael@example.net,2023-11-17,Chicago,VIP,millsmichael@example.net,jason beck
brad beard,jeremy70@example.net,2022-10-22,New York,,jeremy70@example.net,brad beard
jeremy turner,brittany58@example.org,2020-03-20,London,A,brittany58@example.org,jeremy turner
andrew smith,jameshudson@example.com,2022-04-13,Mumbai,B,jameshudson@example.com,andrew smith
jeremy martinez,hphillips@example.net,2023-07-07,Mumbai,VIP,hphillips@example.net,jeremy martinez
erin carter,laurenboyd@example.com,2023-04-04,Berlin,C,laurenboyd@example.com,erin carter
nicholas beard,christopher88@example.org,2021-06-09,Los Angeles,VIP,christopher88@example.org,nicholas beard
jeffery snyder,gregorymitchell@example.net,2021-08-18,Chicago,B,gregorymitchell@example.net,jeffery snyder
carl stein,david70@example.org,2019-06-07,Singapore,A,david70@example.org,carl stein
lisa martinez,kthompson@example.org,2021-07-25,Singapore,A,kthompson@example.org,lisa martinez
linda bautista,daniellegonzales@example.org,2023-07-08,New York,A,daniellegonzales@example.org,linda bautista
john brown,xprice@example.net,2021-06-02,London,C,xprice@example.net,john brown
amy james,william32@example.net,2021-11-01,Mumbai,B,william32@example.net,amy james
karen perez,crosscurtis@example.com,2023-04-09,Singapore,B,crosscurtis@example.com,karen perez
allison hubbard,nicolehenry@example.net,2020-11-07,Manchester,C,nicolehenry@example.net,allison hubbard
rebekah greene,erin07@example.com,2022-10-24,Munich,,erin07@example.com,rebekah greene
tamara brown,jeremy75@example.org,2019-10-18,London,,jeremy75@example.org,tamara brown
miss brianna brown,james80@example.com,2020-10-20,Munich,VIP,james80@example.com,miss brianna brown
karen avery,wlucas@example.net,2019-02-05,Manchester,C,wlucas@example.net,karen avery
shawn lozano,arobinson@example.net,2019-11-26,Bangkok,VIP,arobinson@example.net,shawn lozano
alexandra hodge,robertsonjennifer@example.com,2019-01-15,Berlin,VIP,robertsonjennifer@example.com,alexandra hodge
adrian lee,lori69@example.net,2019-01-22,Mumbai,A,lori69@example.net,adrian lee
stanley taylor,gregory07@example.net,2020-11-08,Berlin,VIP,gregory07@example.net,stanley taylor
rachel hill,jamesparker@example.net,2024-02-17,Singapore,C,jamesparker@example.net,rachel hill
tyler brown,joysanders@example.net,2020-09-13,Berlin,A,joysanders@example.net,tyler brown
danielle phillips,eandrade@example.org,2023-10-27,Mumbai,VIP,eandrade@example.org,danielle phillips
carla hoover,jenniferrodriguez@example.org,2023-07-19,Melbourne,B,jenniferrodriguez@example.org,carla hoover
samuel suarez,thompsonnancy@example.org,2021-07-14,Manchester,,thompsonnancy@example.org,samuel suarez
jennifer nelson,adamarmstrong@example.net,2020-11-22,Los Angeles,C,adamarmstrong@example.net,jennifer nelson
larry carter,holmesdiane@example.org,2020-11-18,Sydney,,holmesdiane@example.org,larry carter
sandra jones,ichambers@example.net,2021-03-24,Mumbai,B,ichambers@example.net,sandra jones
danielle murphy,patriciavargas@example.org,2019-03-06,Mumbai,C,patriciavargas@example.org,danielle murphy
elizabeth cain,samantha73@example.org,2021-03-31,Sydney,VIP,samantha73@example.org,elizabeth cain
lori johns,raymondstacy@example.org,2020-03-26,Munich,B,raymondstacy@example.org,lori johns
robert jackson,iwhite@example.net,2020-06-25,Bangkok,,iwhite@example.net,robert jackson
george le,zwilson@example.net,2020-07-11,,VIP,zwilson@example.net,george le
miss patricia davidson,edwardstewart@example.org,2023-07-14,Singapore,VIP,edwardstewart@example.org,miss patricia davidson
kenneth dominguez,vhoward@example.org,2020-02-12,Chicago,B,vhoward@example.org,kenneth dominguez
james jefferson,zbanks@example.org,2020-04-02,Chicago,A,zbanks@example.org,james jefferson
thomas zhang,middletonelizabeth@example.org,2020-09-04,Manchester,A,middletonelizabeth@example.org,thomas zhang
mary hopkins md,,2022-11-29,Munich,,,mary hopkins md
matthew greene,collinclark@example.net,2020-05-03,Los Angeles,,collinclark@example.net,matthew greene
christopher johnson,patrick11@example.org,2021-04-23,Berlin,A,patrick11@example.org,christopher johnson
kendra peterson,lindsay25@example.net,2023-08-26,Melbourne,B,lindsay25@example.net,kendra peterson
isaac payne,james54@example.com,2021-04-28,Vancouver,VIP,james54@example.com,isaac payne
sarah mcfarland,hbrown@example.org,2024-03-16,Chicago,VIP,hbrown@example.org,sarah mcfarland
ronald patel,thomas05@example.com,2021-02-04,Munich,VIP,thomas05@example.com,ronald patel
elizabeth collins,shaffercindy@example.org,2022-10-19,New York,B,shaffercindy@example.org,elizabeth collins
patricia parker,schneiderchristopher@example.net,2019-12-11,Manchester,A,schneiderchristopher@example.net,patricia parker
andrew acosta,robinsonrose@example.org,2023-06-15,Melbourne,C,robinsonrose@example.org,andrew acosta
kathy murray,jcontreras@example.net,2021-05-22,Toronto,,jcontreras@example.net,kathy murray
mark brown,mjones@example.org,2023-07-16,London,,mjones@example.org,mark brown
michelle ho,laurahicks@example.org,2021-02-09,New York,C,laurahicks@example.org,michelle ho
linda thompson,ushelton@example.net,2021-02-26,Berlin,,ushelton@example.net,linda thompson
austin jones,mccannkimberly@example.net,2020-10-10,Mumbai,VIP,mccannkimberly@example.net,austin jones
jennifer gutierrez,amydickson@example.com,2022-04-08,Bangkok,A,amydickson@example.com,jennifer gutierrez
vanessa moore,mwoods@example.com,2020-08-23,New York,B,mwoods@example.com,vanessa moore
rachael howard dds,kcooper@example.net,2022-07-20,Melbourne,B,kcooper@example.net,rachael howard dds
joseph watson,,2023-07-21,Vancouver,B,,joseph watson
dr. jared lee iii,barbaraolsen@example.net,2022-10-18,Sydney,C,barbaraolsen@example.net,dr. jared lee iii
anthony velasquez,janet65@example.com,2023-09-28,Paris,,janet65@example.com,anthony velasquez
douglas hartman,daniel93@example.net,2022-03-21,Sydney,VIP,daniel93@example.net,douglas hartman
daniel shaw,daniel32@example.com,2022-05-22,London,C,daniel32@example.com,daniel shaw
patricia harvey,garrettbeth@example.org,2022-01-10,Toronto,B,garrettbeth@example.org,patricia harvey
rebecca french,olivermatthew@example.org,2022-07-04,Paris,A,olivermatthew@example.org,rebecca french
tanya foster,pfowler@example.org,2019-08-16,Chicago,C,pfowler@example.org,tanya foster
adriana davenport,gpeterson@example.org,2019-09-24,Paris,,gpeterson@example.org,adriana davenport
charlotte sandoval,njohnson@example.org,2020-03-28,Paris,VIP,njohnson@example.org,charlotte sandoval
seth barker,taylordavis@example.com,2019-10-17,Los Angeles,A,taylordavis@example.com,seth barker
lisa jackson,mitchell21@example.net,2023-08-04,Chicago,A,mitchell21@example.net,lisa jackson
heidi blankenship,talvarez@example.org,2022-02-13,Paris,A,talvarez@example.org,heidi blankenship
alexander johnson,jjohnson@example.com,2024-04-26,,VIP,jjohnson@example.com,alexander johnson
heather thomas,sylviaprice@example.com,2020-12-27,Bangkok,B,sylviaprice@example.com,heather thomas
melissa russell,davidphillips@example.net,2024-03-16,Berlin,,davidphillips@example.net,melissa russell
joshua brooks,michael77@example.com,2023-02-23,Sydney,C,michael77@example.com,joshua brooks
phillip lewis,roberthamilton@example.net,2020-05-30,New York,C,roberthamilton@example.net,phillip lewis
william hoffman,uvasquez@example.org,2019-07-19,Munich,A,uvasquez@example.org,william hoffman
valerie barnes,jennifer55@example.org,2023-04-24,Munich,B,jennifer55@example.org,valerie barnes
lisa williams,sydney77@example.com,2020-04-20,Los Angeles,,sydney77@example.com,lisa williams
william morgan,bmartinez@example.net,2020-05-18,Bangkok,C,bmartinez@example.net,william morgan
jordan wilson,rhuff@example.com,2021-02-22,Bangkok,VIP,rhuff@example.com,jordan wilson
angela lee,gonzalespatricia@example.net,2022-08-15,,A,gonzalespatricia@example.net,angela lee
dalton soto,wanda35@example.net,2021-08-14,Melbourne,B,wanda35@example.net,dalton soto
lisa rodriguez,webbhaley@example.net,2019-11-26,Paris,,webbhaley@example.net,lisa rodriguez
phillip dixon,kwalker@example.org,2023-03-31,,A,kwalker@example.org,phillip dixon
joshua clements,langchristopher@example.net,2022-08-29,Toronto,VIP,langchristopher@example.net,joshua clements
michael robinson,scottcain@example.org,2022-03-28,Mumbai,B,scottcain@example.org,michael robinson
abigail case,schmittmichael@example.org,2021-03-28,Paris,C,schmittmichael@example.org,abigail case
miss kathryn myers,sherryknight@example.org,2021-09-10,Berlin,A,sherryknight@example.org,miss kathryn myers
teresa russell,branchthomas@example.com,2022-07-23,Chicago,C,branchthomas@example.com,teresa russell
katherine browning,lammarc@example.org,2022-06-18,New York,VIP,lammarc@example.org,katherine browning
caitlin smith,rrogers@example.com,2022-07-10,Toronto,B,rrogers@example.com,caitlin smith
mr. thomas thompson,jessicaanderson@example.com,2020-06-14,Paris,A,jessicaanderson@example.com,mr. thomas thompson
andrea goodman,ecamacho@example.com,2022-11-26,New York,C,ecamacho@example.com,andrea goodman
ryan gonzalez,ywright@example.net,2021-03-27,Manchester,,ywright@example.net,ryan gonzalez
paul diaz,,2020-04-04,Toronto,,,paul diaz
zachary brooks,florescory@example.net,2024-04-11,Sydney,,florescory@example.net,zachary brooks
michael thompson,ocampbell@example.com,2023-04-16,Chicago,C,ocampbell@example.com,michael thompson
john russell,robertchase@example.net,2022-03-18,London,,robertchase@example.net,john russell
stephanie freeman,,2019-12-23,Bangkok,A,,stephanie freeman
anthony nash,mercedesholland@example.net,2020-11-18,Vancouver,A,mercedesholland@example.net,anthony nash
christopher mason,michaelmccarthy@example.com,2019-01-25,London,B,michaelmccarthy@example.com,christopher mason
stacy church,qwalsh@example.org,2022-12-30,London,VIP,qwalsh@example.org,stacy church
christina williams,rjimenez@example.com,2023-12-19,Toronto,,rjimenez@example.com,christina williams
travis wise,debra96@example.net,2024-07-11,Vancouver,,debra96@example.net,travis wise
mary riley,hbaker@example.org,2021-06-01,Berlin,A,hbaker@example.org,mary riley
brian moore,ijones@example.com,2021-12-13,Mumbai,,ijones@example.com,brian moore
darren pham,dhardin@example.net,2022-08-01,Los Angeles,C,dhardin@example.net,darren pham
kayla fisher,brent67@example.net,2019-10-17,Chicago,A,brent67@example.net,kayla fisher
michael wilson,brucefrancisco@example.org,2021-01-07,Sydney,VIP,brucefrancisco@example.org,michael wilson
curtis krause,heidi41@example.com,2019-10-27,Bangkok,VIP,heidi41@example.com,curtis krause
sonya simmons,veronica30@example.org,2022-08-16,London,A,veronica30@example.org,sonya simmons
michael cooper,katrinaanderson@example.net,2022-08-16,Munich,C,katrinaanderson@example.net,michael cooper
kimberly irwin,sharphailey@example.net,2019-10-10,Mumbai,VIP,sharphailey@example.net,kimberly irwin
elizabeth hunter,katie15@example.com,2021-07-17,Bangkok,VIP,katie15@example.com,elizabeth hunter
troy fowler,,2021-12-09,Sydney,B,,troy fowler
joseph graham,sara76@example.net,2020-08-05,Singapore,,sara76@example.net,joseph graham
alicia wagner,longgary@example.com,2019-04-28,Sydney,B,longgary@example.com,alicia wagner
william walker dvm,michael95@example.org,2023-12-07,Melbourne,VIP,michael95@example.org,william walker dvm
jerry boyd,ashleygarcia@example.org,2021-03-06,Melbourne,VIP,ashleygarcia@example.org,jerry boyd
briana wiggins,jamiejohnson@example.com,2020-06-19,Vancouver,C,jamiejohnson@example.com,briana wiggins
michelle munoz,chiggins@example.com,2023-01-23,Melbourne,B,chiggins@example.com,michelle munoz
michele hawkins,millertristan@example.com,2020-07-06,Bangkok,C,millertristan@example.com,michele hawkins
gary choi,parkerkatie@example.com,2021-05-06,Toronto,B,parkerkatie@example.com,gary choi
jason velazquez,jacksonjoshua@example.org,2019-09-22,Berlin,C,jacksonjoshua@example.org,jason velazquez
melissa carroll,nunezgary@example.net,2020-04-04,Berlin,,nunezgary@example.net,melissa carroll
amanda taylor,dorothy87@example.org,2019-11-10,Manchester,C,dorothy87@example.org,amanda taylor
sherry adams,georgeharris@example.net,2020-04-23,Berlin,A,georgeharris@example.net,sherry adams
jonathan delgado,fitzpatrickelizabeth@example.com,2021-12-29,Sydney,VIP,fitzpatrickelizabeth@example.com,jonathan delgado
adam howe,,2019-09-08,Munich,A,,adam howe
ashley osborne,phillipmorris@example.org,2023-05-01,Bangkok,A,phillipmorris@example.org,ashley osborne
mark munoz,lisawalker@example.com,2020-05-17,New York,,lisawalker@example.com,mark munoz
william gould,kylemartinez@example.net,2020-10-25,Vancouver,VIP,kylemartinez@example.net,william gould
lynn yang,eroberts@example.net,2019-09-16,Singapore,,eroberts@example.net,lynn yang
hailey beltran,joshuabowers@example.com,2019-09-16,Los Angeles,B,joshuabowers@example.com,hailey beltran
sara preston,,2022-02-24,Singapore,A,,sara preston
steven hicks,emartin@example.com,2019-05-20,Chicago,,emartin@example.com,steven hicks
martin newton,ecohen@example.com,2022-08-09,New York,B,ecohen@example.com,martin newton
juan phillips,zgraham@example.org,2021-01-25,Vancouver,B,zgraham@example.org,juan phillips
claudia rodriguez,taragonzales@example.com,2021-04-27,Mumbai,C,taragonzales@example.com,claudia rodriguez
pamela thompson,lmoon@example.net,2021-08-09,Singapore,C,lmoon@example.net,pamela thompson
brent smith,markfigueroa@example.com,2019-05-11,Munich,,markfigueroa@example.com,brent smith
hannah thompson,wwatson@example.com,2019-07-16,Chicago,B,wwatson@example.com,hannah thompson
oscar todd,brownnicholas@example.com,2021-11-13,Berlin,VIP,brownnicholas@example.com,oscar todd
kevin werner,rodriguezchristina@example.net,2020-03-19,Singapore,C,rodriguezchristina@example.net,kevin werner
william becker,andersoncolin@example.com,2020-02-13,Mumbai,,andersoncolin@example.com,william becker
gavin zhang,,2020-05-04,Melbourne,C,,gavin zhang
shari parker,russellstout@example.org,2024-01-25,Melbourne,A,russellstout@example.org,shari parker
jesus flores,corythompson@example.org,2024-03-09,Bangkok,A,corythompson@example.org,jesus flores
corey thomas,jensenchristopher@example.org,2021-07-09,Mumbai,,jensenchristopher@example.org,corey thomas
nicole moore,zamoraamber@example.com,2019-05-24,Singapore,VIP,zamoraamber@example.com,nicole moore
cindy thomas,danielsshaun@example.net,2020-06-14,Munich,C,danielsshaun@example.net,cindy thomas
travis vega,victorgonzalez@example.net,2020-11-12,Berlin,VIP,victorgonzalez@example.net,travis vega
adrian gibbs,leroy57@example.com,2019-07-15,Bangkok,VIP,leroy57@example.com,adrian gibbs
scott pacheco,collinsterrance@example.com,2021-01-03,Singapore,C,collinsterrance@example.com,scott pacheco
david johnson,alexandernicholas@example.net,2019-02-13,Toronto,,alexandernicholas@example.net,david johnson
patricia becker,courtneyberger@example.net,2020-10-19,London,C,courtneyberger@example.net,patricia becker
kim goodwin,olsondavid@example.net,2022-12-14,London,A,olsondavid@example.net,kim goodwin
andrew chavez,duncanandre@example.net,2019-03-02,Berlin,,duncanandre@example.net,andrew chavez
cody walker,charles37@example.org,2021-05-02,Chicago,C,charles37@example.org,cody walker
stephanie malone,,2021-08-25,Singapore,C,,stephanie malone
dorothy bowman,sara40@example.net,2023-06-25,Berlin,B,sara40@example.net,dorothy bowman
jason payne,petersonfaith@example.net,2023-06-10,Munich,VIP,petersonfaith@example.net,jason payne
steven sandoval,blairabigail@example.net,2019-10-23,Sydney,B,blairabigail@example.net,steven sandoval
sandra dawson,fcastro@example.net,2024-03-05,Toronto,,fcastro@example.net,sandra dawson
gina barnes,sfarmer@example.net,2023-08-03,Melbourne,VIP,sfarmer@example.net,gina barnes
jacqueline munoz,vford@example.net,2021-08-17,Singapore,VIP,vford@example.net,jacqueline munoz
megan davis dds,phill@example.com,2023-05-21,Mumbai,VIP,phill@example.com,megan davis dds
robert byrd,iwoods@example.com,2022-09-12,Melbourne,,iwoods@example.com,robert byrd
lisa beard,tracifoster@example.org,2023-08-02,Singapore,A,tracifoster@example.org,lisa beard
andrew mitchell,holmesvictoria@example.com,2023-05-26,Munich,A,holmesvictoria@example.com,andrew mitchell
dawn hall,hensleyvalerie@example.net,2022-07-06,Sydney,A,hensleyvalerie@example.net,dawn hall
bianca velazquez,cheryl98@example.net,2024-06-16,Singapore,B,cheryl98@example.net,bianca velazquez
matthew fox,sue78@example.com,2019-02-03,Munich,VIP,sue78@example.com,matthew fox
maria fischer,kimberlybrandt@example.com,2021-03-06,Singapore,VIP,kimberlybrandt@example.com,maria fischer
lisa alvarado,cortezkevin@example.com,2022-11-16,Bangkok,VIP,cortezkevin@example.com,lisa alvarado
stacey snyder,ybell@example.org,2020-04-19,Berlin,C,ybell@example.org,stacey snyder
carlos hensley,audrey47@example.org,2022-07-18,Paris,A,audrey47@example.org,carlos hensley
christopher bradley,wilsonmatthew@example.com,2023-09-18,Singapore,C,wilsonmatthew@example.com,christopher bradley
emily reyes,scottbaker@example.org,2019-10-22,Los Angeles,A,scottbaker@example.org,emily reyes
pamela smith,jasonmoran@example.com,2021-08-17,Berlin,A,jasonmoran@example.com,pamela smith
joseph jennings,jeffrey44@example.org,2023-03-12,London,C,jeffrey44@example.org,joseph jennings
brandon jordan,fgarcia@example.com,2022-03-20,Los Angeles,A,fgarcia@example.com,brandon jordan
patricia johnson,enelson@example.com,2022-11-30,Mumbai,C,enelson@example.com,patricia johnson
brian simmons,jose86@example.net,2024-02-10,Berlin,B,jose86@example.net,brian simmons
david hayes dvm,aliciathompson@example.com,2023-10-26,Bangkok,A,aliciathompson@example.com,david hayes dvm
jorge bates,anna99@example.com,2019-07-11,Vancouver,B,anna99@example.com,jorge bates
patricia peterson,ryan70@example.net,2021-05-27,Paris,B,ryan70@example.net,patricia peterson
sonia reyes,morgandana@example.com,2021-02-25,Manchester,,morgandana@example.com,sonia reyes
sarah archer,marygomez@example.com,2021-03-10,Munich,VIP,marygomez@example.com,sarah archer
jacqueline villegas,carpenterwilliam@example.net,2023-09-14,Toronto,VIP,carpenterwilliam@example.net,jacqueline villegas
debbie king,ucarr@example.org,2019-02-01,Paris,A,ucarr@example.org,debbie king
kelli shepard,qbutler@example.net,2023-12-24,Singapore,VIP,qbutler@example.net,kelli shepard
brian moore,christopherjackson@example.net,2023-12-15,Paris,B,christopherjackson@example.net,brian moore
tammy cook,hbutler@example.org,2022-04-11,Chicago,VIP,hbutler@example.org,tammy cook
olivia rodriguez,stephen39@example.com,2020-06-14,Melbourne,C,stephen39@example.com,olivia rodriguez
jeanne jones,byrderic@example.com,2021-12-19,New York,C,byrderic@example.com,jeanne jones
brett walker,seanmyers@example.net,2020-03-05,Singapore,A,seanmyers@example.net,brett walker
miss megan compton,martinreid@example.net,2020-11-24,Toronto,A,martinreid@example.net,miss megan compton
sonya wilcox,miranda13@example.org,2020-09-19,Manchester,C,miranda13@example.org,sonya wilcox
cathy mcdonald,mcox@example.net,2019-12-03,Vancouver,A,mcox@example.net,cathy mcdonald
tyler white,tina63@example.net,2022-05-23,Mumbai,,tina63@example.net,tyler white
megan terry,josegibson@example.net,2021-09-27,Singapore,C,josegibson@example.net,megan terry
james miller phd,ryanpatricia@example.net,2023-06-05,Chicago,,ryanpatricia@example.net,james miller phd
caroline edwards,jenniferdavidson@example.com,2023-09-25,Berlin,C,jenniferdavidson@example.com,caroline edwards
melissa morris,hodgesanna@example.net,2021-04-23,Berlin,B,hodgesanna@example.net,melissa morris
richard adams,campbellkenneth@example.net,2019-09-17,Munich,B,campbellkenneth@example.net,richard adams
daniel edwards,shelby69@example.org,2024-04-07,Manchester,B,shelby69@example.org,daniel edwards
kathleen jimenez,laurie61@example.com,2020-12-26,Singapore,B,laurie61@example.com,kathleen jimenez
tricia valencia,frazierdanny@example.net,2019-10-20,Berlin,C,frazierdanny@example.net,tricia valencia
kenneth farley,taylorkaren@example.com,2019-05-18,Toronto,C,taylorkaren@example.com,kenneth farley
linda patrick,wernermichael@example.org,2022-12-27,Vancouver,VIP,wernermichael@example.org,linda patrick
douglas watkins,freemanadam@example.com,2021-07-01,Chicago,C,freemanadam@example.com,douglas watkins
mike maxwell,lcook@example.com,2020-09-09,Bangkok,VIP,lcook@example.com,mike maxwell
clifford cannon,hernandezalan@example.net,2023-10-12,Munich,C,hernandezalan@example.net,clifford cannon
mary rogers,lrosales@example.com,2020-03-14,Melbourne,B,lrosales@example.com,mary rogers
robin torres,mezarichard@example.com,2020-06-06,Manchester,A,mezarichard@example.com,robin torres
katherine frost,xwaller@example.com,2022-09-16,New York,B,xwaller@example.com,katherine frost
deanna kennedy,kathryn72@example.org,2021-11-07,Berlin,,kathryn72@example.org,deanna kennedy
brian christensen,mandypetty@example.com,2022-06-03,Melbourne,C,mandypetty@example.com,brian christensen
michelle ray,kendraharris@example.org,2021-12-07,Manchester,,kendraharris@example.org,michelle ray
sara moore,james10@example.com,2022-05-13,Singapore,A,james10@example.com,sara moore
crystal robinson,zimmermanbrian@example.org,2021-01-13,Bangkok,,zimmermanbrian@example.org,crystal robinson
rachel martinez,tammymerritt@example.org,2020-04-25,Bangkok,C,tammymerritt@example.org,rachel martinez
heather snyder,asteele@example.net,2022-06-05,Mumbai,C,asteele@example.net,heather snyder
stephanie armstrong,petersonfrank@example.org,2022-12-18,Vancouver,,petersonfrank@example.org,stephanie armstrong
jenna watson,fletcherjanet@example.org,2019-05-10,Sydney,VIP,fletcherjanet@example.org,jenna watson
tara miranda,schneidernicholas@example.net,2024-06-03,Sydney,B,schneidernicholas@example.net,tara miranda
heather page,imartin@example.org,2019-11-14,London,B,imartin@example.org,heather page
john bennett,wmccarthy@example.org,2023-06-15,New York,,wmccarthy@example.org,john bennett
diane martinez,oacosta@example.org,2023-10-11,Berlin,A,oacosta@example.org,diane martinez
michelle butler,welchjennifer@example.net,2023-11-18,Manchester,C,welchjennifer@example.net,michelle butler
jamie johnson,swatson@example.org,2021-09-19,Chicago,VIP,swatson@example.org,jamie johnson
kevin miles,hamiltonspencer@example.com,2023-03-02,Berlin,VIP,hamiltonspencer@example.com,kevin miles
dillon jones,derekcarrillo@example.org,2022-06-20,Singapore,B,derekcarrillo@example.org,dillon jones
hector anderson,vgarcia@example.com,2024-02-21,Toronto,VIP,vgarcia@example.com,hector anderson
hannah martin,savannahgrant@example.com,2023-09-08,Chicago,B,savannahgrant@example.com,hannah martin
zachary miller,mendezlori@example.org,2021-08-22,Los Angeles,VIP,mendezlori@example.org,zachary miller
katherine wells,johnsonanthony@example.net,2020-12-25,Chicago,A,johnsonanthony@example.net,katherine wells
kim martinez,karroyo@example.com,2023-11-29,Melbourne,,karroyo@example.com,kim martinez
kimberly matthews,nicolepena@example.com,2023-12-06,Melbourne,VIP,nicolepena@example.com,kimberly matthews
derrick johnson,karla66@example.net,2023-08-19,Berlin,,karla66@example.net,derrick johnson
daniel green,matthewspencer@example.org,2019-09-06,Vancouver,VIP,matthewspencer@example.org,daniel green
anthony dougherty,kwright@example.com,2023-02-21,Mumbai,A,kwright@example.com,anthony dougherty
ashley sweeney,byrdfrank@example.net,2019-05-08,Toronto,A,byrdfrank@example.net,ashley sweeney
elizabeth martinez,whernandez@example.net,2023-07-24,London,B,whernandez@example.net,elizabeth martinez
sonya miranda,ashley14@example.org,2024-06-01,Los Angeles,A,ashley14@example.org,sonya miranda
ashley holder,martinsarah@example.com,2021-06-19,Vancouver,C,martinsarah@example.com,ashley holder
crystal nguyen,michael40@example.org,2023-01-01,Melbourne,,michael40@example.org,crystal nguyen
james rodriguez,alexandrablankenship@example.net,2021-11-03,Melbourne,,alexandrablankenship@example.net,james rodriguez
mr. george booker dds,browndeanna@example.net,2022-01-26,Vancouver,,browndeanna@example.net,mr. george booker dds
carolyn bradley,higginsryan@example.com,2022-01-12,London,VIP,higginsryan@example.com,carolyn bradley
jeremy evans,larsonmichael@example.org,2020-01-14,Berlin,,larsonmichael@example.org,jeremy evans
alexandra johnson,rachel51@example.org,2021-06-16,New York,VIP,rachel51@example.org,alexandra johnson
allison love,millerbrian@example.com,2024-04-02,Los Angeles,A,millerbrian@example.com,allison love
nicholas brooks,oobrien@example.net,2022-02-22,Manchester,VIP,oobrien@example.net,nicholas brooks
alfred leonard,taylormichael@example.net,2023-11-04,Melbourne,,taylormichael@example.net,alfred leonard
connie hamilton,dalton78@example.net,2022-02-13,Los Angeles,A,dalton78@example.net,connie hamilton
natasha hill,lpreston@example.net,2020-07-30,Berlin,VIP,lpreston@example.net,natasha hill
amy james,william32@example.net,2021-12-05,Mumbai,,william32@example.net,amy james
randy cannon,ybrooks@example.com,2019-02-23,Berlin,B,ybrooks@example.com,randy cannon
jessica glass,jamesbrooks@example.net,2023-08-11,Munich,B,jamesbrooks@example.net,jessica glass
kelly combs,landryelizabeth@example.org,2020-02-03,Munich,C,landryelizabeth@example.org,kelly combs
katherine williams,heather77@example.net,2023-06-16,Chicago,VIP,heather77@example.net,katherine williams
samantha davis,darleneharper@example.org,2023-04-12,Munich,C,darleneharper@example.org,samantha davis
teresa watkins,harringtonpeter@example.net,2022-01-21,New York,B,harringtonpeter@example.net,teresa watkins
lisa mcknight,jonessamantha@example.com,2023-10-01,Toronto,VIP,jonessamantha@example.com,lisa mcknight
stephen garcia,andrew43@example.com,2022-02-10,Munich,B,andrew43@example.com,stephen garcia
francisco estrada,meganjames@example.org,2023-11-18,London,C,meganjames@example.org,francisco estrada
jeremiah baker,anne21@example.org,2020-01-19,Chicago,C,anne21@example.org,jeremiah baker
julie wilson,whitechristopher@example.com,2022-06-18,Toronto,B,whitechristopher@example.com,julie wilson
dr. kimberly henderson,dwilliams@example.net,2019-08-26,Munich,,dwilliams@example.net,dr. kimberly henderson
kayla williams,shafferjill@example.com,2020-02-13,New York,B,shafferjill@example.com,kayla williams
james wheeler,gstone@example.net,2023-01-06,Singapore,,gstone@example.net,james wheeler
harold miranda,penaapril@example.com,2021-11-02,Los Angeles,A,penaapril@example.com,harold miranda
john massey,katherinerussell@example.org,2019-07-24,Mumbai,C,katherinerussell@example.org,john massey
cynthia wallace,karen73@example.net,2021-11-01,Berlin,,karen73@example.net,cynthia wallace
alan waller,,2019-03-14,Chicago,A,,alan waller
nathaniel walter,jamietyler@example.com,2021-11-30,Chicago,,jamietyler@example.com,nathaniel walter
anthony knapp,rfleming@example.net,2023-05-20,London,VIP,rfleming@example.net,anthony knapp
michael hoffman,jonesnicole@example.org,2020-05-19,Paris,A,jonesnicole@example.org,michael hoffman
ashlee jackson,rebecca05@example.org,2020-04-23,Sydney,A,rebecca05@example.org,ashlee jackson
zachary morrison,john76@example.com,2024-02-11,New York,B,john76@example.com,zachary morrison
laurie mason,nicholas72@example.net,2019-09-03,Vancouver,VIP,nicholas72@example.net,laurie mason
ronald johns,elucas@example.net,2022-05-18,Chicago,C,elucas@example.net,ronald johns
james wallace,jamielopez@example.com,2023-03-14,Vancouver,VIP,jamielopez@example.com,james wallace
kyle blake,maryjohnson@example.com,2022-04-09,Berlin,VIP,maryjohnson@example.com,kyle blake
jordan bullock,michael23@example.org,2019-08-26,Berlin,B,michael23@example.org,jordan bullock
kimberly villanueva,,2023-06-26,Los Angeles,C,,kimberly villanueva
jason hayes,powellkara@example.net,2020-10-15,Paris,C,powellkara@example.net,jason hayes
anthony shah,westes@example.org,2020-10-03,Chicago,B,westes@example.org,anthony shah
eric morgan,kimberly18@example.net,2020-09-10,Melbourne,C,kimberly18@example.net,eric morgan
sarah lewis,harnold@example.org,2022-08-05,Manchester,VIP,harnold@example.org,sarah lewis
jaime edwards,lstokes@example.com,2022-04-18,London,B,lstokes@example.com,jaime edwards
vanessa smith dvm,amber09@example.org,2021-04-02,Melbourne,,amber09@example.org,vanessa smith dvm
blake wu,sanchezcrystal@example.net,2022-04-04,Manchester,B,sanchezcrystal@example.net,blake wu
rhonda gutierrez,angelarandall@example.net,2021-09-19,New York,C,angelarandall@example.net,rhonda gutierrez
donald schultz,oscar98@example.com,2019-07-05,Melbourne,C,oscar98@example.com,donald schultz
melissa elliott,chavezlauren@example.com,2021-05-21,Berlin,C,chavezlauren@example.com,melissa elliott
gail wilson,davidwalker@example.com,2023-07-02,Vancouver,C,davidwalker@example.com,gail wilson
ashley brown,mistywilkins@example.org,2022-09-18,Bangkok,A,mistywilkins@example.org,ashley brown
michael griffin,susanfleming@example.com,2021-02-04,Los Angeles,VIP,susanfleming@example.com,michael griffin
brittany barnett,hmitchell@example.org,2023-10-20,Berlin,VIP,hmitchell@example.org,brittany barnett
susan smith,sanchezangela@example.org,2020-03-05,Vancouver,B,sanchezangela@example.org,susan smith
todd rosales md,lisarivera@example.net,2023-06-29,Vancouver,A,lisarivera@example.net,todd rosales md
brenda gray,danielblack@example.org,2024-06-04,New York,,danielblack@example.org,brenda gray
samuel phillips,andrea23@example.org,2023-10-14,Chicago,,andrea23@example.org,samuel phillips
courtney arias,amberfriedman@example.com,2021-02-04,London,A,amberfriedman@example.com,courtney arias
andrew ford,rwheeler@example.org,2023-10-30,Berlin,A,rwheeler@example.org,andrew ford
william jones,jillwilson@example.org,2020-10-13,Paris,B,jillwilson@example.org,william jones
christine arroyo,dcortez@example.com,2024-03-19,Melbourne,,dcortez@example.com,christine arroyo
willie edwards,marygarcia@example.com,2022-10-12,Melbourne,C,marygarcia@example.com,willie edwards
craig morrison,thompsonkendra@example.com,2024-04-28,Sydney,B,thompsonkendra@example.com,craig morrison
thomas barton,taylorrachel@example.com,2019-06-29,Los Angeles,VIP,taylorrachel@example.com,thomas barton
edward brown,qmosley@example.net,2021-11-03,Vancouver,,qmosley@example.net,edward brown
jeffery collins,courtney01@example.org,2022-11-14,Vancouver,VIP,courtney01@example.org,jeffery collins
mary wright,cathyjames@example.com,2021-08-12,Singapore,B,cathyjames@example.com,mary wright
jacqueline christian,kwells@example.org,2022-04-11,Melbourne,C,kwells@example.org,jacqueline christian
james ellis,barrettjoshua@example.net,2021-01-22,Sydney,B,barrettjoshua@example.net,james ellis
kayla jones,ychristensen@example.net,2021-01-01,Vancouver,,ychristensen@example.net,kayla jones
brandy quinn,wford@example.com,2019-07-06,Vancouver,C,wford@example.com,brandy quinn
rodney baker,qcharles@example.org,2022-09-12,Berlin,A,qcharles@example.org,rodney baker
alexandra brown,rodriguezelizabeth@example.net,2022-07-17,Toronto,,rodriguezelizabeth@example.net,alexandra brown
john roberts,haleytrevor@example.net,2022-10-02,Sydney,,haleytrevor@example.net,john roberts
ashley lee,ijackson@example.com,2019-06-20,London,C,ijackson@example.com,ashley lee
jessica scott,jordan72@example.org,2021-09-22,Bangkok,B,jordan72@example.org,jessica scott
timothy patterson,stonecody@example.net,2019-10-15,Chicago,A,stonecody@example.net,timothy patterson
john wilson,chunglaura@example.net,2021-08-19,Paris,C,chunglaura@example.net,john wilson
michael jones,jason57@example.com,2021-03-05,Paris,,jason57@example.com,michael jones
patrick norris,jeremylove@example.org,2022-10-13,Melbourne,C,jeremylove@example.org,patrick norris
kyle gross,lopezrebecca@example.net,2020-11-28,Berlin,A,lopezrebecca@example.net,kyle gross
kim jensen,kingjoseph@example.com,2020-04-21,Singapore,,kingjoseph@example.com,kim jensen
renee mcdaniel,michaeljones@example.net,2019-11-27,Vancouver,C,michaeljones@example.net,renee mcdaniel
daniel martin,melissa01@example.org,2022-10-06,Manchester,B,melissa01@example.org,daniel martin
william mueller,gnichols@example.net,2022-05-01,Chicago,,gnichols@example.net,william mueller
katelyn kim,christophermay@example.com,2021-10-06,Mumbai,,christophermay@example.com,katelyn kim
courtney sharp,daniel79@example.net,2021-11-05,Chicago,A,daniel79@example.net,courtney sharp
jennifer ayers,williamadams@example.net,2023-12-16,New York,C,williamadams@example.net,jennifer ayers
eileen gutierrez,andersonmeghan@example.net,2024-03-30,New York,B,andersonmeghan@example.net,eileen gutierrez
jesse edwards,wallaceeric@example.com,2021-11-03,Manchester,A,wallaceeric@example.com,jesse edwards
alexander freeman,lewiskimberly@example.org,2021-11-23,London,C,lewiskimberly@example.org,alexander freeman
daniel anderson,cbrown@example.org,2021-09-01,Los Angeles,VIP,cbrown@example.org,daniel anderson
richard king,joshua40@example.net,2019-11-03,Melbourne,A,joshua40@example.net,richard king
vincent brown,eric33@example.net,2022-05-18,Manchester,VIP,eric33@example.net,vincent brown
kelly rivas,dsmith@example.com,2022-06-20,Bangkok,B,dsmith@example.com,kelly rivas
richard goodman,ballvanessa@example.com,2022-09-17,,A,ballvanessa@example.com,richard goodman
taylor stein,dhall@example.net,2023-11-01,Munich,VIP,dhall@example.net,taylor stein
tammy allison,richardolson@example.com,2020-05-02,Munich,C,richardolson@example.com,tammy allison
john lopez,gonzaleschristina@example.net,2021-01-08,London,VIP,gonzaleschristina@example.net,john lopez
scott fuller,jeromeanderson@example.org,2024-01-23,Chicago,A,jeromeanderson@example.org,scott fuller
john williams,durhamwilliam@example.org,2023-05-23,Munich,C,durhamwilliam@example.org,john williams
amanda davis,milleralan@example.org,2023-03-16,Mumbai,,milleralan@example.org,amanda davis
beth henderson,oharris@example.org,2019-08-22,Paris,A,oharris@example.org,beth henderson
diane manning,nicholasmedina@example.com,2020-12-14,Vancouver,A,nicholasmedina@example.com,diane manning
timothy white,hilljamie@example.net,2019-01-14,Los Angeles,B,hilljamie@example.net,timothy white
jennifer reed,kellyroberts@example.net,2020-06-03,London,VIP,kellyroberts@example.net,jennifer reed
lee daniel,santosmichael@example.com,2020-09-25,Bangkok,B,santosmichael@example.com,lee daniel
victoria contreras,piercekelly@example.com,2022-04-26,Vancouver,A,piercekelly@example.com,victoria contreras
jeffrey garza,bentongeorge@example.net,2020-05-03,Vancouver,VIP,bentongeorge@example.net,jeffrey garza
bradley reynolds,lisa80@example.net,2024-02-13,Berlin,B,lisa80@example.net,bradley reynolds
sheryl acosta,timothyfreeman@example.com,2023-05-02,Berlin,VIP,timothyfreeman@example.com,sheryl acosta
mrs. donna rice,zbyrd@example.net,2023-02-16,Melbourne,C,zbyrd@example.net,mrs. donna rice
angelica long,alexis58@example.com,2023-07-24,Manchester,B,alexis58@example.com,angelica long
tina williams,alyssa18@example.org,2020-02-12,Chicago,A,alyssa18@example.org,tina williams
destiny daniel,qjones@example.com,2023-04-14,Berlin,C,qjones@example.com,destiny daniel
teresa coffey dds,smithwilliam@example.com,2021-07-17,London,B,smithwilliam@example.com,teresa coffey dds
anne castillo,watkinsconnie@example.com,2021-02-23,Los Angeles,B,watkinsconnie@example.com,anne castillo
curtis watson,mcclainkatherine@example.net,2021-05-11,Paris,B,mcclainkatherine@example.net,curtis watson
matthew gray,uthompson@example.net,2022-10-24,Berlin,A,uthompson@example.net,matthew gray
jacob johnson,hullrobert@example.com,2021-11-05,London,,hullrobert@example.com,jacob johnson
lynn ross md,edwardshah@example.org,2022-12-01,Toronto,,edwardshah@example.org,lynn ross md
bryan miller,gmay@example.org,2022-05-13,Toronto,VIP,gmay@example.org,bryan miller
richard neal,olsenshane@example.org,2021-11-06,Melbourne,B,olsenshane@example.org,richard neal
margaret sullivan,frobertson@example.com,2022-05-19,Berlin,VIP,frobertson@example.com,margaret sullivan
sherry porter,jorgegonzalez@example.com,2022-01-22,London,,jorgegonzalez@example.com,sherry porter
traci craig,gregoryrichardson@example.org,2023-03-30,Los Angeles,,gregoryrichardson@example.org,traci craig
richard johnson,jessica14@example.com,2024-04-19,Sydney,A,jessica14@example.com,richard johnson
tanya goodwin,transtephanie@example.net,2020-02-10,Chicago,C,transtephanie@example.net,tanya goodwin
krystal levine,april91@example.com,2019-01-20,Bangkok,C,april91@example.com,krystal levine
karen williams,cohenjuan@example.net,2023-01-16,Sydney,,cohenjuan@example.net,karen williams
austin rowland,jacqueline31@example.net,2020-10-02,Singapore,C,jacqueline31@example.net,austin rowland
jessica watts,patelgabrielle@example.com,2022-08-09,Singapore,B,patelgabrielle@example.com,jessica watts
jason salinas,vickiwood@example.org,2019-10-03,Berlin,VIP,vickiwood@example.org,jason salinas
donna moore,munozglenn@example.org,2021-09-22,Vancouver,B,munozglenn@example.org,donna moore
adam rivas,andersonkayla@example.com,2022-03-22,Bangkok,C,andersonkayla@example.com,adam rivas
aaron lee,beardlindsey@example.net,2022-01-15,Paris,A,beardlindsey@example.net,aaron lee
sarah ward,,2021-01-15,Berlin,VIP,,sarah ward
patricia bradley,carriemccall@example.net,2020-12-14,Chicago,,carriemccall@example.net,patricia bradley
erin ramirez,meyertiffany@example.net,2022-10-20,Berlin,B,meyertiffany@example.net,erin ramirez
william white,wilsonzachary@example.com,2019-12-12,Mumbai,C,wilsonzachary@example.com,william white
lori mason,zhenderson@example.org,2022-01-24,Melbourne,C,zhenderson@example.org,lori mason
benjamin rodriguez,david16@example.org,2023-01-14,Melbourne,B,david16@example.org,benjamin rodriguez
amanda mcfarland,alexis39@example.org,2022-03-18,New York,A,alexis39@example.org,amanda mcfarland
william moreno,terrigarcia@example.net,2022-10-28,Chicago,A,terrigarcia@example.net,william moreno
sheryl thompson,lisawallace@example.net,2020-02-01,Los Angeles,VIP,lisawallace@example.net,sheryl thompson
christina myers,meyerskathryn@example.com,2024-04-01,Chicago,,meyerskathryn@example.com,christina myers
barbara sherman,shepardjoy@example.com,2019-08-23,Manchester,B,shepardjoy@example.com,barbara sherman
tracie costa,kristi19@example.org,2023-05-20,,,kristi19@example.org,tracie costa
billy wallace,youngmark@example.com,2023-03-19,Melbourne,,youngmark@example.com,billy wallace
douglas lucero,watsonteresa@example.net,2022-12-05,Manchester,B,watsonteresa@example.net,douglas lucero
mary jones,reginajenkins@example.net,2019-06-09,Los Angeles,A,reginajenkins@example.net,mary jones
diana haley,hphillips@example.com,2020-06-02,Munich,A,hphillips@example.com,diana haley
john johnson,nicholas65@example.net,2020-01-14,New York,B,nicholas65@example.net,john johnson
leslie nguyen,julievillanueva@example.org,2020-05-28,Chicago,VIP,julievillanueva@example.org,leslie nguyen
pamela hernandez dvm,jbrown@example.org,2022-03-07,Manchester,,jbrown@example.org,pamela hernandez dvm
matthew sanchez,david67@example.net,2022-08-26,New York,B,david67@example.net,matthew sanchez
katie rivers,dominguezscott@example.com,2022-08-02,Berlin,A,dominguezscott@example.com,katie rivers
daniel benson,bmueller@example.net,2021-07-20,Toronto,A,bmueller@example.net,daniel benson
jordan powell,greenrichard@example.org,2020-06-13,Melbourne,C,greenrichard@example.org,jordan powell
justin lee,montgomerymichelle@example.net,2023-05-24,Paris,VIP,montgomerymichelle@example.net,justin lee
jessica jackson,oblake@example.net,2022-03-26,Toronto,VIP,oblake@example.net,jessica jackson
william wood,,2024-01-09,Los Angeles,,,william wood
lisa flynn,lee16@example.com,2020-04-03,Mumbai,C,lee16@example.com,lisa flynn
grant lucas,todd88@example.com,2020-05-26,Paris,A,todd88@example.com,grant lucas
stephanie bishop,isabellagriffin@example.org,2019-07-31,Vancouver,VIP,isabellagriffin@example.org,stephanie bishop
sherry wang,rmccormick@example.org,2021-11-02,Berlin,C,rmccormick@example.org,sherry wang
christina gomez,jacob32@example.net,2021-04-28,Berlin,B,jacob32@example.net,christina gomez
karina boone,phines@example.org,2021-08-21,Bangkok,C,phines@example.org,karina boone
dr. diana chen,yoconnell@example.com,2022-12-19,Chicago,VIP,yoconnell@example.com,dr. diana chen
bethany holmes,wilsonjerry@example.net,2019-01-13,Sydney,,wilsonjerry@example.net,bethany holmes
jeremy barnes,avaughn@example.net,2021-05-16,Munich,VIP,avaughn@example.net,jeremy barnes
victoria garcia,zchandler@example.org,2022-08-23,Sydney,A,zchandler@example.org,victoria garcia
brent hopkins,conleydavid@example.org,2024-02-19,Paris,B,conleydavid@example.org,brent hopkins
joseph graves,jeffreysimmons@example.org,2020-11-14,New York,VIP,jeffreysimmons@example.org,joseph graves
erik bartlett dvm,haileybates@example.org,2021-10-19,Chicago,A,haileybates@example.org,erik bartlett dvm
bradley anthony,kristen77@example.net,2022-05-06,Manchester,,kristen77@example.net,bradley anthony
alec dixon,cruzeddie@example.com,2021-03-19,Paris,A,cruzeddie@example.com,alec dixon
richard lyons,brooke22@example.net,2024-02-26,Vancouver,B,brooke22@example.net,richard lyons
alexander greene,stanleynina@example.com,2021-09-24,Melbourne,,stanleynina@example.com,alexander greene
joshua smith,davidsellers@example.com,2020-06-22,Sydney,A,davidsellers@example.com,joshua smith
jennifer barnes,danamontgomery@example.org,2024-03-02,Sydney,A,danamontgomery@example.org,jennifer barnes
emily douglas,tanderson@example.org,2020-06-27,Chicago,C,tanderson@example.org,emily douglas
deborah mason,williamrodriguez@example.net,2019-07-06,Berlin,,williamrodriguez@example.net,deborah mason
mary gomez,chensley@example.com,2023-07-06,Mumbai,C,chensley@example.com,mary gomez
karen tapia,raymond27@example.com,2022-10-14,Paris,A,raymond27@example.com,karen tapia
amy ferguson,stewartrodney@example.net,2022-01-02,Munich,B,stewartrodney@example.net,amy ferguson
andrew carroll,derek77@example.com,2023-02-11,Manchester,C,derek77@example.com,andrew carroll
norma smith,michelleperez@example.net,2019-11-12,New York,B,michelleperez@example.net,norma smith
vanessa sanchez,,2021-04-02,New York,C,,vanessa sanchez
shelby duncan,johnsonedward@example.net,2023-04-08,Los Angeles,VIP,johnsonedward@example.net,shelby duncan
zachary santiago,alexanderwong@example.org,2019-06-10,Bangkok,,alexanderwong@example.org,zachary santiago
debbie rivera,mariawilliams@example.com,2021-03-22,Singapore,,mariawilliams@example.com,debbie rivera
walter obrien,,2021-12-30,Sydney,VIP,,walter obrien
kevin marquez,nicoledavis@example.com,2021-03-23,Los Angeles,,nicoledavis@example.com,kevin marquez
anna gay,murraydavid@example.org,2020-01-30,Melbourne,A,murraydavid@example.org,anna gay
matthew smith,conwaylori@example.org,2023-06-26,Singapore,VIP,conwaylori@example.org,matthew smith
mrs. ashley mendoza,karenhodges@example.com,2021-06-26,Paris,C,karenhodges@example.com,mrs. ashley mendoza
leah jacobs,debraclark@example.com,2024-04-06,Paris,A,debraclark@example.com,leah jacobs
mr. james barnett,petersonkyle@example.org,2020-07-31,Toronto,C,petersonkyle@example.org,mr. james barnett
michelle sanders,evansanne@example.net,2020-02-22,Melbourne,VIP,evansanne@example.net,michelle sanders
shannon malone,sullivannicholas@example.com,2021-01-24,New York,C,sullivannicholas@example.com,shannon malone
james wood,carpenterjorge@example.net,2019-12-16,Mumbai,C,carpenterjorge@example.net,james wood
ana higgins,stacey09@example.com,2021-10-11,Vancouver,B,stacey09@example.com,ana higgins
kevin estrada,sloanbenjamin@example.net,2019-03-22,Singapore,B,sloanbenjamin@example.net,kevin estrada
phillip nelson,mariahdavis@example.org,2019-07-10,Los Angeles,C,mariahdavis@example.org,phillip nelson
brittany snyder,rachelwalter@example.org,2023-01-09,Bangkok,,rachelwalter@example.org,brittany snyder
jennifer moore,christyscott@example.com,2021-02-04,Berlin,B,christyscott@example.com,jennifer moore
lauren daniels,brian97@example.net,2022-10-11,New York,,brian97@example.net,lauren daniels
jonathan pham,cynthia74@example.org,2019-10-07,London,B,cynthia74@example.org,jonathan pham
melinda evans,barkereric@example.com,2023-08-25,Melbourne,C,barkereric@example.com,melinda evans
james martinez,,2023-12-29,New York,,,james martinez
cynthia kennedy,marcuscarter@example.org,2020-12-16,Bangkok,VIP,marcuscarter@example.org,cynthia kennedy
ernest bernard,lambertdevin@example.com,2022-01-11,London,A,lambertdevin@example.com,ernest bernard
jeffrey henry,christina93@example.net,2022-08-29,Chicago,C,christina93@example.net,jeffrey henry
matthew briggs,proman@example.com,2021-01-11,London,,proman@example.com,matthew briggs
renee bruce,lynchdiane@example.net,2020-08-28,Paris,C,lynchdiane@example.net,renee bruce
michael anderson,halljohn@example.org,2021-05-04,Singapore,VIP,halljohn@example.org,michael anderson
kyle flores,crystal58@example.net,2023-07-27,Berlin,C,crystal58@example.net,kyle flores
michael powers,qkim@example.net,2020-10-02,Melbourne,,qkim@example.net,michael powers
alexandra green,kennethjohnson@example.net,2023-11-20,Chicago,A,kennethjohnson@example.net,alexandra green
amanda miller,brianrowe@example.org,2020-06-05,Mumbai,B,brianrowe@example.org,amanda miller
carrie maxwell,epollard@example.net,2022-05-28,Berlin,,epollard@example.net,carrie maxwell
james burgess,kristina53@example.net,2023-01-17,Vancouver,A,kristina53@example.net,james burgess
krista barber,michael43@example.net,2023-09-18,Chicago,VIP,michael43@example.net,krista barber
miss kimberly holloway,susanharper@example.org,2020-07-20,Los Angeles,A,susanharper@example.org,miss kimberly holloway
valerie sanders,jennifererickson@example.net,2021-08-21,Berlin,,jennifererickson@example.net,valerie sanders
david garcia,jennifer12@example.org,2022-07-17,Berlin,,jennifer12@example.org,david garcia
krystal moore,grantstacy@example.org,2020-01-12,Chicago,VIP,grantstacy@example.org,krystal moore
ashley brown,mistywilkins@example.org,2022-08-27,Bangkok,,mistywilkins@example.org,ashley brown
tracy jackson,anthony13@example.org,2021-05-04,Toronto,,anthony13@example.org,tracy jackson
jeffery adams,kwatkins@example.net,2020-01-31,Toronto,C,kwatkins@example.net,jeffery adams
james fowler,rebecca18@example.org,2023-03-20,Singapore,,rebecca18@example.org,james fowler
phillip anderson,clewis@example.com,2020-08-12,Paris,A,clewis@example.com,phillip anderson
michael montgomery,jessica89@example.net,2021-03-22,Manchester,,jessica89@example.net,michael montgomery
mary johnson,sharon95@example.com,2023-09-06,Chicago,B,sharon95@example.com,mary johnson
michael burke,zjackson@example.org,2020-03-19,Toronto,A,zjackson@example.org,michael burke
richard weiss,kimberly66@example.net,2019-03-12,Mumbai,C,kimberly66@example.net,richard weiss
lisa cohen,martintamara@example.org,2023-09-16,Mumbai,VIP,martintamara@example.org,lisa cohen
heather diaz,kmoore@example.org,2019-07-27,Los Angeles,A,kmoore@example.org,heather diaz
susan price,wilsontina@example.com,2022-01-09,London,A,wilsontina@example.com,susan price
anthony cabrera,jeffrey42@example.com,2021-11-02,Singapore,B,jeffrey42@example.com,anthony cabrera
stacey hunt,jennifer83@example.org,2021-02-22,New York,VIP,jennifer83@example.org,stacey hunt
mercedes garcia,,2021-07-26,Chicago,B,,mercedes garcia
john bell,ssingleton@example.com,2023-05-16,Vancouver,C,ssingleton@example.com,john bell
deborah meyer,olivia29@example.net,2021-11-19,Berlin,VIP,olivia29@example.net,deborah meyer
brett walker,seanmyers@example.net,2020-01-31,Singapore,C,seanmyers@example.net,brett walker
brittany peterson,hoconnor@example.com,2022-11-09,Toronto,B,hoconnor@example.com,brittany peterson
gerald mcdonald jr.,hthomas@example.com,2023-08-02,Manchester,,hthomas@example.com,gerald mcdonald jr.
jackie clements,brandi17@example.net,2019-10-21,Bangkok,C,brandi17@example.net,jackie clements
savannah townsend,jessica39@example.net,2021-07-31,,C,jessica39@example.net,savannah townsend
jennifer barrett,joyce21@example.org,2022-05-12,,,joyce21@example.org,jennifer barrett
dylan mills,watsonvickie@example.com,2019-10-17,Melbourne,,watsonvickie@example.com,dylan mills
jeanette butler,laura29@example.org,2024-04-26,Melbourne,VIP,laura29@example.org,jeanette butler
william smith,qnelson@example.net,2020-02-12,Manchester,A,qnelson@example.net,william smith
test account,test@test.com,1900-01-01,,,test@test.com,test account
brooke lewis,charleshayes@example.com,2022-08-28,Mumbai,C,charleshayes@example.com,brooke lewis
charles blair,dananelson@example.com,2021-08-16,Berlin,VIP,dananelson@example.com,charles blair
mary jones,reginajenkins@example.net,2019-06-18,Los Angeles,,reginajenkins@example.net,mary jones
judy gregory,joycehall@example.org,2019-02-15,Munich,C,joycehall@example.org,judy gregory
cody jones,juanfranklin@example.net,2023-06-11,Mumbai,B,juanfranklin@example.net,cody jones
stacey stewart,zachary87@example.com,2020-03-27,New York,A,zachary87@example.com,stacey stewart
stephanie evans,zacharyallen@example.org,2019-07-06,Sydney,VIP,zacharyallen@example.org,stephanie evans
daniel ferrell,erikamiller@example.org,2022-05-10,Sydney,C,erikamiller@example.org,daniel ferrell
michelle miller,,2024-04-12,Toronto,B,,michelle miller
chloe freeman,,2020-02-04,Bangkok,C,,chloe freeman
mason moore,kchristian@example.org,2022-12-28,Chicago,B,kchristian@example.org,mason moore
heather bolton,danielle01@example.net,2023-08-31,Berlin,VIP,danielle01@example.net,heather bolton
michael santos,bliu@example.com,2019-02-23,New York,A,bliu@example.com,michael santos
ashley jones,calvin93@example.org,2024-03-18,Paris,B,calvin93@example.org,ashley jones
megan dillon,chelsea33@example.com,2022-06-13,New York,C,chelsea33@example.com,megan dillon
martha arnold,melissamartin@example.com,2019-02-05,Mumbai,,melissamartin@example.com,martha arnold
pamela williams,ksmith@example.com,2019-11-02,Manchester,B,ksmith@example.com,pamela williams
kenneth larsen,briansmith@example.org,2022-12-16,Sydney,A,briansmith@example.org,kenneth larsen
corey weeks,alexgarcia@example.net,2023-06-04,Chicago,C,alexgarcia@example.net,corey weeks
mark lynch,nathanielmartin@example.net,2022-05-06,Manchester,C,nathanielmartin@example.net,mark lynch
ana higgins,stacey09@example.com,2021-10-20,Vancouver,C,stacey09@example.com,ana higgins
sarah taylor,asmith@example.org,2024-03-06,Bangkok,VIP,asmith@example.org,sarah taylor
karen green,zwhite@example.net,2020-07-22,Bangkok,A,zwhite@example.net,karen green
luis powell,johnsonjessica@example.org,2024-06-14,Bangkok,,johnsonjessica@example.org,luis powell
eric fowler,charlesyoung@example.net,2019-07-15,London,A,charlesyoung@example.net,eric fowler
sarah rivera,xmoran@example.net,2019-09-05,Manchester,,xmoran@example.net,sarah rivera
bradley tran,kimberly04@example.org,2021-08-19,Melbourne,VIP,kimberly04@example.org,bradley tran
jorge morales,kentmichael@example.com,2021-08-03,Bangkok,C,kentmichael@example.com,jorge morales
arthur pena,busherica@example.net,2024-03-24,New York,VIP,busherica@example.net,arthur pena
leslie moody,gcastro@example.org,2020-02-13,Chicago,A,gcastro@example.org,leslie moody
deanna griffith,kwoods@example.com,2023-08-22,Manchester,B,kwoods@example.com,deanna griffith
rachael jones,watsonbrittany@example.org,2023-04-21,London,VIP,watsonbrittany@example.org,rachael jones
rebecca kelly,gregorywatkins@example.net,2022-10-10,Manchester,A,gregorywatkins@example.net,rebecca kelly
miguel parks,tinasantos@example.org,2023-12-15,Berlin,VIP,tinasantos@example.org,miguel parks
bridget hernandez,ygriffith@example.com,2023-03-30,New York,A,ygriffith@example.com,bridget hernandez
jennifer williamson,mhall@example.net,2021-08-20,Los Angeles,VIP,mhall@example.net,jennifer williamson
felicia williams,johnmunoz@example.com,2024-06-13,Munich,,johnmunoz@example.com,felicia williams
james hendricks,ebennett@example.net,2021-10-20,Paris,C,ebennett@example.net,james hendricks
matthew le,megan90@example.org,2023-11-24,Paris,,megan90@example.org,matthew le
lisa craig,john02@example.org,2022-12-21,Paris,A,john02@example.org,lisa craig
rebecca martin,williamsleslie@example.org,2023-12-07,London,,williamsleslie@example.org,rebecca martin
david robertson,nicoleburton@example.net,2021-04-27,Munich,A,nicoleburton@example.net,david robertson
martin hughes,nicole52@example.com,2024-02-26,Melbourne,B,nicole52@example.com,martin hughes
juan smith,james73@example.net,2024-02-22,Singapore,,james73@example.net,juan smith
kelli shepard,qbutler@example.net,2023-12-11,Singapore,A,qbutler@example.net,kelli shepard
tammy cameron,ganderson@example.org,2022-09-09,Mumbai,VIP,ganderson@example.org,tammy cameron
mary lee,jimwilliams@example.org,2019-04-15,Singapore,A,jimwilliams@example.org,mary lee
christopher park,sandra50@example.org,2023-11-07,Paris,B,sandra50@example.org,christopher park
victoria massey,oheath@example.com,2019-01-01,Sydney,B,oheath@example.com,victoria massey
cindy hayes,robertwilcox@example.com,2021-02-06,London,C,robertwilcox@example.com,cindy hayes
laura meza,xreese@example.net,2022-10-12,Manchester,VIP,xreese@example.net,laura meza
michelle barrera,jamie46@example.net,2019-02-24,Munich,,jamie46@example.net,michelle barrera
teresa rowland,ejohns@example.org,2022-09-27,Paris,VIP,ejohns@example.org,teresa rowland
dr. dustin sutton jr.,lopezchristopher@example.net,2020-02-07,Melbourne,B,lopezchristopher@example.net,dr. dustin sutton jr.
todd david,shatfield@example.org,2023-01-23,Mumbai,C,shatfield@example.org,todd david
dorothy brown,marystone@example.com,2019-07-13,Chicago,VIP,marystone@example.com,dorothy brown
tonya ellis,bmosley@example.com,2023-11-10,New York,,bmosley@example.com,tonya ellis
jose rogers,amcdonald@example.com,2023-01-30,Singapore,B,amcdonald@example.com,jose rogers
jenna jensen,zpoole@example.net,2022-07-06,Los Angeles,C,zpoole@example.net,jenna jensen
adrian ferguson,brandon08@example.com,2021-07-20,Toronto,C,brandon08@example.com,adrian ferguson
steven nguyen,jacqueline39@example.net,2022-11-02,Mumbai,,jacqueline39@example.net,steven nguyen
reginald williams,zthornton@example.com,2021-03-31,Los Angeles,VIP,zthornton@example.com,reginald williams
shannon wallace,shelly84@example.net,2020-06-19,Chicago,A,shelly84@example.net,shannon wallace
marcus powell,ann31@example.net,2022-11-04,,,ann31@example.net,marcus powell
brett atkins,julie01@example.net,2023-10-26,,A,julie01@example.net,brett atkins
brenda alexander,bradley03@example.org,2024-06-25,London,A,bradley03@example.org,brenda alexander
casey anderson,alyssa42@example.com,2020-10-24,Vancouver,A,alyssa42@example.com,casey anderson
derrick king,martinezashley@example.com,2020-04-25,Paris,C,martinezashley@example.com,derrick king
heather atkinson,kenneththomas@example.net,2021-03-19,Singapore,,kenneththomas@example.net,heather atkinson
kevin hall,christopher69@example.org,2023-03-27,London,,christopher69@example.org,kevin hall
stephanie walls,abrown@example.net,2020-05-24,Mumbai,A,abrown@example.net,stephanie walls
tammy boone,nicholsmaria@example.org,2019-05-30,Berlin,B,nicholsmaria@example.org,tammy boone
julian ponce,kentprice@example.org,2020-05-28,Manchester,B,kentprice@example.org,julian ponce
julie taylor,aaron48@example.net,2020-12-22,Munich,A,aaron48@example.net,julie taylor
megan green,anthonysullivan@example.com,2022-02-09,London,,anthonysullivan@example.com,megan green
greg hull,jessechapman@example.org,2022-04-19,Sydney,C,jessechapman@example.org,greg hull
ashley roach,lisa89@example.net,2019-10-31,Vancouver,,lisa89@example.net,ashley roach
elizabeth lee,mollywalter@example.net,2022-09-22,Munich,B,mollywalter@example.net,elizabeth lee
shane kennedy,fuentesashley@example.com,2020-09-05,Munich,B,fuentesashley@example.com,shane kennedy
james brown,deborah34@example.org,2021-07-08,Sydney,B,deborah34@example.org,james brown
scott porter,,2023-12-16,Sydney,B,,scott porter
julie decker,nunezmatthew@example.com,2021-03-09,Mumbai,VIP,nunezmatthew@example.com,julie decker
jacob obrien,,2022-11-09,Sydney,VIP,,jacob obrien
david lane,alexanderwise@example.net,2022-09-28,Singapore,C,alexanderwise@example.net,david lane
roy fowler,lshannon@example.net,2020-07-18,Melbourne,,lshannon@example.net,roy fowler
natalie patrick,,2019-11-21,Munich,C,,natalie patrick
jaime fischer,crystal32@example.net,2024-01-10,Chicago,A,crystal32@example.net,jaime fischer
charlotte mason,tcastro@example.org,2023-01-15,Sydney,VIP,tcastro@example.org,charlotte mason
david davidson,angela18@example.org,2020-06-06,Sydney,B,angela18@example.org,david davidson
priscilla joseph,,2020-03-25,,,,priscilla joseph
taylor mullins,anthonydavis@example.net,2020-05-14,Toronto,B,anthonydavis@example.net,taylor mullins
michelle smith,brownreginald@example.net,2022-08-11,Sydney,C,brownreginald@example.net,michelle smith
sherry wood,samueldaniels@example.com,2021-07-20,Singapore,C,samueldaniels@example.com,sherry wood
nathan sparks,daniellecoleman@example.org,2019-09-21,Paris,A,daniellecoleman@example.org,nathan sparks
